resourceId,name,area,description,resourceCategoryId,resourceModel,feeScheduleId,order,maxStay,minCapacity,maxCapacity,zoneCapacity,allowedEquipment,availability,campground,equipmentBucket,mapIds,Adjacent To,Alcohol Permitted,Barrier Free,Charcoal Barbeque,Conditions,Cooking Facilities,Dogs Allowed,Double Site,Electrical Service,Fee Type,Fire Pit Available,Fire Pit Location,Ground Cover,Obstructions,Off-Site Vehicle Parking,On-Site Vehicle Parking,Outlet Distance (m),Pad Slope,Park-Private,Privacy,Pull-through,Quality,Restrictions,Roofed Barrier Free,Rooms,Service Type,Shower Type,Site Length (m),Site Shade,Site Width (m),Sleeping Configuration,Toilet,Water Tap,photo1,photo2,photo3,photo4,photo5,photo6
-2147481592,E1,,,-2147483648,0,-32763,10,,1,6,,1,Available,E sites · electric (6),Tent only,-2147483606,,,No,,,,,No,,Regular Rate,,Middle Right,"Grass, Soil",,2,0,,,,Good,,Good,"Walk In, Radio Free",,,Non-Electric,,17.0,Full Shade,12.0,,,,https://reservations.ontarioparks.ca/images/ffbf49f0-f68b-4b67-afe6-de06dd6dd9ce.jpg,https://reservations.ontarioparks.ca/images/ffbfc28c-0e39-4606-91af-fe0145792d2d.jpg,https://reservations.ontarioparks.ca/images/ff44f08e-c1b3-48e9-9dd3-3d11fd1b30fe.jpg,,,
-2147481679,E2,,,-2147483648,0,-32763,20,,1,6,,1,Available,E sites · electric (6),Trailer / motorhome,-2147483606,,,No,,,,,No,,Regular Rate,,Back Left,"Grass, Soil",,2,0,,,,Good,,Good,"Walk In, Radio Free",,,Non-Electric,,20.0,Full Shade,11.0,,,,https://reservations.ontarioparks.ca/images/83bc6c7a-7759-43a6-b7a6-e11e9ef6ce70.jpg,https://reservations.ontarioparks.ca/images/d45ed287-2b3f-46cf-bb1f-38c163473671.jpg,https://reservations.ontarioparks.ca/images/8f830beb-3cd5-4c6c-a031-da9281b6cc16.jpg,,,
-2147481843,E3,,,-2147483648,0,-32763,30,,1,6,,1,Available,E sites · electric (6),Tent only,-2147483606,,,No,,,,,No,,Regular Rate,,Back Centre,"Grass, Soil",,2,0,,,,Good,,Good,"Walk In, Radio Free",,,Non-Electric,,13.0,Full Shade,11.0,,,,https://reservations.ontarioparks.ca/images/110e7669-6270-463f-bebe-ad678bada06c.jpg,https://reservations.ontarioparks.ca/images/2a7b196f-959f-4a2f-a028-99ec0de52f71.jpg,https://reservations.ontarioparks.ca/images/22869e52-982d-4c33-92af-96b35a76d463.jpg,,,
-2147481665,E4,,,-2147483648,0,-32763,40,,1,6,,1,Available,E sites · electric (6),Tent only,-2147483606,,,No,,,,,No,,Regular Rate,,Back Left,"Grass, Soil",,2,0,,,,Good,,Good,"Walk In, Radio Free",,,Non-Electric,,14.0,Full Shade,10.0,,,,https://reservations.ontarioparks.ca/images/3a6c206f-b08e-43cd-b960-e4e9feb7863b.jpg,https://reservations.ontarioparks.ca/images/be6807a4-aa31-41a5-b1f6-ea4aa10ca33d.jpg,https://reservations.ontarioparks.ca/images/69cb4cc6-e0b4-4942-a913-bdc69aed318b.jpg,,,
-2147482024,E5,,,-2147483648,0,-32763,50,,1,6,,1,Available,E sites · electric (6),Tent only,-2147483606,,,No,,,,,No,,Regular Rate,,Back Centre,"Grass, Soil",,2,0,,,,Good,,Good,"Walk In, Radio Free",,,Non-Electric,,17.0,Full Shade,14.0,,,,https://reservations.ontarioparks.ca/images/fb6aadae-2c3b-4c65-b190-de7d4f4d18ea.jpg,https://reservations.ontarioparks.ca/images/60d78701-57b3-467d-949c-ec227e560550.jpg,https://reservations.ontarioparks.ca/images/1f1e77e4-4c39-45ce-9418-6a89d734d18b.jpg,,,
-2147481983,E6,,,-2147483648,0,-32763,60,,1,6,,1,Available,E sites · electric (6),Tent only,-2147483606,,,No,,,,,No,,Regular Rate,,Front Left,"Grass, Soil",,2,0,,,,Good,,Good,"Walk In, Radio Free",,,Non-Electric,,11.0,Full Shade,16.0,,,,https://reservations.ontarioparks.ca/images/a888c766-bf18-46d4-90a6-8991289cefab.jpg,https://reservations.ontarioparks.ca/images/ce9c9998-02b1-4511-b5d0-a8dd375cf11f.jpg,https://reservations.ontarioparks.ca/images/311b2435-42a1-4e8d-9eaf-60180b6b2291.jpg,,,
-2147481797,100,,,-2147483648,0,-32763,6000,,1,6,,6,Available,Sites #100-128 (30),Trailer / motorhome,-2147483613,Water Tap,,No,,Above Avg. Vehicular Traffic,,,No,,Regular Rate,,Back Right,Soil,,1,2,,,,Average,No,Average,,,,Non-Electric,,22.0,Partial Shade - PM Sun,25.0,,,,https://reservations.ontarioparks.ca/images/e75fab5b-16b0-4a95-ae39-55dbac9f8283.jpg,https://reservations.ontarioparks.ca/images/07b2b2c1-50bf-400d-95fb-dec0ff72149a.jpg,,,,
-2147481791,101,,,-2147483648,0,-32763,6010,,1,6,,4,Walk-in,Sites #100-128 (30),Small trailer / pop-up,-2147483613,Campsite (less than 100m),,No,,,,,No,,Regular Rate,,Middle Left,Grass,,1,2,,,Yes,Poor,Yes,Average,,,,Non-Electric,,16.0,No Shade/Full Sun,21.0,,,,https://reservations.ontarioparks.ca/images/dcac6113-a756-45f5-8c97-fd7ec199e744.jpg,https://reservations.ontarioparks.ca/images/57ae7eb4-6347-4c95-8b88-ba694ab2ccd5.jpg,,,,
-2147481558,102,,,-2147483648,0,-32763,6020,,1,6,,4,Available,Sites #100-128 (30),Small trailer / pop-up,-2147483613,Campsite (less than 100m),,No,,,,,No,,Regular Rate,,Back Centre,"Grass, Soil",,1,2,,,,Poor,Yes,Average,,,,Non-Electric,,16.0,No Shade/Full Sun,17.0,,,,https://reservations.ontarioparks.ca/images/865fbe7d-61e4-4d56-bf95-4b3c503ee1d3.jpg,https://reservations.ontarioparks.ca/images/d56c144f-cba4-4b58-9a76-fdaa9c65c29d.jpg,,,,
-2147481606,103,,,-2147483648,0,-32763,6030,,1,6,,4,Walk-in,Sites #100-128 (30),Small trailer / pop-up,-2147483613,Campsite (less than 100m),,No,,,,,No,,Regular Rate,,Back Right,"Grass, Soil",,1,2,,,Yes,Poor,Yes,Average,,,,Non-Electric,,15.0,Partial Shade,20.0,,,,https://reservations.ontarioparks.ca/images/7238f594-bd8b-4dbf-9e1a-ef4fd146d14e.jpg,https://reservations.ontarioparks.ca/images/e429d40e-cc33-44be-9145-f5d4b787df63.jpg,,,,
-2147481698,104,,,-2147483648,0,-32763,6040,,1,6,,4,Available,Sites #100-128 (30),Small trailer / pop-up,-2147483613,Campsite (less than 100m),,No,,,,,No,,Regular Rate,,Back Left,"Grass, Soil",,1,2,,,,Poor,Yes,Average,,,,Non-Electric,,16.0,No Shade/Full Sun,18.0,,,,https://reservations.ontarioparks.ca/images/4f68ebee-b7cf-4194-a464-71d0be2b50ed.jpg,https://reservations.ontarioparks.ca/images/d7b731f4-f5f2-445a-8b19-2c64f268d439.jpg,,,,
-2147481911,105,,,-2147483648,0,-32763,6050,,1,6,,4,Available,Sites #100-128 (30),Small trailer / pop-up,-2147483613,Campsite (less than 100m),,No,,Corner Site,,,No,,Regular Rate,,Back Right,"Grass, Soil",,1,2,,Slight,,Poor,Yes,Average,,,,Non-Electric,,16.0,Partial Shade,31.0,,,,https://reservations.ontarioparks.ca/images/e660a428-cca7-485c-bd4b-e963218601ce.jpg,,,,,
-2147481624,106,,,-2147483648,0,-32763,6060,,1,6,,6,Available,Sites #100-128 (30),Trailer / motorhome,-2147483613,Water Tap,,No,,Above Avg. Vehicular Traffic,,,No,,Regular Rate,,Back Left,Soil,,1,2,,,,Average,No,Average,,,,Non-Electric,,20.0,Partial Shade - PM Sun,15.0,,,,https://reservations.ontarioparks.ca/images/70d0a4f9-2985-488c-92a8-9a92ed362830.jpg,https://reservations.ontarioparks.ca/images/be4fade9-f6fc-4c9f-8841-ab0757b4d17f.jpg,,,,
-2147481916,107,,,-2147483648,0,-32763,6070,,1,6,,4,Available,Sites #100-128 (30),Small trailer / pop-up,-2147483613,Campsite (less than 100m),,No,,,,,No,,Regular Rate,,Middle Right,Soil,,1,2,,Slight,,Average,No,Average,,,,Non-Electric,,16.0,Partial Shade - PM Sun,15.0,,,,https://reservations.ontarioparks.ca/images/21c8552e-793c-44fa-991a-0641df140c43.jpg,https://reservations.ontarioparks.ca/images/8d2e33ff-d4f5-4701-bffd-75f01cc5d8b0.jpg,,,,
-2147481769,108,,,-2147483648,0,-32763,6080,,1,6,,4,Available,Sites #100-128 (30),Trailer / motorhome,-2147483613,Campsite (less than 100m),,No,,,,,No,,Regular Rate,,Centre,"Grass, Soil",,1,2,,,,Poor,Yes,Average,,,,Non-Electric,,18.0,No Shade/Full Sun,22.0,,,,https://reservations.ontarioparks.ca/images/57e9ec9d-f5fc-4b37-9df6-6b820e339ece.jpg,https://reservations.ontarioparks.ca/images/463ee95d-8f42-431c-b15e-ba0f6865595d.jpg,,,,
-2147482005,109,,,-2147483648,0,-32763,6090,,1,6,,4,Available,Sites #100-128 (30),Trailer / motorhome,-2147483613,Campsite (less than 100m),,No,,,,,No,,Regular Rate,,Back Right,Soil,,1,2,,,,Poor,Yes,Average,,,,Non-Electric,,18.0,Partial Shade,25.0,,,,https://reservations.ontarioparks.ca/images/952e5f22-6652-4f3e-8b5d-e4550848a7c9.jpg,,,,,
-2147481828,110,,,-2147483648,0,-32763,6100,,1,6,,2,Available,Sites #100-128 (30),Trailer / motorhome,-2147483613,Campsite (less than 100m),,No,,,,,No,,Regular Rate,,Centre,"Grass, Soil",,1,2,,,,Poor,Yes,Average,,,,Non-Electric,,18.0,No Shade/Full Sun,23.0,,,,https://reservations.ontarioparks.ca/images/8d92793d-d214-4b95-8b54-9689ec9c5eb7.jpg,https://reservations.ontarioparks.ca/images/efc09fc2-f9f7-47de-8278-ca0af2c1db2d.jpg,,,,
-2147481520,111,,,-2147483648,0,-32763,6110,,1,6,,4,Available,Sites #100-128 (30),Trailer / motorhome,-2147483613,Campsite (less than 100m),,No,,,,,No,,Regular Rate,,Centre,"Grass, Soil",,1,2,,,,Poor,Yes,Average,,,,Non-Electric,,18.0,No Shade/Full Sun,25.0,,,,https://reservations.ontarioparks.ca/images/e6b0187c-745e-49fa-9a1e-51fb29cdeda6.jpg,https://reservations.ontarioparks.ca/images/8d96909e-1175-4a80-a6bd-8d3cfa37fde0.jpg,https://reservations.ontarioparks.ca/images/b8938eb8-eade-423d-934b-7356a0e7d820.jpg,,,
-2147482017,112,,,-2147483648,0,-32763,6120,,1,6,,4,Available,Sites #100-128 (30),Small trailer / pop-up,-2147483613,Campsite (less than 100m),,No,,,,,No,,Regular Rate,,Front Right,"Grass, Soil",,1,2,,Uneven,,Average,Yes,Average,,,,Non-Electric,,10.0,Partial Shade,22.0,,,,https://reservations.ontarioparks.ca/images/1f1d7a4e-148c-41c6-9c07-6ccad9491b78.jpg,https://reservations.ontarioparks.ca/images/78af1530-cea3-484e-b576-ddb191abcb91.jpg,https://reservations.ontarioparks.ca/images/58bd292e-abd0-4dfb-9dbb-7b5d5274691e.jpg,,,
-2147481850,113,,,-2147483648,0,-32763,6130,,1,6,,3,Available,Sites #100-128 (30),Trailer / motorhome,-2147483613,Campsite (less than 100m),,No,,,,,No,,Regular Rate,,Front Right,"Grass, Soil",Tree(s),1,2,,Slight,,Poor,Yes,Average,,,,Non-Electric,,18.0,Partial Shade,14.0,,,,https://reservations.ontarioparks.ca/images/27732b13-11c4-43b2-b185-0737d6b38b56.jpg,https://reservations.ontarioparks.ca/images/c45bd6b9-7674-4def-b801-fb9a6ec7c58a.jpg,,,,
-2147481517,114,,,-2147483648,0,-32763,6140,,1,6,,4,Available,Sites #100-128 (30),Small trailer / pop-up,-2147483613,Campsite (less than 100m),,No,,,,,No,,Regular Rate,,Back Left,Soil,,1,2,,Slight,,Average,No,Average,,,,Non-Electric,,13.0,Partial Shade - PM Sun,17.0,,,,https://reservations.ontarioparks.ca/images/c3b2de43-6c55-4eab-b20e-49bc94a9ea6d.jpg,https://reservations.ontarioparks.ca/images/b0ff38df-5c51-43e6-8fee-e3690b521576.jpg,,,,
-2147481881,115,,,-2147483648,0,-32763,6150,,1,6,,4,Available,Sites #100-128 (30),Trailer / motorhome,-2147483613,Campsite (less than 100m),,No,,,,,No,,Regular Rate,,Front Right,Soil,Tree(s),1,2,,,,Poor,Yes,Average,,,,Non-Electric,,20.0,Partial Shade,20.0,,,,https://reservations.ontarioparks.ca/images/bb218ad9-e68b-4015-b83d-9a9c34ed5191.jpg,https://reservations.ontarioparks.ca/images/140305e5-99a2-4de3-ad07-e6de9ed54537.jpg,https://reservations.ontarioparks.ca/images/535a3f00-1bbb-4e31-a581-4f7c23b6ebb4.jpg,,,
-2147481607,116,,,-2147483648,0,-32763,6160,,1,6,,4,Available,Sites #100-128 (30),Small trailer / pop-up,-2147483613,Campsite (less than 100m),,No,,,,,No,,Regular Rate,,Front Centre,Soil,,1,2,,,,Poor,Yes,Average,,,,Non-Electric,,15.0,Partial Shade,22.0,,,,https://reservations.ontarioparks.ca/images/3abb1b46-dc9d-4235-8772-d0f0754a9ef8.jpg,,,,,
-2147481824,117,,,-2147483648,0,-32763,6170,,1,6,,4,Available,Sites #100-128 (30),Trailer / motorhome,-2147483613,Campsite (less than 100m),,No,,,,,No,,Regular Rate,,Middle Right,"Grass, Soil",,1,2,,,,Poor,Yes,Average,,,,Non-Electric,,20.0,No Shade/Full Sun,26.0,,,,https://reservations.ontarioparks.ca/images/9caedafb-3017-439b-9e12-b584fa21128a.jpg,,,,,
-2147482016,118,,,-2147483648,0,-32763,6180,,1,6,,4,Available,Sites #100-128 (30),Small trailer / pop-up,-2147483613,Campsite (less than 100m),,No,,,,,No,,Regular Rate,,Centre,Soil,,1,2,,,,Poor,Yes,Average,,,,Non-Electric,,15.0,Partial Shade,17.0,,,,https://reservations.ontarioparks.ca/images/be08d3d8-28b7-44d5-bcc0-bfeee395020b.jpg,https://reservations.ontarioparks.ca/images/5ba56d56-32fe-4ea5-8713-95f75c0d1955.jpg,,,,
-2147481740,119,,,-2147483648,0,-32763,6190,,1,6,,4,Available,Sites #100-128 (30),Trailer / motorhome,-2147483613,Campsite (less than 100m),,No,,,,,No,,Regular Rate,,Middle Right,"Grass, Soil",,1,2,,Slight,,Poor,Yes,Average,,,,Non-Electric,,18.0,No Shade/Full Sun,20.0,,,,https://reservations.ontarioparks.ca/images/c6a2650f-3329-4d05-b03e-f38c258cb19b.jpg,https://reservations.ontarioparks.ca/images/6d464cd7-7480-4b6e-9aeb-16667333f3e8.jpg,,,,
-2147481611,120,,,-2147483648,0,-32763,6200,,1,6,,4,Available,Sites #100-128 (30),Small trailer / pop-up,-2147483613,Campsite (less than 100m),,No,,,,,No,,Regular Rate,,Front Centre,"Grass, Soil",,1,2,,Slight,,Poor,Yes,Average,,,,Non-Electric,,15.0,No Shade/Full Sun,30.0,,,,https://reservations.ontarioparks.ca/images/62f16f37-425b-433c-80d0-bc0c1157241d.jpg,https://reservations.ontarioparks.ca/images/0d0adcf6-ff04-4489-8bca-f758d83aa4ae.jpg,,,,
-2147481540,121,,,-2147483648,0,-32763,6210,,1,6,,3,Available,Sites #100-128 (30),Trailer / motorhome,-2147483613,Campsite (less than 100m),,No,,Corner Site,,,No,,Regular Rate,,Back Centre,Soil,,1,2,,Severe,,Average,No,Good,,,,Non-Electric,,18.0,Partial Shade - PM Sun,17.0,,,,https://reservations.ontarioparks.ca/images/596cbe8a-c45d-43fa-9efe-741347e97d3f.jpg,https://reservations.ontarioparks.ca/images/557f53ff-3d18-4e09-9d98-0ef0735eafe3.jpg,,,,
-2147481556,122,,,-2147483648,0,-32763,6220,,1,6,,4,Available,Sites #100-128 (30),Small trailer / pop-up,-2147483613,Campsite (less than 100m),,No,,,,,No,,Regular Rate,,Front Centre,"Grass, Soil",,1,2,,,,Poor,Yes,Average,,,,Non-Electric,,15.0,No Shade/Full Sun,20.0,,,,https://reservations.ontarioparks.ca/images/d1a010f3-7576-4b4f-bf55-c000bcb7c598.jpg,https://reservations.ontarioparks.ca/images/9f8ef5b2-6612-42df-99c2-3344bf07fa6c.jpg,,,,
-2147481697,123,,,-2147483648,0,-32763,6230,,1,6,,5,Available,Sites #100-128 (30),Trailer / motorhome,-2147483613,Campsite (less than 100m),,No,,,,,No,,Regular Rate,,Back Right,"Grass, Soil",Tree(s),1,2,,,,Poor,Yes,Average,,,,Non-Electric,,14.0,Partial Shade,26.0,,,,https://reservations.ontarioparks.ca/images/fda2e363-4c34-416c-a9f6-4ddc90bdc06d.jpg,https://reservations.ontarioparks.ca/images/18341ef5-62fb-43c6-8232-e0a9e6413db2.jpg,,,,
-2147481896,124,,,-2147483648,0,-32763,6240,,1,6,,3,Available,Sites #100-128 (30),Small trailer / pop-up,-2147483613,Campsite (less than 100m),,No,,,,,No,,Regular Rate,,Middle Right,Soil,Rock(s),1,2,,,,Poor,No,Average,,,,Non-Electric,,15.0,Partial Shade,15.0,,,,https://reservations.ontarioparks.ca/images/b2992595-a47c-4430-b86e-54cdcc388c26.jpg,https://reservations.ontarioparks.ca/images/127bae55-0be5-4399-acdf-82deb5d01a7d.jpg,https://reservations.ontarioparks.ca/images/0c7d01b5-9aae-499d-9d9d-cdd1501b0c3c.jpg,,,
-2147481638,125,,,-2147483648,0,-32763,6250,,1,6,,4,Available,Sites #100-128 (30),Trailer / motorhome,-2147483613,Campsite (less than 100m),,No,,,,,No,,Regular Rate,,Back Right,"Grass, Soil",,1,2,,,,Poor,Yes,Average,,,,Non-Electric,,18.0,No Shade/Full Sun,14.0,,,,https://reservations.ontarioparks.ca/images/ead75993-e4c9-4a45-af59-e808b4a9d32c.jpg,https://reservations.ontarioparks.ca/images/02ccf810-597c-4712-96f6-067fde2d3738.jpg,,,,
-2147481511,126,,,-2147483648,0,-32763,6260,,1,6,,3,Available,Sites #100-128 (30),Small trailer / pop-up,-2147483613,Campsite (less than 100m),,No,,Corner Site,,,No,,Regular Rate,,Back Centre,"Grass, Soil",,1,2,,,,Poor,No,Average,,,,Non-Electric,,8.0,No Shade/Full Sun,25.0,,,,https://reservations.ontarioparks.ca/images/d667cdf3-e083-4b90-ae61-c303f77d1ff2.jpg,https://reservations.ontarioparks.ca/images/59ef50d5-122a-4ab2-84ab-a7960539aa59.jpg,,,,
-2147481895,127,,,-2147483648,0,-32763,6270,,1,6,,4,Available,Sites #100-128 (30),Trailer / motorhome,-2147483613,Campsite (less than 100m),,No,,Corner Site,,,No,,Regular Rate,,Back Right,"Grass, Soil",,1,2,,Slight,,Poor,Yes,Average,,,,Non-Electric,,19.0,Partial Shade,22.0,,,,https://reservations.ontarioparks.ca/images/582c0528-ae13-465f-a1f3-5e61ca7bb5d9.jpg,https://reservations.ontarioparks.ca/images/df2c3031-31a8-4cff-9a7c-c155067dfde9.jpg,,,,
-2147481552,128,,,-2147483648,0,-32763,6280,,1,6,,3,Available,Sites #100-128 (30),Small trailer / pop-up,-2147483613,Campsite (less than 100m),,No,,,,,No,,Regular Rate,,Centre,Soil,,1,2,,Uneven,,Poor,Yes,Average,,,,Non-Electric,,8.0,No Shade/Full Sun,20.0,,,,https://reservations.ontarioparks.ca/images/85cb7505-286a-4589-9960-81bc35bdc5e9.jpg,https://reservations.ontarioparks.ca/images/2d218407-ed92-40ee-b559-3d343e780b97.jpg,,,,
-2147481961,200,,,-2147483648,0,-32348,6290,,1,6,,6,Available,Sites #200-416 (93),Trailer / motorhome,-2147483612,Campsite (less than 100m),,No,,,,,No,15/30 Amps,Demand Rate,,Back Left,Soil,,1,2,16.0,Moderate,,Average,,Good,,,,Electric,,20.0,Partial Shade - PM Sun,17.0,,,,https://reservations.ontarioparks.ca/images/b34377b9-7048-4a99-886e-7e6a53565724.jpg,https://reservations.ontarioparks.ca/images/981ecb41-d89f-4ae5-9b94-938b54aecc32.jpg,https://reservations.ontarioparks.ca/images/318426a7-b5cb-4c1b-b2fe-f2d8d705bfeb.jpg,,,
-2147481737,201,,,-2147483648,0,-32348,6300,,1,6,,4,Available,Sites #200-416 (93),Trailer / motorhome,-2147483612,Campsite (less than 100m),,No,,,,,No,15/30 Amps,Demand Rate,,Back Left,"Grass, Soil",,1,2,12.0,Moderate,,Average,,Good,,,,Electric,,20.0,Partial Shade - PM Sun,14.0,,,,https://reservations.ontarioparks.ca/images/10188cfe-d731-4dc2-bc9d-869d0f5f6a89.jpg,https://reservations.ontarioparks.ca/images/dca2326b-a1d1-44dd-a8dd-bb0cfda8deab.jpg,,,,
-2147481657,202,,,-2147483648,0,-32348,6310,,1,6,,3,Available,Sites #200-416 (93),Trailer / motorhome,-2147483612,Campsite (less than 100m),,No,,,,,No,15/30 Amps,Demand Rate,,Back Centre,"Grass, Soil",,1,2,12.0,Slight,,Average,,Good,,,,Electric,,20.0,Partial Shade - PM Sun,21.0,,,,https://reservations.ontarioparks.ca/images/1f656734-ea25-4b76-9ebb-dc9f71c40fbb.jpg,,,,,
-2147481748,203,,,-2147483648,0,-32348,6320,,1,6,,4,Available,Sites #200-416 (93),Trailer / motorhome,-2147483612,Campsite (less than 100m),,No,,,,,No,15/30 Amps,Demand Rate,,Back Left,"Grass, Soil",,1,2,23.0,Slight,,Average,,Good,,,,Electric,,20.0,Partial Shade - PM Sun,17.0,,,,https://reservations.ontarioparks.ca/images/6130e43c-2d95-457f-a582-914a2394295b.jpg,https://reservations.ontarioparks.ca/images/6563c47a-55c6-4473-bf8b-96c7ba8436cd.jpg,,,,
-2147481780,204,,,-2147483648,0,-32348,6330,,1,6,,4,Available,Sites #200-416 (93),Trailer / motorhome,-2147483612,Campsite (less than 100m),,No,,,,,No,15/30 Amps,Demand Rate,,Back Left,"Grass, Soil",,1,2,12.0,Slight,,Average,,Good,,,,Electric,,20.0,Partial Shade - PM Sun,15.0,,,,https://reservations.ontarioparks.ca/images/0b791676-4715-4870-a090-f84375a6d0d7.jpg,https://reservations.ontarioparks.ca/images/71e91a7f-6cd2-41eb-a4a2-9f2f5ea318e2.jpg,https://reservations.ontarioparks.ca/images/15c6cb44-662a-4408-8a0a-7e942a43bf33.jpg,,,
-2147481627,205,,,-2147483648,0,-32348,6340,,1,6,,4,Available,Sites #200-416 (93),Trailer / motorhome,-2147483612,Campsite (less than 100m),,No,,,,,No,15/30 Amps,Demand Rate,,Back Left,"Grass, Soil",,1,2,16.0,,,Average,,Good,,,,Electric,,20.0,Partial Shade - PM Sun,13.0,,,,https://reservations.ontarioparks.ca/images/6001e1bb-976f-435e-ab23-21835a430ead.jpg,https://reservations.ontarioparks.ca/images/01ea5de7-4cc9-42c3-9015-c30fc855c2d8.jpg,,,,
-2147481572,206,,,-2147483648,0,-32348,6350,,1,6,,4,Available,Sites #200-416 (93),Trailer / motorhome,-2147483612,Campsite (less than 100m),,No,,,,,No,15/30 Amps,Demand Rate,,Back Left,"Grass, Soil",,1,2,9.0,,,Average,,Good,,,,Electric,,20.0,Partial Shade - PM Sun,13.0,,,,https://reservations.ontarioparks.ca/images/63e81f78-2268-47c8-afb1-5c7c82c96968.jpg,https://reservations.ontarioparks.ca/images/ed3077fe-65bd-4354-90e8-788657d2d11b.jpg,,,,
-2147481951,207,,,-2147483648,0,-32348,6360,,1,6,,4,Available,Sites #200-416 (93),Trailer / motorhome,-2147483612,Campsite (less than 100m),,No,,,,,No,15/30 Amps,Demand Rate,,Back Centre,"Grass, Soil",,1,2,13.0,Uneven,,Average,,Good,,,,Electric,,20.0,Partial Shade - PM Sun,14.0,,,,https://reservations.ontarioparks.ca/images/e8d95ce5-c36c-4ac5-a563-4078b1fc0686.jpg,,,,,
-2147481705,208,,,-2147483648,0,-32348,6370,,1,6,,4,Available,Sites #200-416 (93),Small trailer / pop-up,-2147483612,Campsite (less than 100m),,No,,,,,No,15/30 Amps,Demand Rate,,Back Left,"Grass, Soil",,1,2,12.0,Slight,,Average,,Average,,,,Electric,,14.0,Partial Shade - AM Sun,14.0,,,,https://reservations.ontarioparks.ca/images/113f3253-790f-4ef0-b4b0-7436743d00ef.jpg,https://reservations.ontarioparks.ca/images/3bf6740a-703d-40ef-ae0d-c21463f452e7.jpg,,,,
-2147481633,209,,,-2147483648,0,-32686,6380,,1,6,,3,Available,Sites #200-416 (93),Small trailer / pop-up,-2147483612,Campsite (less than 100m),,No,,,,,No,15/30 Amps,Premium Rate,,Back Centre,"Grass, Soil",,1,2,9.0,Slight,,Average,,Average,,,,Electric,,14.0,Partial Shade - AM Sun,17.0,,,,https://reservations.ontarioparks.ca/images/e88b1b83-aee8-4d64-90c4-ad6104eabdcd.jpg,https://reservations.ontarioparks.ca/images/b73a8a3a-ca63-484c-b73e-e42ee543d49b.jpg,,,,
-2147481574,210,,,-2147483648,0,-32348,6390,,1,6,,4,Available,Sites #200-416 (93),Small trailer / pop-up,-2147483612,Campsite (less than 100m),,No,,,,,No,15/30 Amps,Demand Rate,,Back Left,"Grass, Soil",,1,2,9.0,Slight,,Average,,Average,,,,Electric,,13.0,Partial Shade - AM Sun,18.0,,,,https://reservations.ontarioparks.ca/images/1c253269-e2c5-4f1c-a4be-872d4c840db3.jpg,https://reservations.ontarioparks.ca/images/cdd28e5c-db08-4499-81aa-7e1a9a6a20cc.jpg,,,,
-2147481735,211,,,-2147483648,0,-32686,6400,,1,6,,3,Available,Sites #200-416 (93),Small trailer / pop-up,-2147483612,Campsite (less than 100m),,No,,,,,No,15/30 Amps,Premium Rate,,Back Left,"Grass, Soil",,1,2,9.0,Slight,,Average,,Average,,,,Electric,,13.0,Partial Shade - AM Sun,14.0,,,,https://reservations.ontarioparks.ca/images/cfb42663-2ce7-43b8-a03a-afa135f1c028.jpg,https://reservations.ontarioparks.ca/images/ad6d6079-56f9-44da-b309-e472d7c76b0f.jpg,https://reservations.ontarioparks.ca/images/41dfbfaa-abfd-4302-92f0-8da6b17edb1d.jpg,,,
-2147481604,212,,,-2147483648,0,-32686,6410,,1,6,,3,Available,Sites #200-416 (93),Trailer / motorhome,-2147483612,"Comfort Station, Campsite (less than 100m)",,No,,"Above Avg. Vehicular Traffic, Corner Site",,,No,15/30 Amps,Premium Rate,,Middle Left,"Grass, Soil",,1,2,8.0,Moderate,,Poor,Yes,Average,,,,Electric,,20.0,Partial Shade - PM Sun,21.0,,,,https://reservations.ontarioparks.ca/images/e8415c22-b7ee-4aed-8f6d-66725712fa83.jpg,https://reservations.ontarioparks.ca/images/c1062f93-67d6-4375-bca6-38fcf9a32cd6.jpg,,,,
-2147481854,213,,,-2147483648,0,-32686,6420,,1,6,,3,Available,Sites #200-416 (93),Trailer / motorhome,-2147483612,Campsite (less than 100m),,No,,Above Avg. Vehicular Traffic,,,No,15/30 Amps,Premium Rate,,Middle Right,"Grass, Soil",,1,2,8.0,Moderate,,Average,Yes,Good,,,,Electric,,20.0,Partial Shade - PM Sun,15.0,,,,https://reservations.ontarioparks.ca/images/686a3d61-0922-4b85-b4c9-df0802422f29.jpg,https://reservations.ontarioparks.ca/images/a2d59f37-e1f6-4ef8-a961-4f9dd448794d.jpg,,,,
-2147481708,214,,,-2147483648,0,-32686,6430,,1,6,,3,Available,Sites #200-416 (93),Trailer / motorhome,-2147483612,Campsite (less than 100m),,No,,,,,No,15/30 Amps,Premium Rate,,Front Left,"Grass, Soil",Tree(s),1,2,4.0,Moderate,,Good,Yes,Good,,,,Electric,,20.0,Partial Shade - PM Sun,26.0,,,,https://reservations.ontarioparks.ca/images/264cd2c9-55f4-405b-9490-9b184f9a3a21.jpg,https://reservations.ontarioparks.ca/images/00237684-5968-465f-87d5-1ac47af7db7d.jpg,,,,
-2147481974,215,,,-2147483648,0,-32686,6440,,1,6,,2,Available,Sites #200-416 (93),Trailer / motorhome,-2147483612,"Water Tap, Campsite (less than 100m)",,No,,,,,No,15/30 Amps,Premium Rate,,Front Right,Grass,,1,2,9.0,Moderate,,Average,Yes,Good,,,,Electric,,20.0,No Shade/Full Sun,15.0,,,,https://reservations.ontarioparks.ca/images/026c377c-906b-4ebb-8ddc-f0aeebc99dec.jpg,https://reservations.ontarioparks.ca/images/503082ec-0929-4707-8e70-de486217ce6a.jpg,,,,
-2147481617,216,,,-2147483648,0,-32686,6450,,1,6,,2,Available,Sites #200-416 (93),Trailer / motorhome,-2147483612,"Water Tap, Campsite (less than 100m)",,No,,,,,No,15/30 Amps,Premium Rate,,Front Left,"Grass, Soil",,1,2,9.0,Moderate,,Good,Yes,Good,,,,Electric,,20.0,Partial Shade - PM Sun,24.0,,,,https://reservations.ontarioparks.ca/images/39d64b84-7aa3-4d66-93e3-3a53baecd057.jpg,https://reservations.ontarioparks.ca/images/72cc0883-16b2-4681-9626-59e8e95f19a7.jpg,,,,
-2147481840,217,,,-2147483648,0,-32686,6460,,1,6,,2,Available,Sites #200-416 (93),Trailer / motorhome,-2147483612,Campsite (less than 100m),,No,,,,,No,15/30 Amps,Premium Rate,,Back Right,"Grass, Soil",Tree(s),1,2,9.0,Severe,,Average,Yes,Good,,,,Electric,,20.0,Partial Shade - PM Sun,17.0,,,,https://reservations.ontarioparks.ca/images/7e1895ab-1acb-4320-89cb-7f06a2d120fb.jpg,https://reservations.ontarioparks.ca/images/bfda6625-d8e6-47c8-a7eb-7dd54b714826.jpg,,,,
-2147481522,218,,,-2147483648,0,-32686,6470,,1,6,,3,Available,Sites #200-416 (93),Trailer / motorhome,-2147483612,Campsite (less than 100m),,No,,,,,No,15/30 Amps,Premium Rate,,Back Left,"Grass, Soil",,1,2,9.0,Moderate,,Average,Yes,Good,,,,Electric,,20.0,Partial Shade - PM Sun,26.0,,,,https://reservations.ontarioparks.ca/images/7376688e-c3d5-4d0e-a74a-560fe2cd5f01.jpg,https://reservations.ontarioparks.ca/images/cff6ab4c-6e40-409c-9e1b-b815204f014c.jpg,,,,
-2147481575,219,,,-2147483648,0,-32686,6480,,1,6,,3,Available,Sites #200-416 (93),Trailer / motorhome,-2147483612,Campsite (less than 100m),,No,,,,,No,15/30 Amps,Premium Rate,,Back Right,"Grass, Soil",,1,2,9.0,Moderate,,Average,Yes,Good,,,,Electric,,20.0,Partial Shade - PM Sun,17.0,,,,https://reservations.ontarioparks.ca/images/46209365-8ae8-4401-a3fd-a1cc5745d806.jpg,https://reservations.ontarioparks.ca/images/91293aef-d926-417a-8c92-5c76d188647e.jpg,,,,
-2147481618,220,,,-2147483648,0,-32686,6490,,1,6,,3,Available,Sites #200-416 (93),Trailer / motorhome,-2147483612,Campsite (less than 100m),,No,,,,,No,15/30 Amps,Premium Rate,,Front Left,"Grass, Soil",,1,2,9.0,Moderate,,Average,Yes,Good,,,,Electric,,20.0,Partial Shade - PM Sun,25.0,,,,https://reservations.ontarioparks.ca/images/97ad9026-ba4f-4dc6-b23e-1b99ddcf9a4d.jpg,https://reservations.ontarioparks.ca/images/339326b8-1a34-4d0f-a44d-ab1e9601b0c6.jpg,,,,
-2147481678,221,,,-2147483648,0,-32686,6500,,1,6,,3,Available,Sites #200-416 (93),Trailer / motorhome,-2147483612,Campsite (less than 100m),,No,,,,,No,15/30 Amps,Premium Rate,,Front Centre,Grass,,1,2,9.0,Moderate,,Average,Yes,Good,,,,Electric,,22.0,Partial Shade - PM Sun,30.0,,,,https://reservations.ontarioparks.ca/images/f39a56e1-1118-4708-b957-999903a08387.jpg,https://reservations.ontarioparks.ca/images/c7739725-28a0-4445-8798-abd341ba05ab.jpg,,,,
-2147481973,222,,,-2147483648,0,-32348,6510,,1,6,,4,Available,Sites #200-416 (93),Trailer / motorhome,-2147483612,Campsite (less than 100m),,No,,Corner Site,,,No,15/30 Amps,Demand Rate,,Middle Left,"Grass, Soil",,1,2,9.0,Slight,,Average,Yes,Good,,,,Electric,,18.0,Partial Shade - PM Sun,25.0,,,,https://reservations.ontarioparks.ca/images/2db4177f-0c97-49ba-b11a-cac62e5eaac2.jpg,https://reservations.ontarioparks.ca/images/3bba5022-d9cd-45b4-8e65-ed47d16f9748.jpg,,,,
-2147481907,223,,,-2147483648,0,-32348,6520,,1,6,,4,Available,Sites #200-416 (93),Trailer / motorhome,-2147483612,Campsite (less than 100m),,No,,,,,No,15/30 Amps,Demand Rate,,Front Right,"Grass, Soil",,1,2,9.0,,,Average,Yes,Good,,,,Electric,,18.0,Partial Shade - PM Sun,21.0,,,,https://reservations.ontarioparks.ca/images/191bab1d-a7f6-4036-9cc2-cc2e11b1f84c.jpg,https://reservations.ontarioparks.ca/images/73391124-26b2-419a-a999-411dcfb98823.jpg,,,,
-2147481890,224,,,-2147483648,0,-32686,6530,,1,6,,4,Available,Sites #200-416 (93),Trailer / motorhome,-2147483612,Campsite (less than 100m),,No,,,,,No,15/30 Amps,Premium Rate,,Middle Right,"Grass, Soil",,1,2,9.0,,,Average,Yes,Good,,,,Electric,,18.0,Partial Shade - PM Sun,14.0,,,,https://reservations.ontarioparks.ca/images/2b369a50-971f-4d77-afb7-f6cfd99103ca.jpg,https://reservations.ontarioparks.ca/images/d9efac32-c5ca-445f-8fbe-a70b58ee014d.jpg,,,,
-2147481536,225,,,-2147483648,0,-32686,6540,,1,6,,4,Available,Sites #200-416 (93),Trailer / motorhome,-2147483612,Campsite (less than 100m),,No,,,,,No,15/30 Amps,Premium Rate,,Back Left,Grass,,1,2,9.0,,,Average,Yes,Good,,,,Electric,,18.0,Partial Shade - PM Sun,25.0,,,,https://reservations.ontarioparks.ca/images/6e2fc792-cf5d-4eb7-a927-c9c7013fc90b.jpg,https://reservations.ontarioparks.ca/images/c4f70796-6d2c-482d-823d-c0963bf35ac1.jpg,,,,
-2147481621,226,,,-2147483648,0,-32686,6550,,1,6,,4,Available,Sites #200-416 (93),Trailer / motorhome,-2147483612,Campsite (less than 100m),,No,,,,,No,15/30 Amps,Premium Rate,,Middle Left,"Grass, Soil",,1,2,9.0,Slight,,Average,Yes,Good,,,,Electric,,20.0,Partial Shade - PM Sun,26.0,,,,https://reservations.ontarioparks.ca/images/a4de7a9e-7e55-4f95-a4fb-434a08554bd2.jpg,,,,,
-2147481768,227,,,-2147483648,0,-32686,6560,,1,6,,4,Available,Sites #200-416 (93),Trailer / motorhome,-2147483612,Campsite (less than 100m),,No,,,,,No,15/30 Amps,Premium Rate,,Back Centre,"Grass, Soil",,1,2,9.0,,,Average,Yes,Good,,,,Electric,,18.0,Partial Shade - PM Sun,18.0,,,,https://reservations.ontarioparks.ca/images/fe3084a9-ad6b-43e8-8fe7-a85608be539b.jpg,https://reservations.ontarioparks.ca/images/fcba8c80-25b5-448d-984c-34548829e08b.jpg,,,,
-2147481886,228,,,-2147483648,0,-32686,6570,,1,6,,4,Available,Sites #200-416 (93),Small trailer / pop-up,-2147483612,Campsite (less than 100m),,No,,,,,No,15/30 Amps,Premium Rate,,Front Right,"Grass, Soil",,1,2,12.0,,,Average,Yes,Good,,,,Electric,,17.0,Partial Shade - PM Sun,18.0,,,,https://reservations.ontarioparks.ca/images/e81b8fd2-20e5-4f41-a557-012d7c8c394b.jpg,https://reservations.ontarioparks.ca/images/59dd185f-37b4-46c5-bd36-f848dc57e480.jpg,,,,
-2147481742,229,,,-2147483648,0,-32686,6580,,1,6,,4,Available,Sites #200-416 (93),Small trailer / pop-up,-2147483612,Campsite (less than 100m),,No,,,,,No,15/30 Amps,Premium Rate,,Front Centre,"Grass, Soil",,1,2,9.0,Uneven,,Average,Yes,Good,,,,Electric,,17.0,Partial Shade - PM Sun,27.0,,,,https://reservations.ontarioparks.ca/images/5c83651e-b37d-4663-8f0f-24a14de7fb4e.jpg,https://reservations.ontarioparks.ca/images/90b8037b-2268-4a13-99dc-d7357c05f09d.jpg,,,,
-2147481933,230,,,-2147483648,0,-32686,6590,,1,6,,4,Available,Sites #200-416 (93),Trailer / motorhome,-2147483612,Campsite (less than 100m),,No,,,,,No,15/30 Amps,Premium Rate,,Back Left,"Grass, Soil",,1,2,9.0,Slight,,Average,Yes,Good,,,,Electric,,18.0,Partial Shade - PM Sun,24.0,,,,https://reservations.ontarioparks.ca/images/1b78cfc4-0343-4d7e-a7ea-0b3e9defad38.jpg,https://reservations.ontarioparks.ca/images/6c130fea-3e26-4b11-83fb-f5f1c25c42d8.jpg,,,,
-2147481620,231,,,-2147483648,0,-32348,6600,,1,6,,4,Available,Sites #200-416 (93),Trailer / motorhome,-2147483612,Campsite (less than 100m),,No,,,,,No,15/30 Amps,Demand Rate,,Front Right,"Grass, Soil",,1,2,9.0,,,Average,Yes,Good,,,,Electric,,18.0,Partial Shade - PM Sun,19.0,,,,https://reservations.ontarioparks.ca/images/bfa84357-ed94-42b1-b439-905ab477b721.jpg,https://reservations.ontarioparks.ca/images/fd7e580a-c5ac-4148-8a3e-c5b3a1828c71.jpg,,,,
-2147481738,232,,,-2147483648,0,-32686,6610,,1,6,,4,Available,Sites #200-416 (93),Small trailer / pop-up,-2147483612,Campsite (less than 100m),,No,,,,,No,15/30 Amps,Premium Rate,,Centre,"Grass, Soil",,1,2,9.0,Slight,,Average,Yes,Good,,,,Electric,,17.0,Partial Shade - PM Sun,15.0,,,,https://reservations.ontarioparks.ca/images/3b23f312-8ba0-48cc-a36d-2bd93bd9dbac.jpg,https://reservations.ontarioparks.ca/images/8720229e-5691-4de4-8eff-4d3352e58223.jpg,,,,
-2147481771,233,,,-2147483648,0,-32686,6620,,1,6,,4,Available,Sites #200-416 (93),Small trailer / pop-up,-2147483612,Campsite (less than 100m),,No,,,,,No,15/30 Amps,Premium Rate,,Centre,"Grass, Soil",,1,2,9.0,,,Average,Yes,Good,,,,Electric,,17.0,Partial Shade - PM Sun,24.0,,,,https://reservations.ontarioparks.ca/images/14224fcf-8312-42cd-94a5-18c9e070ae99.jpg,https://reservations.ontarioparks.ca/images/f6e11dac-d2ba-48b8-96d6-27bb35e5cfa9.jpg,,,,
-2147481643,234,,,-2147483648,0,-32686,6630,,1,6,,4,Available,Sites #200-416 (93),Trailer / motorhome,-2147483612,Campsite (less than 100m),,No,,,,,No,15/30 Amps,Premium Rate,,Back Left,"Grass, Soil",,1,2,9.0,Slight,,Average,Yes,Good,,,,Electric,,20.0,Partial Shade - PM Sun,23.0,,,,https://reservations.ontarioparks.ca/images/23f7f38a-bdd5-49ab-aa37-7f0ab28a42cb.jpg,https://reservations.ontarioparks.ca/images/f151662c-9cc2-4c98-80aa-59e23ba28944.jpg,,,,
-2147481889,235,,,-2147483648,0,-32686,6640,,1,6,,4,Available,Sites #200-416 (93),Trailer / motorhome,-2147483612,Campsite (less than 100m),,No,,,,,No,15/30 Amps,Premium Rate,,Middle Right,"Grass, Soil",,1,2,9.0,,,Average,Yes,Good,,,,Electric,,20.0,Partial Shade - PM Sun,20.0,,,,https://reservations.ontarioparks.ca/images/77d9c990-d63b-4450-ae20-fbcdeb18bfaa.jpg,https://reservations.ontarioparks.ca/images/8c05add0-0b1c-48d0-ac3f-66e14e04647c.jpg,,,,
-2147481917,236,,,-2147483648,0,-32686,6650,,1,6,,4,Available,Sites #200-416 (93),Trailer / motorhome,-2147483612,Campsite (less than 100m),,No,,,,,No,15/30 Amps,Premium Rate,,Front Right,"Grass, Soil",,1,2,12.0,Uneven,,Average,Yes,Good,,,,Electric,,20.0,Partial Shade - PM Sun,12.0,,,,https://reservations.ontarioparks.ca/images/bef0d272-4ea5-4a63-9ef4-ce116a6a2540.jpg,https://reservations.ontarioparks.ca/images/a19727df-a06a-46fc-b26c-bebabb4412ca.jpg,,,,
-2147481775,237,,,-2147483648,0,-32686,6660,,1,6,,4,Available,Sites #200-416 (93),Trailer / motorhome,-2147483612,Campsite (less than 100m),,No,,,,,No,15/30 Amps,Premium Rate,,Centre,"Grass, Soil",,1,2,9.0,,,Average,Yes,Good,,,,Electric,,20.0,Partial Shade - PM Sun,26.0,,,,https://reservations.ontarioparks.ca/images/072467c0-374d-4394-a9a1-1aea73c4251b.jpg,https://reservations.ontarioparks.ca/images/9d7399b0-36f6-4fb4-a8bd-428becc98974.jpg,,,,
-2147481945,238,,,-2147483648,0,-32686,6670,,1,6,,4,Available,Sites #200-416 (93),Trailer / motorhome,-2147483612,Campsite (less than 100m),,No,,,,,No,15/30 Amps,Premium Rate,,Front Left,"Grass, Soil",,1,2,9.0,,,Average,Yes,Good,,,,Electric,,20.0,Partial Shade - PM Sun,22.0,,,,https://reservations.ontarioparks.ca/images/58fa5059-0d87-418b-9fec-a4c8cb01dd91.jpg,https://reservations.ontarioparks.ca/images/a9eedda2-f1e5-4661-abe1-037cba3905ae.jpg,,,,
-2147481716,239,,,-2147483648,0,-32686,6680,,1,6,,4,Available,Sites #200-416 (93),Trailer / motorhome,-2147483612,Campsite (less than 100m),,No,,,,,No,15/30 Amps,Premium Rate,,Middle Right,"Grass, Soil",,1,2,9.0,Uneven,,Average,Yes,Good,,,,Electric,,20.0,Partial Shade - PM Sun,14.0,,,,https://reservations.ontarioparks.ca/images/27b3b19d-40ff-4d98-a8d9-ca467cf605d5.jpg,https://reservations.ontarioparks.ca/images/742b3dcb-4c17-424a-98f7-3e8eba93e9c4.jpg,,,,
-2147481576,240,,,-2147483648,0,-32686,6690,,1,6,,4,Available,Sites #200-416 (93),Small trailer / pop-up,-2147483612,Campsite (less than 100m),,No,,,,,No,15/30 Amps,Premium Rate,,Front Right,"Grass, Soil",,1,2,9.0,,,Average,Yes,Good,,,,Electric,,14.0,Partial Shade - PM Sun,14.0,,,,https://reservations.ontarioparks.ca/images/00e9e311-9580-42f5-94aa-ecf6236e22c5.jpg,https://reservations.ontarioparks.ca/images/0f9bd515-e535-4fae-bb04-d4a0104cfdb8.jpg,,,,
-2147481921,241,,,-2147483648,0,-32686,6700,,1,6,,4,Available,Sites #200-416 (93),Small trailer / pop-up,-2147483612,Campsite (less than 100m),,No,,,,,No,15/30 Amps,Premium Rate,,Front Centre,"Grass, Soil",,1,2,9.0,,,Average,Yes,Good,,,,Electric,,15.0,Partial Shade - PM Sun,25.0,,,,https://reservations.ontarioparks.ca/images/3bba9a6d-1a05-49ea-8e71-570c55065e85.jpg,https://reservations.ontarioparks.ca/images/12eb7e4b-46ec-4739-875c-f5dea5b4b0d6.jpg,,,,
-2147481567,242,,,-2147483648,0,-32686,6710,,1,6,,4,Available,Sites #200-416 (93),Trailer / motorhome,-2147483612,Campsite (less than 100m),,No,,Above Avg. Vehicular Traffic,,,No,15/30 Amps,Premium Rate,,Back Right,"Grass, Soil",,1,2,9.0,Slight,,Poor,Yes,Average,,,,Electric,,18.0,Partial Shade - PM Sun,12.0,,,,https://reservations.ontarioparks.ca/images/962a1097-4089-4208-884b-102c11ceef3e.jpg,https://reservations.ontarioparks.ca/images/4752eb43-1eb6-4461-bee5-f898fcf912a6.jpg,,,,
-2147481757,243,,,-2147483648,0,-32686,6720,,1,6,,4,Available,Sites #200-416 (93),Trailer / motorhome,-2147483612,Campsite (less than 100m),,Yes,,Above Avg. Vehicular Traffic,,,No,15/30 Amps,Premium Rate,,Middle Right,"Grass, Soil",,1,2,9.0,,,Poor,Yes,Average,,,,Electric,,18.0,Partial Shade - PM Sun,27.0,,,,https://reservations.ontarioparks.ca/images/c0a21c94-5942-44ca-9f3c-b368271fe2d6.png,https://reservations.ontarioparks.ca/images/1fc04942-9e23-4d36-9fe1-5c14b785310e.jpg,https://reservations.ontarioparks.ca/images/1cf44c2d-a1c0-4f46-bf98-5ac958286056.jpg,,,
-2147481652,244,,,-2147483648,0,-32764,6730,,1,6,,4,Available,Sites #200-416 (93),Small trailer / pop-up,-2147483612,Campsite (less than 100m),,No,,Above Avg. Vehicular Traffic,,,No,15/30 Amps,Regular Rate,,Centre,"Grass, Soil",,1,2,9.0,,,Poor,Yes,Average,,,,Electric,,12.0,Partial Shade - PM Sun,23.0,,,,https://reservations.ontarioparks.ca/images/3b49b4e7-9c61-43db-9a0d-ae9133542ec8.jpg,https://reservations.ontarioparks.ca/images/6829d0c8-3955-428d-a5d8-de70fd6ff69e.jpg,,,,
-2147481906,245,,,-2147483648,0,-32764,6740,,1,6,,4,Available,Sites #200-416 (93),Small trailer / pop-up,-2147483612,Campsite (less than 100m),,No,,,,,No,15/30 Amps,Regular Rate,,Back Left,"Grass, Soil",,1,2,9.0,,,Poor,Yes,Average,,,,Electric,,12.0,Partial Shade - PM Sun,16.0,,,,https://reservations.ontarioparks.ca/images/17b10be4-e15c-4c3b-9f8d-69553f2edf82.jpg,https://reservations.ontarioparks.ca/images/86044a33-92e1-4f38-ab36-dc970dcbeec6.jpg,,,,
-2147481799,246,,,-2147483648,0,-32764,6750,,1,6,,4,Available,Sites #200-416 (93),Small trailer / pop-up,-2147483612,Campsite (less than 100m),,No,,,,,No,15/30 Amps,Regular Rate,,Back Right,"Grass, Soil",,1,2,9.0,,,Poor,Yes,Average,,,,Electric,,12.0,Partial Shade - PM Sun,21.0,,,,https://reservations.ontarioparks.ca/images/31f99177-9325-4235-bbe4-ab8a82b03b86.jpg,https://reservations.ontarioparks.ca/images/acdcf934-d97c-4ec2-8cf6-bcaa6baf8eb6.jpg,,,,
-2147481853,247,,,-2147483648,0,-32764,6760,,1,6,,4,Available,Sites #200-416 (93),Small trailer / pop-up,-2147483612,Campsite (less than 100m),,No,,,,,No,15/30 Amps,Regular Rate,,Front Centre,"Grass, Soil",,1,2,9.0,,,Poor,Yes,Average,,,,Electric,,12.0,Partial Shade - PM Sun,20.0,,,,https://reservations.ontarioparks.ca/images/cbbc020b-7900-416a-94eb-b56511444baf.jpg,https://reservations.ontarioparks.ca/images/6c6edefe-ba5e-4d91-8bbe-0daf76cf559e.jpg,,,,
-2147481898,248,,,-2147483648,0,-32764,6770,,1,6,,4,Available,Sites #200-416 (93),Small trailer / pop-up,-2147483612,Campsite (less than 100m),,No,,,,,No,15/30 Amps,Regular Rate,,Centre,"Grass, Soil",,1,2,9.0,,,Poor,Yes,Average,,,,Electric,,12.0,Partial Shade - PM Sun,23.0,,,,https://reservations.ontarioparks.ca/images/2251989f-3381-4f5d-8bfb-1efaa3cf37a0.jpg,https://reservations.ontarioparks.ca/images/84a5601e-2471-4924-a3fa-735aae8c4603.jpg,,,,
-2147481535,249,,,-2147483648,0,-32764,6780,,1,6,,4,Available,Sites #200-416 (93),Small trailer / pop-up,-2147483612,Campsite (less than 100m),,No,,,,,No,15/30 Amps,Regular Rate,,Front Left,"Grass, Soil",,1,2,9.0,,,Poor,Yes,Average,,,,Electric,,12.0,Partial Shade - PM Sun,20.0,,,,https://reservations.ontarioparks.ca/images/ffb2a343-8ece-49c8-91bc-fd7ec9bdf40a.jpg,https://reservations.ontarioparks.ca/images/f0c81251-d606-4614-8a6a-db6c1f74593b.jpg,,,,
-2147481815,250,,,-2147483648,0,-32764,6790,,1,6,,4,Available,Sites #200-416 (93),Small trailer / pop-up,-2147483612,Campsite (less than 100m),,No,,,,,No,15/30 Amps,Regular Rate,,Back Right,"Grass, Soil",,1,2,12.0,,,Poor,Yes,Average,,,,Electric,,12.0,Partial Shade - PM Sun,25.0,,,,https://reservations.ontarioparks.ca/images/8b4f3ddf-4fa2-4c5d-985b-ae5a0ed7b8f0.jpg,https://reservations.ontarioparks.ca/images/7dde8599-65bb-4449-ab36-c4aec9b56822.jpg,,,,
-2147481579,251,,,-2147483648,0,-32764,6800,,1,6,,4,Available,Sites #200-416 (93),Small trailer / pop-up,-2147483612,"Water Tap, Campsite (less than 100m)",,No,,,,,No,15/30 Amps,Regular Rate,,Middle Left,"Grass, Soil",,1,2,8.0,Slight,,Poor,Yes,Average,,,,Electric,,12.0,Partial Shade - PM Sun,17.0,,,,https://reservations.ontarioparks.ca/images/a3b4a04b-202b-4fdf-9413-4fcb5fcae95e.jpg,https://reservations.ontarioparks.ca/images/03c4c074-2955-4ae0-a453-9c63cd29f9eb.jpg,,,,
-2147481993,252,,,-2147483648,0,-32764,6810,,1,6,,4,Available,Sites #200-416 (93),Small trailer / pop-up,-2147483612,Campsite (less than 100m),,No,,,,,No,15/30 Amps,Regular Rate,,Front Centre,"Grass, Soil",,1,2,9.0,,,Poor,Yes,Average,,,,Electric,,12.0,Partial Shade - PM Sun,23.0,,,,https://reservations.ontarioparks.ca/images/1cbc945b-b9ca-407e-bb90-23c581089738.jpg,https://reservations.ontarioparks.ca/images/cff75d3c-b459-4096-9497-5d1213d7773b.jpg,,,,
-2147481666,253,,,-2147483648,0,-32764,6820,,1,6,,4,Available,Sites #200-416 (93),Small trailer / pop-up,-2147483612,Campsite (less than 100m),,No,,,,,No,15/30 Amps,Regular Rate,,Back Left,"Grass, Soil",,1,2,9.0,,,Poor,Yes,Average,,,,Electric,,14.0,Partial Shade - PM Sun,27.0,,,,https://reservations.ontarioparks.ca/images/fde1f2a6-d028-4676-b1b2-9ca05447a992.jpg,,,,,
-2147481680,254,,,-2147483648,0,-32764,6830,,1,6,,6,Available,Sites #200-416 (93),Trailer / motorhome,-2147483612,Campsite (less than 100m),,No,,,,,No,15/30 Amps,Regular Rate,,Back Right,"Grass, Soil",,1,2,16.0,,,Average,,Average,,,,Electric,,14.0,Partial Shade - PM Sun,25.0,,,,https://reservations.ontarioparks.ca/images/c202727f-efcc-4b0e-85e4-099f629c841c.jpg,https://reservations.ontarioparks.ca/images/0fc458e2-848f-421a-b050-5060e4bc2cfd.jpg,,,,
-2147481904,255,,,-2147483648,0,-32764,6840,,1,6,,4,Available,Sites #200-416 (93),Small trailer / pop-up,-2147483612,Campsite (less than 100m),,No,,Above Avg. Vehicular Traffic,,,No,15/30 Amps,Regular Rate,,Back Left,"Grass, Soil",,1,2,9.0,,,Poor,Yes,Average,,,,Electric,,12.0,Partial Shade - PM Sun,23.0,,,,https://reservations.ontarioparks.ca/images/15640954-ef21-4f38-94db-9c2209ee590d.jpg,https://reservations.ontarioparks.ca/images/37e47195-ed88-43d3-a3b1-edab1fc86667.jpg,,,,
-2147481605,256,,,-2147483648,0,-32764,6850,,1,6,,6,Available,Sites #200-416 (93),Trailer / motorhome,-2147483612,Campsite (less than 100m),,No,,Above Avg. Vehicular Traffic,,,No,15/30 Amps,Regular Rate,,Centre,"Grass, Soil",,1,2,16.0,,,Average,,Average,,,,Electric,,14.0,Partial Shade - PM Sun,18.0,,,,https://reservations.ontarioparks.ca/images/ade031e3-86e5-4ad6-b87c-0d296a73d5c4.jpg,https://reservations.ontarioparks.ca/images/cd5692eb-2cd0-4ad2-b734-ecd8ad9df5a1.jpg,,,,
-2147481783,257,,,-2147483648,0,-32764,6860,,1,6,,4,Available,Sites #200-416 (93),Small trailer / pop-up,-2147483612,Campsite (less than 100m),,No,,,,,No,15/30 Amps,Regular Rate,,Back Left,"Grass, Soil",,1,2,9.0,,,Poor,Yes,Average,,,,Electric,,12.0,Partial Shade - PM Sun,21.0,,,,https://reservations.ontarioparks.ca/images/b9f641ff-8507-481e-bbfb-04542e28a7ed.jpg,https://reservations.ontarioparks.ca/images/44612ec4-f2e3-45cd-b3ae-2c714e0ea051.jpg,,,,
-2147481955,258,,,-2147483648,0,-32764,6870,,1,6,,6,Available,Sites #200-416 (93),Trailer / motorhome,-2147483612,Campsite (less than 100m),,No,,Above Avg. Vehicular Traffic,,,No,15/30 Amps,Regular Rate,,Back Centre,"Grass, Soil",,1,2,16.0,,,Average,,Average,,,,Electric,,14.0,Partial Shade - PM Sun,14.0,,,,https://reservations.ontarioparks.ca/images/3c4cb416-fcad-4548-b9b9-121331b6ae2c.jpg,https://reservations.ontarioparks.ca/images/cedc033c-ec76-4f3f-8e02-43c9fec5fd09.jpg,,,,
-2147481723,259,,,-2147483648,0,-32764,6880,,1,6,,4,Available,Sites #200-416 (93),Small trailer / pop-up,-2147483612,Campsite (less than 100m),,No,,,,,No,15/30 Amps,Regular Rate,,Centre,"Grass, Soil",,1,2,9.0,,,Poor,Yes,Average,,,,Electric,,12.0,Partial Shade - PM Sun,22.0,,,,https://reservations.ontarioparks.ca/images/87d90a1d-bf12-4417-ac43-3414e3bd393f.jpg,,,,,
-2147481696,260,,,-2147483648,0,-32686,6890,,1,6,,6,Available,Sites #200-416 (93),Trailer / motorhome,-2147483612,Campsite (less than 100m),,No,,Above Avg. Vehicular Traffic,,,No,15/30 Amps,Premium Rate,,Front Left,"Grass, Soil",,1,2,14.0,,,Average,,Average,,,,Electric,,14.0,Partial Shade - PM Sun,17.0,,,,https://reservations.ontarioparks.ca/images/e5c0fee3-5ad8-4ae1-9375-4655d3bb3372.jpg,https://reservations.ontarioparks.ca/images/773e396f-b509-4cbf-84b3-ca1559dae4c3.jpg,,,,
-2147481699,261,,,-2147483648,0,-32764,6900,,1,6,,4,Available,Sites #200-416 (93),Small trailer / pop-up,-2147483612,Campsite (less than 100m),,No,,,,,No,15/30 Amps,Regular Rate,,Middle Left,"Grass, Soil",,1,2,9.0,Uneven,,Poor,Yes,Average,,,,Electric,,12.0,Partial Shade - PM Sun,26.0,,,,https://reservations.ontarioparks.ca/images/e23740f5-2eac-4cdb-93b4-8ecb057a5e2c.jpg,https://reservations.ontarioparks.ca/images/a402b2eb-d295-4fc6-a6b1-5be1487aebb2.jpg,,,,
-2147481967,262,,,-2147483648,0,-32764,6910,,1,6,,6,Available,Sites #200-416 (93),Trailer / motorhome,-2147483612,Campsite (less than 100m),,No,,Above Avg. Vehicular Traffic,,,No,15/30 Amps,Regular Rate,,Middle Right,"Grass, Soil",,1,2,16.0,,,Average,,Average,,,,Electric,,15.0,Partial Shade - PM Sun,20.0,,,,https://reservations.ontarioparks.ca/images/2c57f5d6-1d0a-492a-a600-dfd8d0d30ba7.jpg,https://reservations.ontarioparks.ca/images/5ce3d3c9-26a0-4b27-bdb0-620a25847aa5.jpg,,,,
-2147481885,263,,,-2147483648,0,-32764,6920,,1,6,,4,Available,Sites #200-416 (93),Small trailer / pop-up,-2147483612,Campsite (less than 100m),,No,,,,,No,15/30 Amps,Regular Rate,,Centre,"Grass, Soil",,1,2,9.0,,,Poor,Yes,Average,,,,Electric,,12.0,Partial Shade - PM Sun,17.0,,,,https://reservations.ontarioparks.ca/images/2b348997-5040-4fd5-ac98-0a0be8faa0cc.jpg,https://reservations.ontarioparks.ca/images/0fd705ed-b1cb-4b44-8b38-64ad7352eb4c.jpg,,,,
-2147481754,264,,,-2147483648,0,-32764,6930,,1,6,,6,Available,Sites #200-416 (93),Trailer / motorhome,-2147483612,Campsite (less than 100m),,No,,Above Avg. Vehicular Traffic,,,No,15/30 Amps,Regular Rate,,Back Left,"Grass, Soil",,1,2,16.0,Uneven,,Average,No,Average,,,,Electric,,15.0,Partial Shade - PM Sun,21.0,,,,https://reservations.ontarioparks.ca/images/7b62a9c2-bf23-45d2-9c6e-cded535f34e0.jpg,https://reservations.ontarioparks.ca/images/dbb1ec85-b090-49de-90d6-4dd23efaa363.jpg,,,,
-2147481952,265,,,-2147483648,0,-32764,6940,,1,6,,4,Available,Sites #200-416 (93),Small trailer / pop-up,-2147483612,Campsite (less than 100m),,No,,,,,No,15/30 Amps,Regular Rate,,Front Left,"Grass, Soil",,1,2,9.0,,,Poor,Yes,Average,,,,Electric,,12.0,Partial Shade - PM Sun,22.0,,,,https://reservations.ontarioparks.ca/images/7660305b-dcea-418a-afb0-30f92b1e7807.jpg,https://reservations.ontarioparks.ca/images/09120d19-905e-41e1-b46b-083ec5d3e0a3.jpg,,,,
-2147482002,266,,,-2147483648,0,-32764,6950,,1,6,,6,Available,Sites #200-416 (93),Trailer / motorhome,-2147483612,Campsite (less than 100m),,No,,Above Avg. Vehicular Traffic,,,No,15/30 Amps,Regular Rate,,Back Right,"Grass, Soil",,1,2,21.0,,,Average,,Average,,,,Electric,,15.0,Partial Shade - PM Sun,17.0,,,,https://reservations.ontarioparks.ca/images/545ab95d-5fa6-45fc-afbf-9f5b08471957.jpg,https://reservations.ontarioparks.ca/images/2b4c214e-39d0-4334-acfa-75a33d6d9b36.jpg,,,,
-2147481560,267,,,-2147483648,0,-32764,6960,,1,6,,4,Available,Sites #200-416 (93),Small trailer / pop-up,-2147483612,Campsite (less than 100m),,No,,,,,No,15/30 Amps,Regular Rate,,Back Centre,"Grass, Soil",,1,2,9.0,,,Poor,Yes,Average,,,,Electric,,12.0,Partial Shade - PM Sun,18.0,,,,https://reservations.ontarioparks.ca/images/34b5d07b-3225-4065-a290-457f24725a8d.jpg,,,,,
-2147481930,268,,,-2147483648,0,-32764,6970,,1,6,,6,Available,Sites #200-416 (93),Trailer / motorhome,-2147483612,Campsite (less than 100m),,No,,Above Avg. Vehicular Traffic,,,No,15/30 Amps,Regular Rate,,Front Left,"Grass, Soil",,1,2,16.0,,,Average,,Average,,,,Electric,,15.0,Partial Shade - PM Sun,23.0,,,,https://reservations.ontarioparks.ca/images/9c8f846a-b55a-4b5d-96eb-d43511338218.jpg,https://reservations.ontarioparks.ca/images/0100acce-ff5d-41b2-ada9-82e3444f5aa5.jpg,,,,
-2147481929,269,,,-2147483648,0,-32764,6980,,1,6,,4,Available,Sites #200-416 (93),Small trailer / pop-up,-2147483612,Campsite (less than 100m),,No,,,,,No,15/30 Amps,Regular Rate,,Centre,"Grass, Soil",,1,2,9.0,,,Poor,Yes,Average,,,,Electric,,12.0,Partial Shade - PM Sun,20.0,,,,https://reservations.ontarioparks.ca/images/bac8b3ef-3f26-447e-ba28-0a82e16e326e.jpg,https://reservations.ontarioparks.ca/images/00bac522-be14-4574-9671-5ceef32d7442.jpg,,,,
-2147481635,270,,,-2147483648,0,-32764,6990,,1,6,,6,Available,Sites #200-416 (93),Trailer / motorhome,-2147483612,Campsite (less than 100m),,No,,Above Avg. Vehicular Traffic,,,No,15/30 Amps,Regular Rate,,Back Right,"Grass, Soil",,1,2,16.0,,,Average,No,Average,,,,Electric,,15.0,Partial Shade - PM Sun,13.0,,,,https://reservations.ontarioparks.ca/images/53045212-ae0b-4834-bab9-6bee2d9a8dd3.jpg,,,,,
-2147481808,271,,,-2147483648,0,-32764,7000,,1,6,,4,Available,Sites #200-416 (93),Small trailer / pop-up,-2147483612,Campsite (less than 100m),,No,,,,,No,15/30 Amps,Regular Rate,,Back Right,"Grass, Soil",,1,2,9.0,,,Poor,Yes,Average,,,,Electric,,12.0,Partial Shade - PM Sun,20.0,,,,https://reservations.ontarioparks.ca/images/8ab1c52e-adeb-41de-8e23-71a013dacdc0.jpg,https://reservations.ontarioparks.ca/images/0d25055d-31ca-4835-9bb5-787a4cf2e63f.jpg,,,,
-2147481980,272,,,-2147483648,0,-32764,7010,,1,6,,6,Available,Sites #200-416 (93),Trailer / motorhome,-2147483612,Campsite (less than 100m),,No,,Above Avg. Vehicular Traffic,,,No,15/30 Amps,Regular Rate,,Front Left,"Grass, Soil",,1,2,16.0,,,Average,No,Average,,,,Electric,,15.0,Partial Shade - PM Sun,18.0,,,,https://reservations.ontarioparks.ca/images/90db386f-cdb0-4b5d-a43c-c26a29115e4d.jpg,https://reservations.ontarioparks.ca/images/f8acae80-2ec0-4789-b8af-ad90ca1d6def.jpg,,,,
-2147481859,273,,,-2147483648,0,-32764,7020,,1,6,,4,Available,Sites #200-416 (93),Small trailer / pop-up,-2147483612,Campsite (less than 100m),,No,,,,,No,15/30 Amps,Regular Rate,,Middle Left,"Grass, Soil",,1,2,12.0,,,Poor,Yes,Average,,,,Electric,,12.0,Partial Shade - PM Sun,18.0,,,,https://reservations.ontarioparks.ca/images/d3aa111d-b7b1-4d58-9b5e-b5d3e1af314d.jpg,https://reservations.ontarioparks.ca/images/3eea78e1-339e-4906-8a7b-3057cd535e35.jpg,,,,
-2147481728,274,,,-2147483648,0,-32764,7030,,1,6,,6,Available,Sites #200-416 (93),Trailer / motorhome,-2147483612,Campsite (less than 100m),,No,,Above Avg. Vehicular Traffic,,,No,15/30 Amps,Regular Rate,,Front Right,"Grass, Soil",,1,2,16.0,,,Average,,Average,,,,Electric,,15.0,Partial Shade - PM Sun,20.0,,,,https://reservations.ontarioparks.ca/images/ec25d2ed-892e-462e-b4a6-9b6ca9df55bd.jpg,https://reservations.ontarioparks.ca/images/4f0bfff8-a1cc-4e5e-a2c4-8b6527e8b288.jpg,,,,
-2147481905,275,,,-2147483648,0,-32764,7040,,1,6,,4,Available,Sites #200-416 (93),Small trailer / pop-up,-2147483612,Campsite (less than 100m),,No,,"Above Avg. Vehicular Traffic, Corner Site",,,No,15/30 Amps,Regular Rate,,Back Left,"Grass, Soil",,1,2,9.0,,,Poor,,Average,,,,Electric,,15.0,Partial Shade - PM Sun,20.0,,,,https://reservations.ontarioparks.ca/images/b515a166-9192-4b1a-89b1-14d64f7cf7ba.jpg,https://reservations.ontarioparks.ca/images/f6b4956c-f9bf-4a9c-a4cb-588e47f48b37.jpg,,,,
-2147481647,300,,Open to site 301.,-2147483648,0,-32686,7050,,1,6,,4,Available,Sites #300-456 (91),Small trailer / pop-up,-2147483611,Campsite (less than 100m),,No,,Above Avg. Vehicular Traffic,,,No,15/30 Amps,Premium Rate,,Back Centre,Soil,,1,2,9.0,,,Average,,Average,,,,Electric,,17.0,Partial Shade - PM Sun,20.0,,,,https://reservations.ontarioparks.ca/images/479b9e31-fe7b-414f-a3e6-5d8e9dce5b8f.jpg,https://reservations.ontarioparks.ca/images/72d28139-c219-415c-9369-aa48f603219d.jpg,https://reservations.ontarioparks.ca/images/1e35ba05-e705-4eea-a2e6-4602760539a6.jpg,,,
-2147481598,301,,Open to site 300.,-2147483648,0,-32686,7060,,1,6,,4,Available,Sites #300-456 (91),Trailer / motorhome,-2147483611,Campsite (less than 100m),,No,,Above Avg. Vehicular Traffic,,,No,15/30 Amps,Premium Rate,,Middle Left,"Soil, Rock(s)",,1,2,9.0,Slight,,Average,,Average,,,,Electric,,20.0,Partial Shade - PM Sun,17.0,,,,https://reservations.ontarioparks.ca/images/e539201f-70e1-4417-aa6c-9ed0fdb83fa2.jpg,https://reservations.ontarioparks.ca/images/37442906-4a36-4fb0-8d49-48e644cb5242.jpg,,,,
-2147481908,302,,,-2147483648,0,-32686,7070,,1,6,,2,Available,Sites #300-456 (91),Trailer / motorhome,-2147483611,Campsite (less than 100m),,No,,Corner Site,,,No,15/30 Amps,Premium Rate,,Back Left,"Grass, Soil",,1,2,18.0,Moderate,,Average,Yes,Good,,,,Electric,,18.0,Partial Shade - PM Sun,25.0,,,,https://reservations.ontarioparks.ca/images/35020458-5262-4b24-a2c3-9cba40935141.jpg,https://reservations.ontarioparks.ca/images/4e9f5c8f-011c-4342-8230-e5f2dda763a1.jpg,https://reservations.ontarioparks.ca/images/cf3643c2-4af6-4466-8039-9a224d099a3c.jpg,,,
-2147481766,303,,,-2147483648,0,-32686,7080,,1,6,,2,Available,Sites #300-456 (91),Trailer / motorhome,-2147483611,Campsite (less than 100m),,No,,,,,No,15/30 Amps,Premium Rate,,Back Centre,"Grass, Soil",,1,2,12.0,Slight,,Average,Yes,Good,,,,Electric,,20.0,Partial Shade - PM Sun,23.0,,,,https://reservations.ontarioparks.ca/images/75e0df57-8274-4362-9822-08c5a00e428a.jpg,https://reservations.ontarioparks.ca/images/3fa0ce78-2b27-4f42-bec5-7f5928afac64.jpg,,,,
-2147481901,304,,,-2147483648,0,-32686,7090,,1,6,,2,Available,Sites #300-456 (91),Trailer / motorhome,-2147483611,Campsite (less than 100m),,No,,,,,No,15/30 Amps,Premium Rate,,Back Left,"Grass, Soil",,1,2,16.0,Moderate,,Average,Yes,Good,,,,Electric,,20.0,Partial Shade - PM Sun,25.0,,,,https://reservations.ontarioparks.ca/images/16c7b1b6-da38-4c40-80cc-c57ffc6be42a.jpg,https://reservations.ontarioparks.ca/images/8e59052d-98ff-456c-b25b-fd3bab0eb984.jpg,,,,
-2147482009,305,,,-2147483648,0,-32686,7100,,1,6,,2,Available,Sites #300-456 (91),Trailer / motorhome,-2147483611,Campsite (less than 100m),,No,,,,,No,15/30 Amps,Premium Rate,,Middle Left,"Grass, Soil",,1,2,16.0,Moderate,,Average,Yes,Good,,,,Electric,,22.0,Partial Shade - PM Sun,33.0,,,,https://reservations.ontarioparks.ca/images/5b890b8e-5099-4623-b07e-babe99f0e9eb.jpg,https://reservations.ontarioparks.ca/images/c1c76d88-56b2-4607-9759-bd896261800b.jpg,,,,
-2147481753,306,,,-2147483648,0,-32686,7110,,1,6,,2,Available,Sites #300-456 (91),Trailer / motorhome,-2147483611,Campsite (less than 100m),,No,,,,,No,15/30 Amps,Premium Rate,,Back Centre,"Grass, Soil",,1,2,8.0,Moderate,,Average,Yes,Good,,,,Electric,,22.0,Partial Shade - PM Sun,18.0,,,,https://reservations.ontarioparks.ca/images/11de9ddd-aa00-4ede-9530-2773126f0a4a.jpg,https://reservations.ontarioparks.ca/images/ecd4bf1f-4f7e-4224-b417-ffb24f1d90e6.jpg,,,,
-2147481622,307,,,-2147483648,0,-32764,7120,,1,6,,4,Available,Sites #300-456 (91),Small trailer / pop-up,-2147483611,Campsite (less than 100m),,No,,,,,No,15/30 Amps,Regular Rate,,Middle Left,"Grass, Soil",,1,2,7.0,Slight,,Poor,Yes,Average,,,,Electric,,13.0,No Shade/Full Sun,21.0,,,,https://reservations.ontarioparks.ca/images/8ba6ab1a-a785-4a9d-899e-404f9f669d6f.jpg,https://reservations.ontarioparks.ca/images/a22865b9-405c-41e1-8168-ccc358eaf234.jpg,,,,
-2147481653,308,,,-2147483648,0,-32764,7130,,1,6,,1,Available,Sites #300-456 (91),Tent only,-2147483611,Campsite (less than 100m),,No,,,,,No,15/30 Amps,Regular Rate,,Back Centre,"Grass, Soil",,1,2,11.0,Slight,,Poor,Yes,Average,,,,Electric,,17.0,No Shade/Full Sun,20.0,,,,https://reservations.ontarioparks.ca/images/7343ffe1-1d84-4ef2-8578-fab2ed4185b2.jpg,https://reservations.ontarioparks.ca/images/51e279ed-889d-459c-98d6-7acaad73445c.jpg,,,,
-2147481953,309,,,-2147483648,0,-32764,7140,,1,6,,4,,Sites #300-456 (91),Small trailer / pop-up,-2147483611,Campsite (less than 100m),,No,,,,,No,15/30 Amps,Regular Rate,,Front Right,"Grass, Soil",,1,2,9.0,Slight,,Poor,Yes,Average,,,,Electric,,13.0,No Shade/Full Sun,12.0,,,,https://reservations.ontarioparks.ca/images/46f0b80b-6983-4827-a9d1-73b10281f2a4.jpg,https://reservations.ontarioparks.ca/images/0c14e150-9cd2-47d7-9cf5-3d837523ced3.jpg,,,,
-2147481516,310,,,-2147483648,0,-32686,7150,,1,6,,1,Available,Sites #300-456 (91),Tent only,-2147483611,Campsite (less than 100m),,No,,,,,No,15/30 Amps,Premium Rate,,Middle Left,"Grass, Soil",,1,2,14.0,Slight,,Poor,Yes,Average,,,,Electric,,17.0,No Shade/Full Sun,27.0,,,,https://reservations.ontarioparks.ca/images/769addc1-1d67-42b5-9838-629a3a04edd8.jpg,,,,,
-2147481812,311,,,-2147483648,0,-32764,7160,,1,6,,4,Available,Sites #300-456 (91),Small trailer / pop-up,-2147483611,Campsite (less than 100m),,No,,,,,No,15/30 Amps,Regular Rate,,Front Left,"Grass, Soil",,1,2,9.0,,,Poor,Yes,Average,,,,Electric,,13.0,No Shade/Full Sun,17.0,,,,https://reservations.ontarioparks.ca/images/a6cb56f6-8d87-418a-8b54-1c3503b12ea1.jpg,https://reservations.ontarioparks.ca/images/32685f5c-96e2-4a8c-baa1-61e82e50f324.jpg,,,,
-2147481825,312,,,-2147483648,0,-32764,7170,,1,6,,1,Available,Sites #300-456 (91),Tent only,-2147483611,"Water Tap, Campsite (less than 100m)",,No,,,,,No,15/30 Amps,Regular Rate,,Back Right,"Grass, Soil",,1,2,14.0,Slight,,Poor,Yes,Average,,,,Electric,,17.0,No Shade/Full Sun,18.0,,,,https://reservations.ontarioparks.ca/images/ab75d227-7a55-422d-982a-32d360af7dc5.jpg,https://reservations.ontarioparks.ca/images/f26af7e3-a864-4bb1-97b8-527af30138dc.jpg,,,,
-2147481695,313,,,-2147483648,0,-32764,7180,,1,6,,4,Available,Sites #300-456 (91),Small trailer / pop-up,-2147483611,Campsite (less than 100m),,No,,,,,No,15/30 Amps,Regular Rate,,Centre,"Grass, Soil",,1,2,10.0,Slight,,Poor,Yes,Average,,,,Electric,,13.0,No Shade/Full Sun,20.0,,,,https://reservations.ontarioparks.ca/images/592c5a6d-9479-45a6-964e-ac8a0e01cb9b.jpg,https://reservations.ontarioparks.ca/images/b0cccb47-8bfe-48a8-9b28-23a38d590544.jpg,,,,
-2147481818,314,,,-2147483648,0,-32764,7190,,1,6,,1,Available,Sites #300-456 (91),Tent only,-2147483611,Campsite (less than 100m),,No,,,,,No,15/30 Amps,Regular Rate,,Centre,"Grass, Soil",,1,2,17.0,Slight,,Poor,Yes,Average,,,,Electric,,17.0,No Shade/Full Sun,24.0,,,,https://reservations.ontarioparks.ca/images/6c5fa722-e9d2-4611-a0e4-5f4b34fbc311.jpg,https://reservations.ontarioparks.ca/images/1582bd72-72a3-41b9-89e0-359436a0ad53.jpg,,,,
-2147481730,315,,,-2147483648,0,-32764,7200,,1,6,,4,Available,Sites #300-456 (91),Small trailer / pop-up,-2147483611,Campsite (less than 100m),,No,,,,,No,15/30 Amps,Regular Rate,,Centre,"Grass, Soil",,1,2,14.0,,,Poor,Yes,Average,,,,Electric,,13.0,No Shade/Full Sun,30.0,,,,https://reservations.ontarioparks.ca/images/1a9ba4d3-5ee0-4772-b858-54575e3e1b45.jpg,https://reservations.ontarioparks.ca/images/08821061-6982-49d6-a21b-74c3df1eb9d5.jpg,,,,
-2147481774,316,,,-2147483648,0,-32764,7210,,1,6,,1,Available,Sites #300-456 (91),Tent only,-2147483611,Campsite (less than 100m),,No,,,,,No,15/30 Amps,Regular Rate,,Middle Left,"Grass, Soil",,1,2,9.0,Slight,,Poor,Yes,Average,,,,Electric,,15.0,No Shade/Full Sun,27.0,,,,https://reservations.ontarioparks.ca/images/cd3bea07-47d1-4037-abfb-b316bf87fac2.jpg,https://reservations.ontarioparks.ca/images/31fbcd3b-dffb-41e4-9d0f-3a1f0d5f7ce6.jpg,,,,
-2147481985,317,,,-2147483648,0,-32764,7220,,1,6,,4,Available,Sites #300-456 (91),Small trailer / pop-up,-2147483611,Campsite (less than 100m),,No,,,,,No,15/30 Amps,Regular Rate,,Middle Right,"Grass, Soil",,1,2,11.0,,,Poor,Yes,Average,,,,Electric,,13.0,No Shade/Full Sun,23.0,,,,https://reservations.ontarioparks.ca/images/5c8f24c8-3a36-49dd-a543-9510d64d2013.jpg,https://reservations.ontarioparks.ca/images/34f9bb52-01be-44bf-977f-061c25a8c626.jpg,,,,
-2147482013,318,,,-2147483648,0,-32764,7230,,1,6,,6,Available,Sites #300-456 (91),Trailer / motorhome,-2147483611,Campsite (less than 100m),,No,,,,,No,15/30 Amps,Regular Rate,,Middle Left,"Grass, Soil",,1,2,12.0,Uneven,,Poor,,Average,,,,Electric,,17.0,No Shade/Full Sun,20.0,,,,https://reservations.ontarioparks.ca/images/2f0eeb04-bd2b-4ab7-a7bc-ed16ee570aad.jpg,https://reservations.ontarioparks.ca/images/44cdf723-7627-4834-b72a-a80a82d1f890.jpg,,,,
-2147481539,319,,,-2147483648,0,-32764,7240,,1,6,,4,Available,Sites #300-456 (91),Small trailer / pop-up,-2147483611,Campsite (less than 100m),,No,,Corner Site,,,No,15/30 Amps,Regular Rate,,Back Left,Soil,,1,2,12.0,,,Average,,Average,,,,Electric,,15.0,No Shade/Full Sun,15.0,,,,https://reservations.ontarioparks.ca/images/37d0ea05-3a23-4a43-9f23-d096d806096a.jpg,https://reservations.ontarioparks.ca/images/58e22379-1258-4323-bfeb-e5822ea64463.jpg,,,,
-2147481586,320,,,-2147483648,0,-32764,7250,,1,6,,4,Available,Sites #300-456 (91),Small trailer / pop-up,-2147483611,Campsite (less than 100m),,No,,,,,No,15/30 Amps,Regular Rate,,Middle Left,Soil,,1,2,13.0,,,Average,,Average,,,,Electric,,11.0,No Shade/Full Sun,12.0,,,,https://reservations.ontarioparks.ca/images/862a590e-5619-4593-a114-43ff4bf09c18.jpg,https://reservations.ontarioparks.ca/images/d1d4be1e-456f-4530-ba7a-1219e1e991f1.jpg,,,,
-2147481830,321,,,-2147483648,0,-32764,7260,,1,6,,4,Available,Sites #300-456 (91),Small trailer / pop-up,-2147483611,Campsite (less than 100m),,Yes,,,,,No,15/30 Amps,Regular Rate,,Back Centre,Soil,,1,2,14.0,,,Poor,,Average,,,,Electric,,16.0,No Shade/Full Sun,14.0,,,,https://reservations.ontarioparks.ca/images/fcdd7d26-6506-4810-b546-3dc72b45a583.png,https://reservations.ontarioparks.ca/images/4c249038-cade-4390-8a5d-a339aae369e5.jpg,https://reservations.ontarioparks.ca/images/968966a0-1bf1-4dae-b836-305d7a464483.jpg,,,
-2147481793,322,,,-2147483648,0,-32764,7270,,1,6,,4,Available,Sites #300-456 (91),Small trailer / pop-up,-2147483611,Campsite (less than 100m),,No,,Above Avg. Vehicular Traffic,,,No,15/30 Amps,Regular Rate,,Front Centre,"Gravel, Grass, Soil",,1,2,12.0,Uneven,,Poor,,Average,,,,Electric,,14.0,No Shade/Full Sun,22.0,,,,https://reservations.ontarioparks.ca/images/73854558-cd51-417d-9219-7dfe95187a60.jpg,,,,,
-2147482023,323,,,-2147483648,0,-32764,7280,,1,6,,4,Available,Sites #300-456 (91),Small trailer / pop-up,-2147483611,Campsite (less than 100m),,No,,Above Avg. Vehicular Traffic,,,No,15/30 Amps,Regular Rate,,Back Right,"Grass, Soil",,1,2,8.0,,,Poor,,Average,,,,Electric,,12.0,No Shade/Full Sun,18.0,,,,https://reservations.ontarioparks.ca/images/08380acf-cf71-46ae-9d10-ecc4d70d41dd.jpg,,,,,
-2147481816,324,,,-2147483648,0,-32764,7290,,1,6,,4,Available,Sites #300-456 (91),Trailer / motorhome,-2147483611,Campsite (less than 100m),,No,,Above Avg. Vehicular Traffic,,,No,15/30 Amps,Regular Rate,,Back Right,"Gravel, Grass, Soil",,1,2,11.0,,,Poor,,Average,,,,Electric,,21.0,No Shade/Full Sun,12.0,,,,https://reservations.ontarioparks.ca/images/13742a21-c369-4d56-9ced-1a55f4f4ae30.jpg,,,,,
-2147481557,325,,,-2147483648,0,-32764,7300,,1,6,,7,Available,Sites #300-456 (91),Trailer / motorhome,-2147483611,Campsite (less than 100m),,No,,,,,No,15/30 Amps,Regular Rate,,Middle Right,"Grass, Soil",,1,2,15.0,,,Poor,,Average,,,,Electric,,11.0,No Shade/Full Sun,23.0,,,,https://reservations.ontarioparks.ca/images/475acd51-eb8b-4122-8799-d21e348aa6e4.jpg,https://reservations.ontarioparks.ca/images/b9e15ca8-4d24-4de0-8395-41b754f4c213.jpg,https://reservations.ontarioparks.ca/images/9863990c-014d-4de1-9b6b-6daef04b3620.jpg,,,
-2147481706,326,,,-2147483648,0,-32764,7310,,1,6,,6,Available,Sites #300-456 (91),Trailer / motorhome,-2147483611,"Water Tap, Campsite (less than 100m)",,No,,Corner Site,,,No,15/30 Amps,Regular Rate,,Centre,"Grass, Soil",,1,2,16.0,,,Poor,,Average,,,,Electric,,17.0,No Shade/Full Sun,26.0,,,,https://reservations.ontarioparks.ca/images/1ef9a0c6-2439-4437-b8b8-d301de14f789.jpg,https://reservations.ontarioparks.ca/images/548235cb-dac2-4f01-82fd-58dd9be4e610.jpg,https://reservations.ontarioparks.ca/images/1a87961e-58d6-44be-b4f9-c5337560936b.jpg,https://reservations.ontarioparks.ca/images/b231808f-9383-4cf3-9e7b-df41693dec7e.jpg,,
-2147481518,327,,,-2147483648,0,-32764,7320,,1,6,,6,Available,Sites #300-456 (91),Trailer / motorhome,-2147483611,Campsite (less than 100m),,No,,,,,No,15/30 Amps,Regular Rate,,Back Left,"Grass, Soil",,1,2,10.0,,,Poor,,Average,,,,Electric,,12.0,No Shade/Full Sun,13.0,,,,https://reservations.ontarioparks.ca/images/c9a5fc5a-32e8-4bb1-be99-67806d4e0f43.jpg,https://reservations.ontarioparks.ca/images/831c9f66-bb89-48d4-8d45-12a2d880fc71.jpg,,,,
-2147481822,328,,,-2147483648,0,-32764,7330,,1,6,,6,Available,Sites #300-456 (91),Trailer / motorhome,-2147483611,Campsite (less than 100m),,No,,,,,No,15/30 Amps,Regular Rate,,Centre,"Grass, Soil",,1,2,10.0,,,Poor,Yes,Average,,,,Electric,,17.0,No Shade/Full Sun,18.0,,,,https://reservations.ontarioparks.ca/images/753cb8c5-a76b-4419-a38d-68f45bd81000.jpg,,,,,
-2147481981,329,,,-2147483648,0,-32764,7340,,1,6,,6,Available,Sites #300-456 (91),Trailer / motorhome,-2147483611,Campsite (less than 100m),,No,,,,,No,15/30 Amps,Regular Rate,,Back Left,"Grass, Soil",,1,2,14.0,,,Poor,,Average,,,,Electric,,12.0,No Shade/Full Sun,12.0,,,,https://reservations.ontarioparks.ca/images/5eeafcbf-458f-43d1-9164-c79d87ae5255.jpg,https://reservations.ontarioparks.ca/images/a7c3579f-e101-4d79-b292-25718044799e.jpg,,,,
-2147481826,330,,,-2147483648,0,-32764,7350,,1,6,,6,Available,Sites #300-456 (91),Trailer / motorhome,-2147483611,Campsite (less than 100m),,No,,,,,No,15/30 Amps,Regular Rate,,Back Left,"Grass, Soil",,1,2,12.0,,,Poor,Yes,Average,,,,Electric,,17.0,No Shade/Full Sun,21.0,,,,https://reservations.ontarioparks.ca/images/acd88612-df3d-41ff-9777-f6c11bf6c520.jpg,https://reservations.ontarioparks.ca/images/2bb15dcd-eade-4696-a258-7a1ba364eeb7.jpg,,,,
-2147481759,331,,,-2147483648,0,-32764,7360,,1,6,,7,Available,Sites #300-456 (91),Trailer / motorhome,-2147483611,Campsite (less than 100m),,No,,,,,No,15/30 Amps,Regular Rate,,Middle Left,"Grass, Soil",,1,2,6.0,,,Poor,,Average,,,,Electric,,12.0,No Shade/Full Sun,25.0,,,,https://reservations.ontarioparks.ca/images/284772bb-5987-4957-a97b-928af3748c29.jpg,https://reservations.ontarioparks.ca/images/98c61009-ee09-40b2-8f3c-a55b8cfba8b2.jpg,,,,
-2147481526,332,,,-2147483648,0,-32764,7370,,1,6,,6,Available,Sites #300-456 (91),Trailer / motorhome,-2147483611,Campsite (less than 100m),,No,,,,,No,15/30 Amps,Regular Rate,,Centre,"Grass, Soil",,1,2,8.0,Uneven,,Poor,Yes,Average,,,,Electric,,17.0,No Shade/Full Sun,20.0,,,,https://reservations.ontarioparks.ca/images/ff334810-6562-469e-8c60-a0d39318256b.jpg,https://reservations.ontarioparks.ca/images/4b9fea7c-cf84-425d-8956-4fd634896f2c.jpg,,,,
-2147481869,333,,,-2147483648,0,-32764,7380,,1,6,,6,Available,Sites #300-456 (91),Trailer / motorhome,-2147483611,Campsite (less than 100m),,No,,,,,No,15/30 Amps,Regular Rate,,Middle Left,"Grass, Soil",,1,2,19.0,,,Poor,,Average,,,,Electric,,12.0,No Shade/Full Sun,13.0,,,,https://reservations.ontarioparks.ca/images/91eb0fc8-5c40-464d-b38a-1c2f184c6b1a.jpg,https://reservations.ontarioparks.ca/images/531ada65-fa2f-4d05-a037-b11f057bb6ef.jpg,,,,
-2147481573,334,,,-2147483648,0,-32764,7390,,1,6,,6,Available,Sites #300-456 (91),Trailer / motorhome,-2147483611,Campsite (less than 100m),,No,,,,,No,15/30 Amps,Regular Rate,,Centre,"Grass, Soil",,1,2,10.0,,,Poor,Yes,Average,,,,Electric,,17.0,No Shade/Full Sun,17.0,,,,https://reservations.ontarioparks.ca/images/3aa194c3-b1d7-4e6c-90e6-9e1e615a46bf.jpg,https://reservations.ontarioparks.ca/images/7dee6f85-6ea3-401d-9460-ddd5fac37c6a.jpg,,,,
-2147481743,335,,,-2147483648,0,-32764,7400,,1,6,,7,Available,Sites #300-456 (91),Trailer / motorhome,-2147483611,Campsite (less than 100m),,No,,,,,No,15/30 Amps,Regular Rate,,Back Centre,"Grass, Soil",,1,2,9.0,,,Poor,,Average,,,,Electric,,12.0,No Shade/Full Sun,20.0,,,,https://reservations.ontarioparks.ca/images/5fb6ac0b-201a-4aee-af28-9ac3f8d7f821.jpg,https://reservations.ontarioparks.ca/images/a37400a6-310d-41aa-a0c3-e1cfe3c43a4f.jpg,,,,
-2147481614,336,,,-2147483648,0,-32764,7410,,1,6,,6,Available,Sites #300-456 (91),Trailer / motorhome,-2147483611,Campsite (less than 100m),,No,,,,,No,15/30 Amps,Regular Rate,,Centre,"Grass, Soil",,1,2,10.0,,,Poor,Yes,Average,,,,Electric,,17.0,No Shade/Full Sun,15.0,,,,https://reservations.ontarioparks.ca/images/7c89b8ea-dec2-47fc-b1bb-985e9685fe79.jpg,https://reservations.ontarioparks.ca/images/3ec582e7-b7ac-41ac-b1cf-943cd19bd746.jpg,,,,
-2147481989,337,,,-2147483648,0,-32348,7420,,1,6,,7,Available,Sites #300-456 (91),Trailer / motorhome,-2147483611,Campsite (less than 100m),,No,,,,,No,15/30 Amps,Demand Rate,,Back Left,"Grass, Soil",,1,2,16.0,,,Average,,Good,,,,Electric,,20.0,Partial Shade - PM Sun,12.0,,,,https://reservations.ontarioparks.ca/images/95c19906-93bc-4ea1-81fa-05111541bf1c.jpg,https://reservations.ontarioparks.ca/images/0f5c39fd-5cb2-4217-a81a-659295eada69.jpg,,,,
-2147481619,338,,,-2147483648,0,-32686,7430,,1,6,,7,Available,Sites #300-456 (91),Trailer / motorhome,-2147483611,Campsite (less than 100m),,No,,,,,No,15/30 Amps,Premium Rate,,Back Centre,"Grass, Soil",,1,2,12.0,,,Average,,Good,,,,Electric,,20.0,Partial Shade - PM Sun,15.0,,,,https://reservations.ontarioparks.ca/images/e479c071-45be-4c28-9479-353919de73c0.jpg,https://reservations.ontarioparks.ca/images/33545a5a-c599-488e-ae76-d6cb6bf7e2b9.jpg,,,,
-2147481660,339,,,-2147483648,0,-32348,7440,,1,6,,7,Available,Sites #300-456 (91),Trailer / motorhome,-2147483611,Campsite (less than 100m),,No,,Above Avg. Vehicular Traffic,,,No,15/30 Amps,Demand Rate,,Back Centre,"Grass, Soil",,1,2,12.0,,,Average,,Good,,,,Electric,,20.0,Partial Shade - PM Sun,21.0,,,,https://reservations.ontarioparks.ca/images/0580f036-8bc2-4fc3-93a0-67608f763a68.jpg,https://reservations.ontarioparks.ca/images/b67bccdb-531d-4b53-a8c7-b969ec219077.jpg,,,,
-2147481724,340,,,-2147483648,0,-32764,7450,,1,6,,4,Available,Sites #300-456 (91),Trailer / motorhome,-2147483611,Campsite (less than 100m),,No,,Corner Site,,,No,15/30 Amps,Regular Rate,,Back Centre,"Gravel, Grass, Soil",,1,2,12.0,,,Average,,Good,,,,Electric,,20.0,Partial Shade - PM Sun,15.0,,,,https://reservations.ontarioparks.ca/images/9e097109-0b4c-4f04-971d-60cc406930ec.jpg,,,,,
-2147481648,341,,,-2147483648,0,-32764,7460,,1,6,,4,Walk-in,Sites #300-456 (91),Small trailer / pop-up,-2147483611,Campsite (less than 100m),,No,,"Above Avg. Vehicular Traffic, Corner Site",,,No,15/30 Amps,Regular Rate,,Back Left,"Grass, Soil",,1,2,12.0,Slight,Yes,Average,,Average,,,,Electric,,8.0,No Shade/Full Sun,14.0,,,,https://reservations.ontarioparks.ca/images/c37fd9f9-4f88-4482-8594-4a2d9f092be4.jpg,,,,,
-2147481986,342,,,-2147483648,0,-32764,7470,,1,6,,4,Available,Sites #300-456 (91),Small trailer / pop-up,-2147483611,Campsite (less than 100m),,No,,Above Avg. Vehicular Traffic,,,No,15/30 Amps,Regular Rate,,Centre,"Grass, Soil",,1,2,12.0,Uneven,,Average,,Average,,,,Electric,,11.0,No Shade/Full Sun,23.0,,,,https://reservations.ontarioparks.ca/images/55e0513d-35f1-41f6-b0bf-40b5e71c417f.jpg,https://reservations.ontarioparks.ca/images/faa3343d-29f5-46de-a8f0-d2eabe44d69a.jpg,,,,
-2147481676,343,,Open to site 345.,-2147483648,0,-32764,7480,,1,6,,4,Walk-in,Sites #300-456 (91),Small trailer / pop-up,-2147483611,Campsite (less than 100m),,No,,Above Avg. Vehicular Traffic,,,No,15/30 Amps,Regular Rate,,Middle Left,"Gravel, Grass, Soil",,1,2,12.0,Slight,Yes,Average,,Average,,,,Electric,,8.0,No Shade/Full Sun,23.0,,,,https://reservations.ontarioparks.ca/images/462a1d7a-65f1-48ce-a3cb-aa4f5cef4965.jpg,https://reservations.ontarioparks.ca/images/defbd999-b0ba-4e29-a8f7-d0c2c0dce5a9.jpg,,,,
-2147481807,344,,,-2147483648,0,-32764,7490,,1,6,,4,Available,Sites #300-456 (91),Small trailer / pop-up,-2147483611,Campsite (less than 100m),,No,,Above Avg. Vehicular Traffic,,,No,15/30 Amps,Regular Rate,,Back Centre,"Grass, Soil",,1,2,12.0,,,Average,,Average,,,,Electric,,11.0,No Shade/Full Sun,25.0,,,,https://reservations.ontarioparks.ca/images/d2d7624e-5ab5-449e-9b19-0bd4bbfd5369.jpg,https://reservations.ontarioparks.ca/images/18e71d5b-4912-4917-82b4-5ab67f2f898a.jpg,,,,
-2147481725,345,,Open to site 343.,-2147483648,0,-32764,7500,,1,6,,4,Available,Sites #300-456 (91),Small trailer / pop-up,-2147483611,Campsite (less than 100m),,No,,Above Avg. Vehicular Traffic,,,No,15/30 Amps,Regular Rate,,Back Left,"Gravel, Grass, Soil",,1,2,16.0,,,Average,,Average,,,,Electric,,8.0,No Shade/Full Sun,18.0,,,,https://reservations.ontarioparks.ca/images/5b430783-be2f-45dc-8f68-096180f029da.jpg,https://reservations.ontarioparks.ca/images/744c65c3-dc80-46b1-a0ca-6914e74308a1.jpg,,,,
-2147481704,346,,,-2147483648,0,-32764,7510,,1,6,,4,Available,Sites #300-456 (91),Small trailer / pop-up,-2147483611,Campsite (less than 100m),,No,,Above Avg. Vehicular Traffic,,,No,15/30 Amps,Regular Rate,,Back Centre,"Grass, Soil",,1,2,12.0,,,Average,,Average,,,,Electric,,11.0,No Shade/Full Sun,17.0,,,,https://reservations.ontarioparks.ca/images/61fbdae9-033c-4d26-a92e-29da174647e1.jpg,https://reservations.ontarioparks.ca/images/9b22acdc-3331-44b6-b6be-1480276504cb.jpg,,,,
-2147481977,347,,,-2147483648,0,-32764,7520,,1,6,,4,Available,Sites #300-456 (91),Small trailer / pop-up,-2147483611,Campsite (less than 100m),,No,,Above Avg. Vehicular Traffic,,,No,15/30 Amps,Regular Rate,,Front Centre,"Soil, Rock(s)",,1,2,16.0,Uneven,,Average,,Average,,,,Electric,,8.0,No Shade/Full Sun,21.0,,,,https://reservations.ontarioparks.ca/images/8bae90e7-18a7-4321-9581-35e0b7d2f7ad.jpg,https://reservations.ontarioparks.ca/images/4d230981-2c20-40a3-9ecc-cc23ff364977.jpg,,,,
-2147481902,348,,,-2147483648,0,-32764,7530,,1,6,,4,Available,Sites #300-456 (91),Small trailer / pop-up,-2147483611,Campsite (less than 100m),,No,,Above Avg. Vehicular Traffic,,,No,15/30 Amps,Regular Rate,,Middle Left,"Grass, Soil",,1,2,12.0,,,Average,,Average,,,,Electric,,11.0,No Shade/Full Sun,18.0,,,,https://reservations.ontarioparks.ca/images/d146749a-157f-4e76-bf6c-3b4a63cc0a59.jpg,https://reservations.ontarioparks.ca/images/481629da-ac1f-4c52-b510-39a6b95d3f6d.jpg,,,,
-2147481693,349,,,-2147483648,0,-32764,7540,,1,6,,4,Available,Sites #300-456 (91),Small trailer / pop-up,-2147483611,Campsite (less than 100m),,No,,"Above Avg. Vehicular Traffic, Corner Site",,,No,15/30 Amps,Regular Rate,,Back Left,"Grass, Soil",,1,2,9.0,,,Average,,Average,,,,Electric,,8.0,No Shade/Full Sun,25.0,,,,https://reservations.ontarioparks.ca/images/b50ece39-2d65-4040-aa51-04d867116755.jpg,https://reservations.ontarioparks.ca/images/30c37d39-54f8-4593-8beb-7faeee932903.jpg,,,,
-2147481811,350,,,-2147483648,0,-32764,7550,,1,6,,4,Available,Sites #300-456 (91),Small trailer / pop-up,-2147483611,Campsite (less than 100m),,No,,Above Avg. Vehicular Traffic,,,No,15/30 Amps,Regular Rate,,Back Left,"Grass, Soil",,1,2,9.0,,,Average,,Average,,,,Electric,,11.0,Partial Shade - PM Sun,20.0,,,,https://reservations.ontarioparks.ca/images/1a1312a2-c5cd-4a04-ad21-018542570a83.jpg,https://reservations.ontarioparks.ca/images/37a1139a-79fa-410e-a2d1-7415a5ed42ee.jpg,,,,
-2147481805,400,,,-2147483648,0,-32763,7560,,1,6,,3,Available,Sites #200-416 (93),Trailer / motorhome,-2147483612,Campsite (less than 100m),,No,,,,,No,,Regular Rate,,Back Centre,Soil,Tree(s),1,2,,Slight,,Good,No,Good,,,,Non-Electric,,19.0,Full Shade,11.0,,,,https://reservations.ontarioparks.ca/images/1987ce14-778b-496d-b39a-2335b9163f69.jpg,https://reservations.ontarioparks.ca/images/657848bd-4f13-41db-bcc3-bacc03e12cef.jpg,,,,
-2147482014,401,,,-2147483648,0,-32763,7570,,1,6,,5,Available,Sites #200-416 (93),Trailer / motorhome,-2147483612,Campsite (less than 100m),,No,,,,,No,,Regular Rate,,Front Centre,Soil,,1,2,,,,Good,No,Good,,,,Non-Electric,,13.0,Partial Shade - AM Sun,19.0,,,,https://reservations.ontarioparks.ca/images/a464a97c-5d06-4478-a414-0f18fbee6d45.jpg,https://reservations.ontarioparks.ca/images/70d2349f-a18f-496c-b64d-c166c577b57e.jpg,,,,
-2147481752,402,,,-2147483648,0,-32763,7580,,1,6,,3,Available,Sites #200-416 (93),Trailer / motorhome,-2147483612,"Water Tap, Campsite (less than 100m)",,No,,,,,No,,Regular Rate,,Back Left,"Soil, Rock(s)",,1,2,,Slight,,Good,No,Average,,,,Non-Electric,,19.0,Partial Shade - PM Sun,18.0,,,,https://reservations.ontarioparks.ca/images/8f79965b-0a63-420d-9fd9-9f5786c4c4b9.jpg,https://reservations.ontarioparks.ca/images/f83cd543-be5b-4ed9-99d1-391776f656ce.jpg,,,,
-2147481935,403,,,-2147483648,0,-32763,7590,,1,6,,4,Available,Sites #200-416 (93),Trailer / motorhome,-2147483612,"Water Tap, Campsite (less than 100m)",,No,,,,,No,,Regular Rate,,Back Right,"Soil, Rock(s)",Branches,1,2,,Slight,,Good,No,Good,,,,Non-Electric,,23.0,Full Shade,18.0,,,,https://reservations.ontarioparks.ca/images/0e1d819f-9915-435d-9eba-69ab7d0fa0c6.jpg,https://reservations.ontarioparks.ca/images/29c60bf1-be9d-4948-b9c5-a1d967c1d7c8.jpg,,,,
-2147481672,404,,,-2147483648,0,-32763,7600,,1,6,,4,Available,Sites #200-416 (93),Small trailer / pop-up,-2147483612,"Water Tap, Campsite (less than 100m)",,No,,,,,No,,Regular Rate,,Back Left,Soil,,1,2,,Uneven,,Average,No,Good,,,,Non-Electric,,15.0,Partial Shade - PM Sun,20.0,,,,https://reservations.ontarioparks.ca/images/a87eb533-f477-4852-b613-771274471c77.jpg,https://reservations.ontarioparks.ca/images/cb06110b-c448-45b3-b8c7-f41b96dc9210.jpg,,,,
-2147481690,405,,Open to site 407.,-2147483648,0,-32763,7610,,1,6,,4,Available,Sites #200-416 (93),Small trailer / pop-up,-2147483612,Campsite (less than 100m),,No,,,,,No,,Regular Rate,,Back Left,"Soil, Rock(s)",,1,2,,,,Average,No,Good,,,,Non-Electric,,15.0,Partial Shade - AM Sun,18.0,,,,https://reservations.ontarioparks.ca/images/282b8c8d-6300-4e42-841b-a6704e4152d3.jpg,https://reservations.ontarioparks.ca/images/693ee7b7-f555-4553-be11-a9eb39232e4f.jpg,,,,
-2147482000,406,,,-2147483648,0,-32763,7620,,1,6,,5,Available,Sites #200-416 (93),Trailer / motorhome,-2147483612,Campsite (less than 100m),,No,,,,,No,,Regular Rate,,Back Right,"Soil, Rock(s)",,1,2,,Uneven,,Average,No,Average,,,,Non-Electric,,14.0,Partial Shade - AM Sun,20.0,,,,https://reservations.ontarioparks.ca/images/a9981c85-a99e-4638-9d16-0d68ced1ef41.jpg,https://reservations.ontarioparks.ca/images/579ad756-87d9-4390-a970-a43bbf56f965.jpg,,,,
-2147481569,407,,Open to site 405.,-2147483648,0,-32763,7630,,1,6,,3,Available,Sites #200-416 (93),Small trailer / pop-up,-2147483612,Campsite (less than 100m),,No,,,,,No,,Regular Rate,,Back Centre,Soil,Tree(s),1,2,,Uneven,,Average,No,Good,,,,Non-Electric,,11.0,Full Shade,14.0,,,,https://reservations.ontarioparks.ca/images/b7b303a3-3b43-4c42-a3ad-d5105345cf22.jpg,https://reservations.ontarioparks.ca/images/877d1577-76d8-48f0-824c-a877b9f096ea.jpg,,,,
-2147481667,408,,,-2147483648,0,-32763,7640,,1,6,,4,Available,Sites #200-416 (93),Small trailer / pop-up,-2147483612,Campsite (less than 100m),,No,,,,,No,,Regular Rate,,Back Left,"Grass, Soil",,1,2,,,,Average,No,Average,,,,Non-Electric,,14.0,No Shade/Full Sun,11.0,,,,https://reservations.ontarioparks.ca/images/c7c036e7-d849-4f06-9b10-cb0983950d96.jpg,https://reservations.ontarioparks.ca/images/cdbbcc77-ec65-4e98-80b1-811fee12327d.jpg,,,,
-2147481515,409,,Open to sites 415 & 416.,-2147483648,0,-32763,7650,,1,6,,4,Available,Sites #200-416 (93),Small trailer / pop-up,-2147483612,"Privy, Campsite (less than 100m)",,No,,,,,No,,Regular Rate,,Middle Right,Soil,Tree(s),1,2,,Slight,,Average,No,Average,,,,Non-Electric,,14.0,Partial Shade - AM Sun,14.0,,,,https://reservations.ontarioparks.ca/images/d7fe8415-dba1-438e-b2f0-9e6a05880917.jpg,https://reservations.ontarioparks.ca/images/e7e30779-cd00-4566-9d61-70795372c16a.jpg,,,,
-2147481510,410,,,-2147483648,0,-32763,7660,,1,6,,4,Available,Sites #200-416 (93),Trailer / motorhome,-2147483612,"Privy, Water Tap, Campsite (less than 100m)",,No,,Above Avg. Vehicular Traffic,,,No,,Regular Rate,,Back Centre,"Soil, Rock(s)",Tree(s),1,2,,Moderate,,Average,No,Average,,,,Non-Electric,,23.0,No Shade/Full Sun,13.0,,,,https://reservations.ontarioparks.ca/images/be1d2c0c-44dd-4a73-9359-f9b1b8ffd4ba.jpg,https://reservations.ontarioparks.ca/images/fe2f509d-69ae-4257-bb07-cb85d6263ca7.jpg,,,,
-2147481844,411,,,-2147483648,0,-32763,7670,,1,6,,4,Available,Sites #200-416 (93),Trailer / motorhome,-2147483612,Water Tap,,No,,,,,No,,Regular Rate,,Back Left,Soil,,1,2,,,,Good,No,Average,,,,Non-Electric,,21.0,Partial Shade - AM Sun,16.0,,,,https://reservations.ontarioparks.ca/images/ac5b44b5-d406-4fa8-a266-a40b7aab74cd.jpg,https://reservations.ontarioparks.ca/images/e9449012-42dc-4ea0-a4a5-375478f95017.jpg,,,,
-2147481863,412,,,-2147483648,0,-32763,7680,,1,6,,4,Available,Sites #200-416 (93),Small trailer / pop-up,-2147483612,Campsite (less than 100m),,No,,,,,No,,Regular Rate,,Middle Left,Soil,,1,2,,Uneven,,Good,No,Good,,,,Non-Electric,,17.0,Partial Shade - AM Sun,17.0,,,,https://reservations.ontarioparks.ca/images/a95661dd-8f47-43eb-8bc9-42bf9d86ac84.jpg,https://reservations.ontarioparks.ca/images/ea1328a7-82f8-4b6a-9537-3e953ab9525c.jpg,,,,
-2147481673,413,,Open to site 419.,-2147483648,0,-32763,7690,,1,6,,4,Available,Sites #200-416 (93),Small trailer / pop-up,-2147483612,Campsite (less than 100m),,No,,,,,No,,Regular Rate,,Middle Right,Soil,,1,2,,Slight,,Poor,No,Average,,,,Non-Electric,,14.0,Full Shade,17.0,,,,https://reservations.ontarioparks.ca/images/52d6b818-f420-4d28-94fe-c54b1b020b8e.jpg,https://reservations.ontarioparks.ca/images/7e7fb869-a070-4683-bc92-2f1410591c58.jpg,,,,
-2147481883,414,,,-2147483648,0,-32763,7700,,1,6,,3,Available,Sites #200-416 (93),Small trailer / pop-up,-2147483612,Campsite (less than 100m),,No,,,,,No,,Regular Rate,,Centre,Soil,,1,2,,Uneven,,Average,No,Average,,,,Non-Electric,,13.0,Full Shade,17.0,,,,https://reservations.ontarioparks.ca/images/fd2794a6-a270-4805-92ea-435e5650d915.jpg,https://reservations.ontarioparks.ca/images/d2f19f9d-35a4-4651-abb6-7809e7f5dd89.jpg,,,,
-2147481654,415,,Open to site 409 & 416.,-2147483648,0,-32763,7710,,1,6,,4,Available,Sites #200-416 (93),Small trailer / pop-up,-2147483612,"Multi-Use Trail, Campsite (less than 100m)",,No,,,,,No,,Regular Rate,,Centre,Soil,,1,2,,Slight,,Poor,No,Average,,,,Non-Electric,,13.0,Partial Shade - PM Sun,11.0,,,,https://reservations.ontarioparks.ca/images/9f6007d7-7aa2-424a-8b09-d47970c90629.jpg,https://reservations.ontarioparks.ca/images/310c3309-3e0e-492a-949c-ba483cccd7f0.jpg,,,,
-2147481700,416,,Open to site 409 and 415.,-2147483648,0,-32763,7720,,1,6,,3,Available,Sites #200-416 (93),Trailer / motorhome,-2147483612,Campsite (less than 100m),,No,,,,,No,,Regular Rate,,Back Left,Soil,Tree(s),1,2,,Uneven,,Average,No,Average,,,,Non-Electric,,18.0,Full Shade,10.0,,,,https://reservations.ontarioparks.ca/images/ad1911d6-2fc1-47f7-8b76-811b320bd20c.jpg,https://reservations.ontarioparks.ca/images/d1bfc0ca-0e6c-4a78-92e8-9f531f36b1cb.jpg,,,,
-2147481804,417,,,-2147483648,0,-32763,7730,,1,6,,3,Available,Sites #300-456 (91),Trailer / motorhome,-2147483611,Campsite (less than 100m),,No,,Above Avg. Vehicular Traffic,,,No,,Regular Rate,,Back Right,Soil,,1,2,,Slight,,Average,No,Good,,,,Non-Electric,,20.0,Full Shade,10.0,,,,https://reservations.ontarioparks.ca/images/4a06a4e6-e0d8-4cff-86b1-7d275a271c4c.jpg,https://reservations.ontarioparks.ca/images/22b06d6e-954a-4284-8162-f3fdf2b7cee7.jpg,,,,
-2147481721,418,,Open to site 414.,-2147483648,0,-32763,7740,,1,6,,4,Available,Sites #300-456 (91),Trailer / motorhome,-2147483611,Campsite (less than 100m),,No,,,,,No,,Regular Rate,,Back Left,Soil,Tree(s),1,2,,Uneven,,Average,No,Average,,,,Non-Electric,,18.0,Full Shade,14.0,,,,https://reservations.ontarioparks.ca/images/d5f08a46-aaf8-4ea1-9470-9e37fa0108ba.jpg,,,,,
-2147481956,419,,Open to site 413.,-2147483648,0,-32763,7750,,1,6,,4,Available,Sites #300-456 (91),Small trailer / pop-up,-2147483611,Campsite (less than 100m),,No,,,,,No,,Regular Rate,,Back Centre,Soil,Branches,1,2,,,,Average,No,Average,,,,Non-Electric,,17.0,Full Shade,12.0,,,,https://reservations.ontarioparks.ca/images/dba23f09-77db-435c-a340-33a71ea957bc.jpg,https://reservations.ontarioparks.ca/images/12f955a3-c951-4b41-8a5c-62969cefa81c.jpg,,,,
-2147482004,420,,,-2147483648,0,-32763,7760,,1,6,,4,Available,Sites #300-456 (91),Small trailer / pop-up,-2147483611,Campsite (less than 100m),,No,,,,,No,,Regular Rate,,Back Left,Soil,,1,2,,,,Good,No,Good,,,,Non-Electric,,12.0,Full Shade,18.0,,,,https://reservations.ontarioparks.ca/images/e65d4882-55c4-4ffc-9f1c-3c1ce8f31532.jpg,https://reservations.ontarioparks.ca/images/1e9c10e1-6158-4e6c-b75a-49b66dd687ae.jpg,,,,
-2147481959,421,,,-2147483648,0,-32763,7770,,1,6,,4,Available,Sites #300-456 (91),Small trailer / pop-up,-2147483611,Campsite (less than 100m),,No,,,,,No,,Regular Rate,,Middle Left,Soil,Tree(s),1,2,,,,Good,No,Good,,,,Non-Electric,,15.0,Full Shade,17.0,,,,https://reservations.ontarioparks.ca/images/4ab35c0c-64bd-4c93-8b7b-b4a1250484b4.jpg,https://reservations.ontarioparks.ca/images/c2dd4be1-3041-4223-bc56-e95ec02e347f.jpg,,,,
-2147481746,422,,Open to site 423.,-2147483648,0,-32763,7780,,1,6,,3,Available,Sites #300-456 (91),Trailer / motorhome,-2147483611,"Water Tap, Campsite (less than 100m)",,No,,Above Avg. Vehicular Traffic,,,No,,Regular Rate,,Back Centre,Soil,Tree(s),1,2,,Slight,,Good,No,Good,,,,Non-Electric,,20.0,Partial Shade - AM Sun,20.0,,,,https://reservations.ontarioparks.ca/images/e9936d0e-d97e-4041-b4db-6a84ece86522.jpg,https://reservations.ontarioparks.ca/images/e124c9ad-da7b-4f66-b8ed-9839b1b249d7.jpg,,,,
-2147481789,423,,Open to site 422.,-2147483648,0,-32763,7790,,1,6,,4,Available,Sites #300-456 (91),Trailer / motorhome,-2147483611,Campsite (less than 100m),,No,,,,,No,,Regular Rate,,Back Centre,Soil,Tree(s),1,2,,Uneven,,Average,No,Average,,,,Non-Electric,,20.0,Full Shade,20.0,,,,https://reservations.ontarioparks.ca/images/f24b09b3-6b62-47aa-ab41-e8970de65e4a.jpg,https://reservations.ontarioparks.ca/images/513df303-246a-42b2-aac3-3487ffe10a5d.jpg,,,,
-2147481533,424,,,-2147483648,0,-32763,7800,,1,6,,4,Available,Sites #300-456 (91),Trailer / motorhome,-2147483611,Campsite (less than 100m),,No,,,,,No,,Regular Rate,,Back Centre,Soil,Tree(s),1,2,,Uneven,,Average,No,Good,,,,Non-Electric,,20.0,Full Shade,14.0,,,,https://reservations.ontarioparks.ca/images/cdf950f5-0665-4c89-9c2d-6149493bc4d4.jpg,https://reservations.ontarioparks.ca/images/2a3349a2-e999-4a18-8b87-9bf16781ca81.jpg,,,,
-2147481541,425,,,-2147483648,0,-32763,7810,,1,6,,4,Available,Sites #300-456 (91),Small trailer / pop-up,-2147483611,Campsite (less than 100m),,No,,,,,No,,Regular Rate,,Back Left,"Soil, Rock(s)",Tree(s),1,2,,,,Average,No,Average,,,,Non-Electric,,11.0,Full Shade,20.0,,,,https://reservations.ontarioparks.ca/images/37a8b851-0e75-4bd3-85c0-6e4347015a0e.jpg,https://reservations.ontarioparks.ca/images/e2456a3b-dda8-44c2-81ea-a38a22ddb7e1.jpg,,,,
-2147481820,426,,,-2147483648,0,-32763,7820,,1,6,,2,Available,Sites #300-456 (91),Tent only,-2147483611,Campsite (less than 100m),,No,,,,,No,,Regular Rate,,Back Right,"Grass, Soil",,1,2,,,,Average,No,Average,,,,Non-Electric,,12.0,Partial Shade - AM Sun,15.0,,,,https://reservations.ontarioparks.ca/images/bbd1b02f-ad69-42ec-8742-bdbc7c75e434.jpg,https://reservations.ontarioparks.ca/images/225e5b4c-c5a2-4578-a0c0-f6045d05a626.jpg,,,,
-2147481926,427,,,-2147483648,0,-32763,7830,,1,6,,3,Available,Sites #300-456 (91),Small trailer / pop-up,-2147483611,Campsite (less than 100m),,No,,,,,No,,Regular Rate,,Back Right,"Soil, Rock(s)",Tree(s),1,2,,Slight,,Average,No,Average,,,,Non-Electric,,11.0,Full Shade,15.0,,,,https://reservations.ontarioparks.ca/images/e4210348-6268-443a-a82a-3073cf50723f.jpg,https://reservations.ontarioparks.ca/images/bee4e5ef-0cfb-46c1-a6f9-1de0b2e9dacc.jpg,,,,
-2147481583,428,,,-2147483648,0,-32763,7840,,1,6,,5,Available,Sites #300-456 (91),Trailer / motorhome,-2147483611,Campsite (less than 100m),,No,,,,,No,,Regular Rate,,Back Left,Soil,Tree(s),1,2,,Uneven,,Average,No,Good,,,,Non-Electric,,23.0,Partial Shade - AM Sun,15.0,,,,https://reservations.ontarioparks.ca/images/920277f4-c041-46a9-ada5-9cad31e7d211.jpg,https://reservations.ontarioparks.ca/images/40397faa-d9a7-4d31-adf3-8131293deff4.jpg,,,,
-2147481726,429,,,-2147483648,0,-32764,7850,,1,6,,5,Available,Sites #300-456 (91),Trailer / motorhome,-2147483611,Campsite (less than 100m),,No,,,,,No,15/30 Amps,Regular Rate,,Back Right,Soil,Tree(s),1,2,8.0,Slight,,Good,No,Good,,,,Electric,,15.0,Full Shade,12.0,,,,https://reservations.ontarioparks.ca/images/7a2058ff-84f2-4053-a5bc-05a39271c7b2.jpg,https://reservations.ontarioparks.ca/images/397e7e90-ccff-49c0-8a82-f2656e670fd4.jpg,,,,
-2147481616,430,,,-2147483648,0,-32686,7860,,1,6,,5,Available,Sites #300-456 (91),Trailer / motorhome,-2147483611,"Water Tap, Campsite (less than 100m)",,No,,,,,No,15/30 Amps,Premium Rate,,Back Right,"Soil, Rock(s)",,1,2,20.0,Slight,,Good,Yes,Good,,,,Electric,,20.0,Partial Shade - PM Sun,27.0,,,,https://reservations.ontarioparks.ca/images/ef52b0aa-c4a8-4c01-8561-1ddc580da63b.jpg,https://reservations.ontarioparks.ca/images/ba1f9876-eb74-4a7e-b838-98f9e0e60bc6.jpg,,,,
-2147482010,431,,,-2147483648,0,-32764,7870,,1,6,,5,Available,Sites #300-456 (91),Trailer / motorhome,-2147483611,Campsite (less than 100m),,No,,"Above Avg. Vehicular Traffic, Corner Site",,,No,15/30 Amps,Regular Rate,,Back Right,"Grass, Soil",,1,2,10.0,Moderate,,Average,Yes,Good,,,,Electric,,14.0,Partial Shade,18.0,,,,https://reservations.ontarioparks.ca/images/570fb3d7-690e-4eab-9a22-ef4c07de89f1.jpg,https://reservations.ontarioparks.ca/images/0ea93812-3343-439f-b5fc-f5e1c68f4a86.jpg,,,,
-2147481547,432,,,-2147483648,0,-32764,7880,,1,6,,4,,Sites #300-456 (91),Small trailer / pop-up,-2147483611,Campsite (less than 100m),,No,,Corner Site,,,No,15/30 Amps,Regular Rate,,Middle Right,"Grass, Soil",,1,2,6.0,Slight,,Poor,Yes,Average,,,,Electric,,15.0,Partial Shade,20.0,,,,https://reservations.ontarioparks.ca/images/a9a41c1c-3e94-47d4-9eb7-5d55e7abd3dc.jpg,https://reservations.ontarioparks.ca/images/4ec88b37-d878-466b-aa16-656e96c7be6c.jpg,https://reservations.ontarioparks.ca/images/59b5964b-f6f2-45cb-8783-80fbd4337c8e.jpg,,,
-2147481858,433,,,-2147483648,0,-32764,7890,,1,6,,5,Available,Sites #300-456 (91),Trailer / motorhome,-2147483611,Campsite (less than 100m),,No,,,,,No,15/30 Amps,Regular Rate,,Middle Right,"Grass, Soil",,1,2,6.0,Slight,,Average,No,Average,,,,Electric,,16.0,Partial Shade,20.0,,,,https://reservations.ontarioparks.ca/images/7a731db3-51f1-4b7b-b6f2-9b47132d3698.jpg,https://reservations.ontarioparks.ca/images/4a4a7bc6-8015-4ded-b4a6-31d2ac62ebc3.jpg,,,,
-2147481777,434,,,-2147483648,0,-32764,7900,,1,6,,6,Available,Sites #300-456 (91),Trailer / motorhome,-2147483611,"Water Tap, Campsite (less than 100m)",,No,,,,,No,15/30 Amps,Regular Rate,,Middle Right,"Grass, Soil",,1,2,6.0,Slight,,Average,Yes,Average,,,,Electric,,16.0,Partial Shade,12.0,,,,https://reservations.ontarioparks.ca/images/d2c42a54-cc9e-456b-910e-c8efcb4051fb.jpg,https://reservations.ontarioparks.ca/images/85ccccca-ed8b-4101-85e4-a860cf967cdc.jpg,,,,
-2147481964,435,,,-2147483648,0,-32764,7910,,1,6,,5,Available,Sites #300-456 (91),Trailer / motorhome,-2147483611,Campsite (less than 100m),,No,,,,,No,15/30 Amps,Regular Rate,,Front Left,"Grass, Soil",,1,2,8.0,Slight,,Average,Yes,Average,,,,Electric,,15.0,Partial Shade,14.0,,,,https://reservations.ontarioparks.ca/images/ec30c9fc-4014-4ba3-af5b-259b38a90670.jpg,,,,,
-2147481514,436,,,-2147483648,0,-32764,7920,,1,6,,6,Available,Sites #300-456 (91),Trailer / motorhome,-2147483611,Campsite (less than 100m),,No,,,,,No,15/30 Amps,Regular Rate,,Back Left,"Grass, Soil",,1,2,6.0,Slight,,Average,Yes,Average,,,,Electric,,15.0,Partial Shade - AM Sun,22.0,,,,https://reservations.ontarioparks.ca/images/5e0f2671-62d3-4396-a86b-14e47edbadb0.jpg,,,,,
-2147481585,437,,,-2147483648,0,-32764,7930,,1,6,,5,Available,Sites #300-456 (91),Trailer / motorhome,-2147483611,Campsite (less than 100m),,No,,Corner Site,,,No,15/30 Amps,Regular Rate,,Centre,"Grass, Soil",,1,2,6.0,Slight,,Poor,Yes,Average,,,,Electric,,15.0,No Shade/Full Sun,20.0,,,,https://reservations.ontarioparks.ca/images/d7ebbead-9047-4166-9c78-e9daeb5ccad6.jpg,https://reservations.ontarioparks.ca/images/4cf4d782-eb92-4dd0-b3e4-aa7304013e69.jpg,,,,
-2147481590,438,,,-2147483648,0,-32764,7940,,1,6,,6,Available,Sites #300-456 (91),Trailer / motorhome,-2147483611,"Water Tap, Campsite (less than 100m)",,No,,Corner Site,,,No,15/30 Amps,Regular Rate,,Front Right,"Grass, Soil",,1,2,5.0,,,Poor,Yes,Good,,,,Electric,,20.0,Full Shade,25.0,,,,https://reservations.ontarioparks.ca/images/668a4893-b502-41c6-83a7-9f0d374ca527.jpg,https://reservations.ontarioparks.ca/images/aa577deb-8ea5-400c-9341-b618156866f5.jpg,,,,
-2147481870,439,,,-2147483648,0,-32764,7950,,1,6,,5,Available,Sites #300-456 (91),Trailer / motorhome,-2147483611,Campsite (less than 100m),,No,,,,,No,15/30 Amps,Regular Rate,,Centre,"Grass, Soil",,1,2,6.0,,,Average,Yes,Average,,,,Electric,,20.0,No Shade/Full Sun,13.0,,,,https://reservations.ontarioparks.ca/images/eaedafcd-91a0-4983-864e-85feb5078202.jpg,,,,,
-2147481841,440,,,-2147483648,0,-32764,7960,,1,6,,4,Available,Sites #300-456 (91),Trailer / motorhome,-2147483611,"Privy, Campsite (less than 100m)",,No,,,,,No,15/30 Amps,Regular Rate,,Middle Right,"Grass, Soil",,1,2,14.0,Uneven,,Average,Yes,Average,,,,Electric,,20.0,Full Shade,25.0,,,,https://reservations.ontarioparks.ca/images/9d51520a-a1d3-42b8-9677-23215f8fe570.jpg,https://reservations.ontarioparks.ca/images/d959b735-dbe3-4cfa-931b-1d590c741dde.jpg,,,,
-2147481594,441,,,-2147483648,0,-32764,7970,,1,6,,4,Available,Sites #300-456 (91),Trailer / motorhome,-2147483611,Campsite (less than 100m),,No,,,,,No,15/30 Amps,Regular Rate,,Centre,"Grass, Soil",Tree(s),1,2,8.0,,,Average,No,Average,,,,Electric,,22.0,Full Shade,19.0,,,,https://reservations.ontarioparks.ca/images/f01144b9-d1d3-4801-820d-dbab14631314.jpg,https://reservations.ontarioparks.ca/images/431731a6-f8a7-4947-9064-57138ed47fad.jpg,,,,
-2147481931,442,,,-2147483648,0,-32764,7980,,1,6,,3,Available,Sites #300-456 (91),Trailer / motorhome,-2147483611,Campsite (less than 100m),,No,,,,,No,15/30 Amps,Regular Rate,,Middle Right,"Grass, Soil",,1,2,15.0,,,Average,No,Average,,,,Electric,,20.0,Partial Shade - AM Sun,17.0,,,,https://reservations.ontarioparks.ca/images/f77f29ab-44c1-432c-927f-2a657d41b48a.jpg,https://reservations.ontarioparks.ca/images/a98415dd-94eb-4fa9-a9c8-7ea0a0369a90.jpg,,,,
-2147481566,443,,,-2147483648,0,-32764,7990,,1,6,,6,Available,Sites #300-456 (91),Trailer / motorhome,-2147483611,Campsite (less than 100m),,No,,"Above Avg. Vehicular Traffic, Corner Site",,,No,15/30 Amps,Regular Rate,,Back Left,"Grass, Soil",,1,2,8.0,,,Poor,Yes,Good,,,,Electric,,18.0,Partial Shade - AM Sun,30.0,,,,https://reservations.ontarioparks.ca/images/e0535db1-f087-4b29-836d-e9ff184a5c94.jpg,https://reservations.ontarioparks.ca/images/d82680e3-15a5-4ce3-8baa-d01f055b1edb.jpg,,,,
-2147481778,444,,,-2147483648,0,-32764,8000,,1,6,,3,Available,Sites #300-456 (91),Small trailer / pop-up,-2147483611,Campsite (less than 100m),,No,,,,,No,15/30 Amps,Regular Rate,,Back Centre,Soil,Tree(s),1,2,10.0,Slight,,Good,No,Good,,,,Electric,,14.0,Partial Shade - PM Sun,24.0,,,,https://reservations.ontarioparks.ca/images/d2c8a553-b310-4148-b2e8-8e2fd515fc23.jpg,https://reservations.ontarioparks.ca/images/578282e5-2f12-4f3a-b4ff-401df6763855.jpg,,,,
-2147482001,445,,,-2147483648,0,-32764,8010,,1,6,,4,Available,Sites #300-456 (91),Trailer / motorhome,-2147483611,"Water Tap, Campsite (less than 100m)",,No,,,,,No,15/30 Amps,Regular Rate,,Centre,Soil,Branches,1,2,10.0,Uneven,,Good,No,Good,,,,Electric,,22.0,Partial Shade - PM Sun,12.0,,,,https://reservations.ontarioparks.ca/images/0560d0e8-d3a0-4300-8e54-7f9a315f29f0.jpg,https://reservations.ontarioparks.ca/images/cffafb7e-ba8f-41a2-892e-f8267cdd0e2d.jpg,,,,
-2147481958,446,,,-2147483648,0,-32763,8020,,1,6,,2,Available,Sites #300-456 (91),Tent only,-2147483611,"Water Tap, Campsite (less than 100m)",,No,,,,,No,,Regular Rate,,Back Centre,"Soil, Rock(s)",Tree(s),1,2,,,,Average,No,Average,,,,Non-Electric,,11.0,Partial Shade - PM Sun,16.0,,,,https://reservations.ontarioparks.ca/images/e8157655-c389-4859-b3aa-ef879814873f.jpg,https://reservations.ontarioparks.ca/images/f07c5a91-97d3-4bc1-9952-3f7f0cfa4360.jpg,,,,
-2147481561,447,,,-2147483648,0,-32763,8030,,1,6,,5,Available,Sites #300-456 (91),Trailer / motorhome,-2147483611,Campsite (less than 100m),,No,,,,,No,,Regular Rate,,Middle Right,"Grass, Soil",,1,2,,,,Good,No,Good,,,,Non-Electric,,13.0,Partial Shade - PM Sun,15.0,,,,https://reservations.ontarioparks.ca/images/246fd9c4-d0fd-4099-8952-2af06baef645.jpg,https://reservations.ontarioparks.ca/images/52485da4-d943-4595-ab67-99b0b83dc847.jpg,,,,
-2147481909,448,,,-2147483648,0,-32764,8040,,1,6,,4,Available,Sites #300-456 (91),Small trailer / pop-up,-2147483611,Campsite (less than 100m),,No,,,,,No,15/30 Amps,Regular Rate,,Back Left,Soil,,1,2,22.0,Slight,,Good,No,Good,,,,Electric,,12.0,Partial Shade - PM Sun,11.0,,,,https://reservations.ontarioparks.ca/images/4cb50777-49ad-41ca-a004-069faebf9df1.jpg,https://reservations.ontarioparks.ca/images/f405f0db-acd0-48cc-b87b-0ec2955a23c8.jpg,,,,
-2147481838,449,,,-2147483648,0,-32686,8050,,1,6,,4,Available,Sites #300-456 (91),Small trailer / pop-up,-2147483611,Water Tap,,No,,,,,No,15/30 Amps,Premium Rate,,Back Right,"Soil, Rock(s)",,1,2,23.0,Slight,,Good,No,Average,,,,Electric,,11.0,Partial Shade - PM Sun,13.0,,,,https://reservations.ontarioparks.ca/images/d8b3eeb6-438e-41a3-a9da-319931a878b5.jpg,https://reservations.ontarioparks.ca/images/88d8613a-d377-449f-aa01-8fb5031a987c.jpg,,,,
-2147481692,450,,Open to site 451.,-2147483648,0,-32764,8060,,1,6,,4,Available,Sites #300-456 (91),Trailer / motorhome,-2147483611,Campsite (less than 100m),,No,,,,,No,15/30 Amps,Regular Rate,,Middle Right,"Grass, Soil",,1,2,16.0,,,Average,No,Good,,,,Electric,,20.0,Partial Shade - PM Sun,13.0,,,,https://reservations.ontarioparks.ca/images/ed75c0f6-187d-43f1-9de9-676141adf6e5.jpg,https://reservations.ontarioparks.ca/images/3fd85605-8cc3-4025-9821-0007348b7125.jpg,,,,
-2147481837,451,,Open to site 450.,-2147483648,0,-32764,8070,,1,6,,5,Available,Sites #300-456 (91),Trailer / motorhome,-2147483611,Campsite (less than 100m),,No,,Corner Site,,,No,15/30 Amps,Regular Rate,,Middle Right,"Grass, Soil",Tree(s),1,2,20.0,,,Average,No,Average,,,,Electric,,12.0,Full Shade,19.0,,,,https://reservations.ontarioparks.ca/images/cba6dea1-5e8e-4ad8-87f1-9b9c99a55f47.jpg,https://reservations.ontarioparks.ca/images/f3d0ade6-3918-4b54-9d7e-b38612cc2c1d.jpg,,,,
-2147481960,452,,,-2147483648,0,-32764,8080,,1,6,,4,Available,Sites #300-456 (91),Small trailer / pop-up,-2147483611,"Water Tap, Campsite (less than 100m)",,No,,,,,No,15/30 Amps,Regular Rate,,Back Right,"Grass, Soil",,1,2,10.0,,,Good,No,Good,,,,Electric,,8.0,Partial Shade - PM Sun,16.0,,,,https://reservations.ontarioparks.ca/images/42b46877-cbbb-4392-84ce-cfc5144fdd37.jpg,https://reservations.ontarioparks.ca/images/876dae05-238e-4c69-acbe-f43ee66c9b1b.jpg,,,,
-2147481703,453,,,-2147483648,0,-32764,8090,,1,6,,4,Available,Sites #300-456 (91),Small trailer / pop-up,-2147483611,Campsite (less than 100m),,No,,,,,No,15/30 Amps,Regular Rate,,Centre,"Grass, Soil",,1,2,19.0,,,Average,No,Good,,,,Electric,,12.0,Partial Shade - PM Sun,20.0,,,,https://reservations.ontarioparks.ca/images/896bea9b-88ef-4772-aece-1d07a0606a28.jpg,https://reservations.ontarioparks.ca/images/d8c5417f-c8b5-44a7-b250-69e558945bb1.jpg,,,,
-2147481786,454,,,-2147483648,0,-32764,8100,,1,6,,5,Available,Sites #300-456 (91),Trailer / motorhome,-2147483611,Campsite (less than 100m),,No,,"Above Avg. Vehicular Traffic, Corner Site",,,No,15/30 Amps,Regular Rate,,Back Left,"Grass, Soil",,1,2,6.0,,,Average,No,Good,,,,Electric,,20.0,Partial Shade - PM Sun,20.0,,,,https://reservations.ontarioparks.ca/images/06aa08ca-41c3-43bc-b11f-7a51fa3103b3.jpg,https://reservations.ontarioparks.ca/images/254257d5-ba1e-407d-a946-e59cfa73131b.jpg,,,,
-2147481646,455,,,-2147483648,0,-32764,8110,,1,6,,4,Available,Sites #300-456 (91),Small trailer / pop-up,-2147483611,Campsite (less than 100m),,No,,,,,No,15/30 Amps,Regular Rate,,Back Left,Soil,Tree(s),1,2,10.0,,,Good,No,Average,,,,Electric,,13.0,Partial Shade - PM Sun,14.0,,,,https://reservations.ontarioparks.ca/images/e03879a3-1c7b-477c-93d7-5397d6628887.jpg,https://reservations.ontarioparks.ca/images/4f5259c1-c5fb-4beb-ba3a-d53f42203040.jpg,,,,
-2147481554,456,,,-2147483648,0,-32686,8120,,1,6,,6,Available,Sites #300-456 (91),Trailer / motorhome,-2147483611,Campsite (less than 100m),,No,,,,,No,15/30 Amps,Premium Rate,,Middle Left,"Grass, Soil",,1,2,14.0,,,Good,No,Good,,,,Electric,,15.0,Full Shade,20.0,,,,https://reservations.ontarioparks.ca/images/c65c67f1-c038-438e-9e41-1677e1e3cd9b.jpg,https://reservations.ontarioparks.ca/images/2711105b-9f66-4fe1-921f-46e6d3cbaf5f.jpg,,,,
-2147481563,500,,,-2147483648,0,-32763,8130,,1,6,,5,Available,Sites #500-561 (61),Trailer / motorhome,-2147483610,"Water Tap, Campsite (less than 100m)",,No,,"Above Avg. Vehicular Traffic, Corner Site",,,No,,Regular Rate,,Back Right,Grass,,1,2,,,,Poor,No,Average,"Radio Free, Generator Free",,,Non-Electric,,17.0,No Shade/Full Sun,25.0,,,,https://reservations.ontarioparks.ca/images/6e79dfe1-d29c-4b28-a3e9-085b259d3e0f.jpg,https://reservations.ontarioparks.ca/images/da8e9f35-9263-43f1-886e-ffc32c5fe0bf.jpg,,,,
-2147481587,501,,,-2147483648,0,-32763,8140,,1,6,,3,Available,Sites #500-561 (61),Trailer / motorhome,-2147483610,Water Tap,,No,,,,,No,,Regular Rate,,Back Left,Soil,Tree(s),1,2,,Uneven,,Good,No,Good,"Radio Free, Generator Free",,,Non-Electric,,18.0,Partial Shade - PM Sun,17.0,,,,https://reservations.ontarioparks.ca/images/ecc79af9-08ec-4c48-9302-7f7e25ad66af.jpg,https://reservations.ontarioparks.ca/images/a1cb3716-c002-47ec-a924-30f62cde4719.jpg,,,,
-2147481509,502,,,-2147483648,0,-32763,8150,,1,6,,3,Available,Sites #500-561 (61),Trailer / motorhome,-2147483610,Campsite (less than 100m),,No,,,,,No,,Regular Rate,,Back Centre,"Grass, Soil, Rock(s)",,1,2,,Uneven,,Average,No,Average,"Radio Free, Generator Free",,,Non-Electric,,19.0,Partial Shade - PM Sun,20.0,,,,https://reservations.ontarioparks.ca/images/003594f2-3dca-42bc-986b-8264e8b0e7ca.jpg,https://reservations.ontarioparks.ca/images/1023fc2c-5c8f-45b5-9e06-5cb2b29c3401.jpg,,,,
-2147481872,503,,,-2147483648,0,-32763,8160,,1,6,,3,Available,Sites #500-561 (61),Small trailer / pop-up,-2147483610,Water Tap,,No,,,,,No,,Regular Rate,,Back Centre,Soil,,1,2,,Moderate,,Good,No,Average,"Radio Free, Generator Free",,,Non-Electric,,17.0,Partial Shade - PM Sun,10.0,,,,https://reservations.ontarioparks.ca/images/5b4bd81f-f59d-43a0-b1d7-dbeb70eee040.jpg,https://reservations.ontarioparks.ca/images/ff43c386-2dff-4e24-877e-a7d4134c9ebe.jpg,,,,
-2147481736,504,,Backs on to vault privy.,-2147483648,0,-32763,8170,,1,6,,3,Available,Sites #500-561 (61),Small trailer / pop-up,-2147483610,Campsite (less than 100m),,No,,,,,No,,Regular Rate,,Back Centre,"Grass, Soil, Rock(s)",,1,2,,Slight,,Average,No,Average,"Radio Free, Generator Free",,,Non-Electric,,17.0,Partial Shade - PM Sun,19.0,,,,https://reservations.ontarioparks.ca/images/9aac6da8-5fef-4bc2-83b6-122e2263e3a3.jpg,,,,,
-2147481571,505,,,-2147483648,0,-32763,8180,,1,6,,3,Available,Sites #500-561 (61),Trailer / motorhome,-2147483610,Campsite (less than 100m),,No,,,,,No,,Regular Rate,,Back Centre,"Grass, Soil",,1,2,,Moderate,,Good,No,Average,"Radio Free, Generator Free",,,Non-Electric,,18.0,Partial Shade - PM Sun,16.0,,,,https://reservations.ontarioparks.ca/images/3162992a-2915-44c7-9c95-714916462cd5.jpg,https://reservations.ontarioparks.ca/images/21cae47a-28d8-4bf9-bc4b-9fd4cb700cf9.jpg,,,,
-2147481829,506,,Backs on to vault privy.,-2147483648,0,-32763,8190,,1,6,,2,Available,Sites #500-561 (61),Tent only,-2147483610,Privy,,No,,,,,No,,Regular Rate,,Back Centre,Soil,,1,2,,,,Average,No,Average,"Radio Free, Generator Free",,,Non-Electric,,17.0,Partial Shade - PM Sun,17.0,,,,https://reservations.ontarioparks.ca/images/2188f6a5-cda4-4955-b852-bff86440e52a.jpg,https://reservations.ontarioparks.ca/images/e24738b7-66b8-4fd0-8f89-10789d83e0c9.jpg,,,,
-2147481897,507,,,-2147483648,0,-32763,8200,,1,6,,3,Available,Sites #500-561 (61),Trailer / motorhome,-2147483610,Campsite (less than 100m),,No,,,,,No,,Regular Rate,,Back Left,Soil,Tree(s),1,2,,Slight,,Average,No,Average,"Radio Free, Generator Free",,,Non-Electric,,20.0,Partial Shade - PM Sun,17.0,,,,https://reservations.ontarioparks.ca/images/b75d0ac2-8bbb-4125-940d-77bb5e062d41.jpg,https://reservations.ontarioparks.ca/images/71a1cc2a-2bfa-4796-88de-d20cb65ee6e2.jpg,,,,
-2147481782,508,,,-2147483648,0,-32763,8210,,1,6,,4,Available,Sites #500-561 (61),Trailer / motorhome,-2147483610,Campsite (less than 100m),,No,,,,,No,,Regular Rate,,Back Right,"Grass, Soil",,1,2,,Slight,,Average,No,Average,"Radio Free, Generator Free",,,Non-Electric,,20.0,Partial Shade - PM Sun,22.0,,,,https://reservations.ontarioparks.ca/images/d3d8ef07-75e4-479b-84ac-c13dca3bba36.jpg,https://reservations.ontarioparks.ca/images/c1cffa9d-6928-459c-8c35-033258ed392e.jpg,,,,
-2147481790,509,,,-2147483648,0,-32763,8220,,1,6,,4,Available,Sites #500-561 (61),Trailer / motorhome,-2147483610,Campsite (less than 100m),,No,,,,,No,,Regular Rate,,Back Centre,Soil,,1,2,,Uneven,,Average,No,Average,"Radio Free, Generator Free",,,Non-Electric,,19.0,Partial Shade - PM Sun,12.0,,,,https://reservations.ontarioparks.ca/images/7a74e6ee-3697-4241-8022-118dbeaeabc3.jpg,https://reservations.ontarioparks.ca/images/99f8a3db-e182-4821-ae09-e58dd6e90ced.jpg,,,,
-2147481939,510,,,-2147483648,0,-32763,8230,,1,6,,4,Available,Sites #500-561 (61),Small trailer / pop-up,-2147483610,Campsite (less than 100m),,No,,,,,No,,Regular Rate,,Back Left,Grass,Branches,1,2,,,,Average,No,Average,"Radio Free, Generator Free",,,Non-Electric,,17.0,Full Shade,14.0,,,,https://reservations.ontarioparks.ca/images/72810cef-9d4d-4004-a16f-13d369be44ff.jpg,https://reservations.ontarioparks.ca/images/a813d64d-048e-458f-9805-56b3e260b1ae.jpg,,,,
-2147481519,511,,,-2147483648,0,-32763,8240,,1,6,,4,Available,Sites #500-561 (61),Trailer / motorhome,-2147483610,Campsite (less than 100m),,No,,,,,No,,Regular Rate,,Back Left,"Grass, Soil",Tree(s),1,2,,Moderate,,Average,No,Average,"Radio Free, Generator Free",,,Non-Electric,,22.0,Partial Shade,18.0,,,,https://reservations.ontarioparks.ca/images/3e4d2ab5-16e0-4333-854a-8d58f77e3bca.jpg,https://reservations.ontarioparks.ca/images/3760269f-4d04-47c8-a0a6-0f9163cc6ad1.jpg,https://reservations.ontarioparks.ca/images/6ac9494d-453b-433b-8307-63db85e731e4.jpg,,,
-2147481718,512,,,-2147483648,0,-32763,8250,,1,6,,4,Available,Sites #500-561 (61),Small trailer / pop-up,-2147483610,Comfort Station With Showers,,No,,,,,No,,Regular Rate,,Middle Right,Soil,,1,2,,,,Average,No,Average,"Radio Free, Generator Free",,,Non-Electric,,13.0,Partial Shade,15.0,,,,https://reservations.ontarioparks.ca/images/98dbd664-60a3-4480-ac90-3c4c67edfd7f.jpg,https://reservations.ontarioparks.ca/images/b9cc7586-ba85-40a2-bb75-07b589bfd020.jpg,,,,
-2147481608,513,,,-2147483648,0,-32763,8260,,1,6,,5,Available,Sites #500-561 (61),Trailer / motorhome,-2147483610,Campsite (less than 100m),,No,,,,,No,,Regular Rate,,Back Left,"Grass, Soil",,1,2,,Slight,,Average,No,Average,"Radio Free, Generator Free",,,Non-Electric,,21.0,Partial Shade - PM Sun,16.0,,,,https://reservations.ontarioparks.ca/images/8d0f1759-60bb-4ec8-9e11-b51ba9155fe1.jpg,https://reservations.ontarioparks.ca/images/e19297c7-00c7-4254-804b-056da29d43df.jpg,,,,
-2147481689,515,,,-2147483648,0,-32763,8280,,1,6,,4,Available,Sites #500-561 (61),Trailer / motorhome,-2147483610,"Comfort Station With Showers, Campsite (less than 100m)",,No,,,,,No,,Regular Rate,,Back Centre,"Grass, Soil",,1,2,,,,Average,No,Average,"Radio Free, Generator Free",,,Non-Electric,,18.0,Partial Shade - PM Sun,16.0,,,,https://reservations.ontarioparks.ca/images/a976a8d6-907a-48b9-9148-adb6c6d21227.jpg,https://reservations.ontarioparks.ca/images/2c849e85-6438-4e4e-98e7-e12c8d5bca19.jpg,,,,
-2147481595,516,,,-2147483648,0,-32763,8290,,1,6,,3,Available,Sites #500-561 (61),Small trailer / pop-up,-2147483610,Comfort Station With Showers,,No,,,,,No,,Regular Rate,,Middle Left,Soil,Branches,1,2,,,,Good,No,Average,"Radio Free, Generator Free",,,Non-Electric,,16.0,Partial Shade - PM Sun,11.0,,,,https://reservations.ontarioparks.ca/images/1e9cb509-3938-42ac-8c05-448738752ed7.jpg,https://reservations.ontarioparks.ca/images/b8f95dca-7d9c-47e4-8262-9a2cd43fadf7.jpg,,,,
-2147481832,517,,,-2147483648,0,-32763,8300,,1,6,,4,Available,Sites #500-561 (61),Small trailer / pop-up,-2147483610,"Water Tap, Campsite (less than 100m)",,No,,,,,No,,Regular Rate,,Back Right,"Grass, Soil",Branches,1,2,,,,Good,No,Average,"Radio Free, Generator Free",,,Non-Electric,,16.0,Partial Shade - PM Sun,16.0,,,,https://reservations.ontarioparks.ca/images/5ab6f7c3-228f-47fb-a1b8-5a9dfbd08e13.jpg,https://reservations.ontarioparks.ca/images/6649cbcb-3b8e-4e1d-9a5d-30a5ff419f3d.jpg,,,,
-2147481529,518,,,-2147483648,0,-32763,8310,,1,6,,4,Available,Sites #500-561 (61),Small trailer / pop-up,-2147483610,Campsite (less than 100m),,No,,Above Avg. Vehicular Traffic,,,No,,Regular Rate,,Middle Right,Soil,,1,2,,,,Poor,No,Average,"Radio Free, Generator Free",,,Non-Electric,,17.0,Partial Shade - PM Sun,15.0,,,,https://reservations.ontarioparks.ca/images/30db72b2-c351-4de7-97c8-680662baa8bc.jpg,https://reservations.ontarioparks.ca/images/ffcd0bc1-ba4f-4d2e-8b7f-41d99f346201.jpg,,,,
-2147481710,519,,,-2147483648,0,-32763,8320,,1,6,,4,Available,Sites #500-561 (61),Trailer / motorhome,-2147483610,"Water Tap, Comfort Station With Showers",,No,,,,,No,,Regular Rate,,Middle Right,Soil,,1,2,,Slight,,Average,No,Good,"Radio Free, Generator Free",,,Non-Electric,,18.0,Full Shade,26.0,,,,https://reservations.ontarioparks.ca/images/beb4fcf1-0f32-46fb-9184-a91e23e1a33f.jpg,https://reservations.ontarioparks.ca/images/b0a98d44-b96e-4415-acdd-fe6ce5544ca9.jpg,,,,
-2147481584,520,,,-2147483648,0,-32763,8330,,1,6,,4,Available,Sites #500-561 (61),Trailer / motorhome,-2147483610,"Comfort Station With Showers, Campsite (less than 100m)",,No,,"Above Avg. Vehicular Traffic, Above Avg. Pedestrian Traffic",,,No,,Regular Rate,,Back Centre,Soil,,1,2,,,,Average,No,Average,"Radio Free, Generator Free",,,Non-Electric,,19.0,Partial Shade - PM Sun,18.0,,,,https://reservations.ontarioparks.ca/images/96971f0c-d924-41dc-ae59-116f584068e6.jpg,https://reservations.ontarioparks.ca/images/9b4d04c7-e4a2-4ba6-ae86-ebe6d90d9b32.jpg,,,,
-2147481761,521,,,-2147483648,0,-32763,8340,,1,6,,4,Available,Sites #500-561 (61),Trailer / motorhome,-2147483610,"Comfort Station With Showers, Campsite (less than 100m)",,No,,"Above Avg. Vehicular Traffic, Above Avg. Pedestrian Traffic",,,No,,Regular Rate,,Back Left,Soil,Tree(s),1,2,,Slight,,Average,No,Good,"Radio Free, Generator Free",,,Non-Electric,,21.0,Partial Shade - PM Sun,20.0,,,,https://reservations.ontarioparks.ca/images/06cd8734-dd52-42dd-b2bf-653a0e40754d.jpg,,,,,
-2147481599,522,,,-2147483648,0,-32763,8350,,1,6,,4,Available,Sites #500-561 (61),Trailer / motorhome,-2147483610,"Comfort Station With Showers, Campsite (less than 100m)",,No,,"Above Avg. Vehicular Traffic, Above Avg. Pedestrian Traffic",,,No,,Regular Rate,,Back Centre,Soil,Branches,1,2,,Slight,,Average,No,Good,"Radio Free, Generator Free",,,Non-Electric,,21.0,Full Shade,17.0,,,,https://reservations.ontarioparks.ca/images/69b4b376-0582-47eb-b225-2ff1a4a4c6fb.jpg,https://reservations.ontarioparks.ca/images/32574f1d-72c7-4324-8cd0-edc5ffe59105.jpg,,,,
-2147481762,523,,Open to sites 525 & 546.,-2147483648,0,-32763,8360,,1,6,,4,Available,Sites #500-561 (61),Small trailer / pop-up,-2147483610,"Comfort Station With Showers, Campsite (less than 100m)",,No,,"Above Avg. Vehicular Traffic, Above Avg. Pedestrian Traffic",,,No,,Regular Rate,,Back Right,Soil,Tree(s),1,2,,Slight,,Average,No,Average,"Radio Free, Generator Free",,,Non-Electric,,17.0,Full Shade,17.0,,,,https://reservations.ontarioparks.ca/images/692ef49e-32b5-44cf-92f8-c3d896c54017.jpg,https://reservations.ontarioparks.ca/images/357a3d1d-c4aa-447d-9e4c-2f4c5340ae6f.jpg,,,,
-2147481764,524,,,-2147483648,0,-32763,8370,,1,6,,3,Available,Sites #500-561 (61),Trailer / motorhome,-2147483610,Campsite (less than 100m),,No,,,,,No,,Regular Rate,,Centre,Soil,,1,2,,Moderate,,Average,No,Average,"Radio Free, Generator Free",,,Non-Electric,,22.0,Full Shade,16.0,,,,https://reservations.ontarioparks.ca/images/f71eb690-b3d1-46a1-80ea-f66ee3cba2ed.jpg,https://reservations.ontarioparks.ca/images/7813cf48-2eee-4bcd-965a-6ce595f1f1df.jpg,,,,
-2147481845,525,,Open to sites 523 & 546.,-2147483648,0,-32763,8380,,1,6,,3,Available,Sites #500-561 (61),Small trailer / pop-up,-2147483610,"Water Tap, Comfort Station With Showers, Campsite (less than 100m)",,No,,,,,No,,Regular Rate,,Back Left,Soil,Tree(s),1,2,,Moderate,,Average,No,Average,"Radio Free, Generator Free",,,Non-Electric,,15.0,Full Shade,19.0,,,,https://reservations.ontarioparks.ca/images/cf28aad4-aabe-482e-8d31-ab7f0a7d07f8.jpg,,,,,
-2147481914,526,,,-2147483648,0,-32763,8390,,1,6,,2,Available,Sites #500-561 (61),Tent only,-2147483610,"Water Tap, Vehicle Parking",,No,,,,,No,,Regular Rate,,Back Centre,Soil,,1,2,,Slight,,Average,No,Average,"Radio Free, Generator Free",,,Non-Electric,,17.0,Partial Shade - PM Sun,13.0,,,,https://reservations.ontarioparks.ca/images/731e451b-80a7-4508-a5b2-2ea337ea6ad7.jpg,https://reservations.ontarioparks.ca/images/d052e098-2f18-476c-911d-e354031acee8.jpg,,,,
-2147481862,527,,,-2147483648,0,-32763,8400,,1,6,,4,Available,Sites #500-561 (61),Trailer / motorhome,-2147483610,"Water Tap, Vehicle Parking, Campsite (less than 100m)",,No,,,,,No,,Regular Rate,,Back Right,Soil,,1,2,,Slight,,Good,No,Average,"Radio Free, Generator Free",,,Non-Electric,,19.0,Partial Shade - PM Sun,13.0,,,,https://reservations.ontarioparks.ca/images/434865f7-076e-46ac-89bb-4780f6bb6d3f.jpg,https://reservations.ontarioparks.ca/images/303f51a9-7a55-4098-80b4-bf13e4841fe1.jpg,,,,
-2147482003,528,,,-2147483648,0,-32763,8410,,1,6,,4,Available,Sites #500-561 (61),Trailer / motorhome,-2147483610,Campsite (less than 100m),,No,,,,,No,,Regular Rate,,Middle Right,Soil,,1,2,,Slight,,Average,No,Average,"Radio Free, Generator Free",,,Non-Electric,,20.0,Full Shade,11.0,,,,https://reservations.ontarioparks.ca/images/ed4434c6-17fd-4577-87ff-5d46ce3d6054.jpg,https://reservations.ontarioparks.ca/images/b629135c-67d2-4cb9-99de-196fe7615b82.jpg,,,,
-2147481802,529,,,-2147483648,0,-32763,8420,,1,6,,4,Available,Sites #500-561 (61),Trailer / motorhome,-2147483610,Campsite (less than 100m),,No,,,,,No,,Regular Rate,,Back Left,Soil,Branches,1,2,,,,Average,No,Average,"Radio Free, Generator Free",,,Non-Electric,,18.0,Full Shade,18.0,,,,https://reservations.ontarioparks.ca/images/45f643ed-9443-4607-a561-868e07a46724.jpg,https://reservations.ontarioparks.ca/images/b444b4da-41f4-415b-bf7d-87f4ebe95029.jpg,,,,
-2147481938,530,,,-2147483648,0,-32763,8430,,1,6,,5,Available,Sites #500-561 (61),Trailer / motorhome,-2147483610,"Water Tap, Campsite (less than 100m)",,No,,,,,No,,Regular Rate,,Back Left,Soil,,1,2,,Uneven,,Good,No,Average,"Radio Free, Generator Free",,,Non-Electric,,18.0,Partial Shade - PM Sun,16.0,,,,https://reservations.ontarioparks.ca/images/3eaa6805-861b-441b-a234-4ca6c8854e64.jpg,https://reservations.ontarioparks.ca/images/4da9985b-a900-4e61-9539-7faaeaeb1398.jpg,,,,
-2147481776,531,,,-2147483648,0,-32763,8440,,1,6,,5,Available,Sites #500-561 (61),Trailer / motorhome,-2147483610,Water Tap,,No,,,,,No,,Regular Rate,,Back Centre,"Grass, Soil",,1,2,,,,Average,No,Good,"Radio Free, Generator Free",,,Non-Electric,,22.0,Partial Shade - PM Sun,14.0,,,,https://reservations.ontarioparks.ca/images/a1cf01d3-ce88-4ee8-ad60-02e86f5f6725.jpg,https://reservations.ontarioparks.ca/images/b0811386-7e06-44c3-a4ff-175d5de11d39.jpg,,,,
-2147481912,532,,,-2147483648,0,-32763,8450,,1,6,,4,Available,Sites #500-561 (61),Trailer / motorhome,-2147483610,Comfort Station,,No,,,,,No,,Regular Rate,,Front Right,Soil,,1,2,,Slight,,Average,No,Average,"Radio Free, Generator Free",,,Non-Electric,,19.0,Full Shade,18.0,,,,https://reservations.ontarioparks.ca/images/7725a45a-0d5f-4a55-9d8b-693cccb11039.jpg,https://reservations.ontarioparks.ca/images/072b040b-0ba1-4344-af78-942368740172.jpg,,,,
-2147481691,533,,,-2147483648,0,-32763,8460,,1,6,,4,Available,Sites #500-561 (61),Trailer / motorhome,-2147483610,Campsite (less than 100m),,No,,,,,No,,Regular Rate,,Back Left,"Grass, Soil",,1,2,,,,Good,No,Average,"Radio Free, Generator Free",,,Non-Electric,,22.0,Partial Shade - PM Sun,12.0,,,,https://reservations.ontarioparks.ca/images/b83401a5-d220-4912-8d76-89a6a48ea5fb.jpg,https://reservations.ontarioparks.ca/images/fe00004e-4f7c-4747-a780-3a582753cb0f.jpg,,,,
-2147481966,534,,,-2147483648,0,-32763,8470,,1,6,,4,Available,Sites #500-561 (61),RV / big rig,-2147483610,"Comfort Station With Showers, Campsite (less than 100m)",,No,,,,,No,,Regular Rate,,Back Right,Soil,,1,2,,,,Average,No,Average,"Radio Free, Generator Free",,,Non-Electric,,25.0,Partial Shade - PM Sun,19.0,,,,https://reservations.ontarioparks.ca/images/e0557547-aaab-41c0-a0bd-75c29582158e.jpg,https://reservations.ontarioparks.ca/images/5c7889a9-fd62-4ecb-a2f4-239451dc42c0.jpg,,,,
-2147481593,535,,,-2147483648,0,-32763,8480,,1,6,,4,Available,Sites #500-561 (61),Trailer / motorhome,-2147483610,Campsite (less than 100m),,No,,,,,No,,Regular Rate,,Back Left,"Gravel, Grass",,1,2,,,,Average,No,Average,"Radio Free, Generator Free",,,Non-Electric,,19.0,Partial Shade - PM Sun,15.0,,,,https://reservations.ontarioparks.ca/images/50f4b12f-f4f2-4590-8443-8feec7ca8193.jpg,https://reservations.ontarioparks.ca/images/9f136ee7-aec8-4bfb-8e9f-d14f36417202.jpg,,,,
-2147481664,536,,,-2147483648,0,-32763,8490,,1,6,,4,Available,Sites #500-561 (61),Trailer / motorhome,-2147483610,"Comfort Station With Showers, Campsite (less than 100m)",,No,,,,,No,,Regular Rate,,Middle Left,"Grass, Soil",,1,2,,,,Good,No,Average,"Radio Free, Generator Free",,,Non-Electric,,18.0,Full Shade,26.0,,,,https://reservations.ontarioparks.ca/images/e72b552e-27ec-443f-8212-0179b6dd1af2.jpg,https://reservations.ontarioparks.ca/images/667f7bcb-eb6f-482b-8f87-3486ae17b3d2.jpg,,,,
-2147481656,537,,,-2147483648,0,-32763,8500,,1,6,,5,Available,Sites #500-561 (61),RV / big rig,-2147483610,"Comfort Station With Showers, Campsite (less than 100m)",,No,,,,,No,,Regular Rate,,Back Centre,Soil,,1,2,,,,Good,No,Good,"Radio Free, Generator Free",,,Non-Electric,,24.0,Full Shade,10.0,,,,https://reservations.ontarioparks.ca/images/74f06a99-aee9-49eb-b446-d9d2345a4dbc.jpg,https://reservations.ontarioparks.ca/images/7a89dc90-c619-4c5a-bc51-2a465acf70c5.jpg,,,,
-2147481545,538,,,-2147483648,0,-32763,8510,,1,6,,4,Available,Sites #500-561 (61),Trailer / motorhome,-2147483610,Campsite (less than 100m),,No,,,,,No,,Regular Rate,,Back Right,Soil,Tree(s),1,2,,Uneven,,Average,No,Average,"Radio Free, Generator Free",,,Non-Electric,,19.0,Full Shade,14.0,,,,https://reservations.ontarioparks.ca/images/c061299a-235b-4b0c-bf01-f5b15d54f267.jpg,https://reservations.ontarioparks.ca/images/9b525704-53b7-43af-a029-db3fcac3d64e.jpg,,,,
-2147481879,539,,,-2147483648,0,-32763,8520,,1,6,,4,Available,Sites #500-561 (61),Small trailer / pop-up,-2147483610,Campsite (less than 100m),,No,,,,,No,,Regular Rate,,Middle Left,Soil,,1,2,,Slight,,Average,No,Average,"Radio Free, Generator Free",,,Non-Electric,,14.0,Full Shade,18.0,,,,https://reservations.ontarioparks.ca/images/2a7adf7d-ee28-48a9-8e6f-5f6cfd9d3067.jpg,https://reservations.ontarioparks.ca/images/02e0a817-c9de-458a-a1de-40ed220ca5e4.jpg,,,,
-2147481900,540,,,-2147483648,0,-32763,8530,,1,6,,4,Available,Sites #500-561 (61),Trailer / motorhome,-2147483610,"Water Tap, Campsite (less than 100m)",,No,,,,,No,,Regular Rate,,Back Right,"Grass, Soil",,1,2,,,,Average,No,Average,"Radio Free, Generator Free",,,Non-Electric,,19.0,Full Shade,25.0,,,,https://reservations.ontarioparks.ca/images/fa6478ae-815a-4edf-892c-09b9b803df3f.jpg,https://reservations.ontarioparks.ca/images/c16f3b0d-a478-445e-9197-612a91e2720c.jpg,,,,
-2147482007,541,,,-2147483648,0,-32763,8540,,1,6,,3,Available,Sites #500-561 (61),Trailer / motorhome,-2147483610,,,No,,,,,No,,Regular Rate,,Back Left,"Grass, Soil",,1,2,,,,Average,No,Average,"Radio Free, Generator Free",,,Non-Electric,,20.0,Full Shade,19.0,,,,https://reservations.ontarioparks.ca/images/ee6cc6e5-7758-4557-9fb8-66edb88fd264.jpg,https://reservations.ontarioparks.ca/images/3e206029-ab01-4ca6-b18b-8301215dde71.jpg,,,,
-2147481755,542,,,-2147483648,0,-32763,8550,,1,6,,4,Available,Sites #500-561 (61),Trailer / motorhome,-2147483610,"Water Tap, Comfort Station",,No,,,,,No,,Regular Rate,,Back Left,Soil,,1,2,,,,Average,No,Average,"Radio Free, Generator Free",,,Non-Electric,,18.0,Full Shade,12.0,,,,https://reservations.ontarioparks.ca/images/6581895c-c13d-48b5-b807-cb2f26472b0e.jpg,https://reservations.ontarioparks.ca/images/f2be584f-f478-40ff-a492-927f679f5a4f.jpg,,,,
-2147481995,543,,,-2147483648,0,-32763,8560,,1,6,,3,Available,Sites #500-561 (61),Trailer / motorhome,-2147483610,Campsite (less than 100m),,No,,Above Avg. Vehicular Traffic,,,No,,Regular Rate,,Back Centre,Soil,Tree(s),1,2,,Uneven,,Average,No,Average,"Radio Free, Generator Free",,,Non-Electric,,18.0,Full Shade,12.0,,,,https://reservations.ontarioparks.ca/images/f95d29b0-c2e3-4bd9-8bdb-574c9520f78d.jpg,https://reservations.ontarioparks.ca/images/4e703ac7-dd3a-4ba2-b938-3d68251f5ec6.jpg,,,,
-2147481538,544,,,-2147483648,0,-32763,8570,,1,6,,5,Available,Sites #500-561 (61),Trailer / motorhome,-2147483610,Campsite (less than 100m),,No,,,,,No,,Regular Rate,,Back Left,Soil,,1,2,,None,,Average,No,Average,"Radio Free, Generator Free",,,Non-Electric,,21.0,Full Shade,14.0,,,,https://reservations.ontarioparks.ca/images/45797931-36f6-4949-a70a-5e14f51adc08.jpg,https://reservations.ontarioparks.ca/images/7605aea0-0ee6-4352-b109-a91bc2be1ee7.jpg,,,,
-2147482019,545,,,-2147483648,0,-32763,8580,,1,6,,4,Available,Sites #500-561 (61),Trailer / motorhome,-2147483610,Campsite (less than 100m),,No,,Above Avg. Vehicular Traffic,,,No,,Regular Rate,,Back Left,Soil,,1,2,,None,,Good,No,Good,"Radio Free, Generator Free",,,Non-Electric,,22.0,Full Shade,14.0,,,,https://reservations.ontarioparks.ca/images/d0a932e6-3140-4a85-a47e-b6b9f480e04c.jpg,https://reservations.ontarioparks.ca/images/21051798-e819-4d1d-96cc-02f041d12948.jpg,,,,
-2147481642,546,,Open to sites 523 & 525.,-2147483648,0,-32763,8590,,1,6,,4,Available,Sites #500-561 (61),Trailer / motorhome,-2147483610,Campsite (less than 100m),,No,,,,,No,,Regular Rate,,Middle Left,Soil,,1,2,,None,,Average,No,Average,"Radio Free, Generator Free",,,Non-Electric,,21.0,Full Shade,13.0,,,,https://reservations.ontarioparks.ca/images/cd7957e2-460e-485c-b636-d3af8ac0e043.jpg,https://reservations.ontarioparks.ca/images/3002aaf4-88b4-4fed-8453-0cd695f0015a.jpg,,,,
-2147482006,547,,,-2147483648,0,-32763,8600,,1,6,,4,Available,Sites #500-561 (61),Trailer / motorhome,-2147483610,Campsite (less than 100m),,No,,Above Avg. Vehicular Traffic,,,No,,Regular Rate,,Back Left,"Grass, Soil",,1,2,,Slight,,Average,No,Average,"Radio Free, Generator Free",,,Non-Electric,,21.0,Partial Shade - PM Sun,11.0,,,,https://reservations.ontarioparks.ca/images/9bc05dc0-5a24-40cf-a26f-cffb2be6712e.jpg,https://reservations.ontarioparks.ca/images/3b8464b2-9563-4f48-a5fc-5b1222c9b14b.jpg,,,,
-2147481544,548,,,-2147483648,0,-32763,8610,,1,6,,4,Available,Sites #500-561 (61),Trailer / motorhome,-2147483610,,,No,,,,,No,,Regular Rate,,Back Centre,"Grass, Soil",,1,2,,Slight,,Average,No,Average,"Radio Free, Generator Free",,,Non-Electric,,20.0,Partial Shade,16.0,,,,https://reservations.ontarioparks.ca/images/33ab22b0-dc42-4d86-9522-a92a57a00cd7.jpg,https://reservations.ontarioparks.ca/images/ac30b955-30fa-436d-b79d-a542a06b9975.jpg,,,,
-2147481628,549,,,-2147483648,0,-32763,8620,,1,6,,4,Available,Sites #500-561 (61),Trailer / motorhome,-2147483610,Campsite (less than 100m),,No,,Above Avg. Vehicular Traffic,,,No,,Regular Rate,,Middle Left,"Grass, Soil",,1,2,,None,,Average,No,Average,"Radio Free, Generator Free",,,Non-Electric,,19.0,Partial Shade - PM Sun,16.0,,,,https://reservations.ontarioparks.ca/images/2666790e-3350-4705-baca-e85eeb3cd466.jpg,https://reservations.ontarioparks.ca/images/882c1048-c3c8-4689-a36a-08cb796cd078.jpg,,,,
-2147481861,550,,,-2147483648,0,-32763,8630,,1,6,,4,Available,Sites #500-561 (61),Trailer / motorhome,-2147483610,Campsite (less than 100m),,No,,,,,No,,Regular Rate,,Back Right,Soil,,1,2,,None,,Average,No,Average,"Radio Free, Generator Free",,,Non-Electric,,20.0,Partial Shade - PM Sun,11.0,,,,https://reservations.ontarioparks.ca/images/c36ea233-ce9f-46ec-a695-76238caf11c6.jpg,https://reservations.ontarioparks.ca/images/23969ea5-4a81-427f-a1db-542c86594bdc.jpg,,,,
-2147481681,551,,,-2147483648,0,-32763,8640,,1,6,,4,Available,Sites #500-561 (61),Trailer / motorhome,-2147483610,Campsite (less than 100m),,No,,Above Avg. Vehicular Traffic,,,No,,Regular Rate,,Middle Right,Soil,Tree(s),1,2,,None,,Average,No,Average,"Radio Free, Generator Free",,,Non-Electric,,19.0,Partial Shade - PM Sun,19.0,,,,https://reservations.ontarioparks.ca/images/60e34210-6226-4fa5-895a-31ac9c49afaf.jpg,https://reservations.ontarioparks.ca/images/28ac1d84-c283-4587-bce9-1c2812d35184.jpg,,,,
-2147481659,552,,,-2147483648,0,-32763,8650,,1,6,,3,Available,Sites #500-561 (61),Trailer / motorhome,-2147483610,Campsite (less than 100m),,No,,,,,No,,Regular Rate,,Middle Right,Soil,,1,2,,None,,Average,No,Average,"Radio Free, Generator Free",,,Non-Electric,,22.0,Partial Shade - PM Sun,13.0,,,,https://reservations.ontarioparks.ca/images/1d1f0b39-4e8e-47bc-a20f-6ef637f81ddc.jpg,https://reservations.ontarioparks.ca/images/5bfa59e9-f4e9-4d60-8151-03659906217b.jpg,,,,
-2147481849,553,,,-2147483648,0,-32763,8660,,1,6,,4,Available,Sites #500-561 (61),Small trailer / pop-up,-2147483610,Campsite (less than 100m),,No,,Above Avg. Vehicular Traffic,,,No,,Regular Rate,,Back Centre,Soil,,1,2,,None,,Good,No,Good,"Radio Free, Generator Free",,,Non-Electric,,17.0,Partial Shade - PM Sun,17.0,,,,https://reservations.ontarioparks.ca/images/d8e2cb6b-2113-4ca6-a0ba-8cc8ef26d810.jpg,https://reservations.ontarioparks.ca/images/41feb116-8553-4197-a4c4-0127d55194e4.jpg,,,,
-2147481523,554,,,-2147483648,0,-32763,8670,,1,6,,4,Available,Sites #500-561 (61),Small trailer / pop-up,-2147483610,"Privy, Vehicle Parking, Campsite (less than 100m)",,No,,,,,No,,Regular Rate,,Middle Right,Soil,,1,2,,Slight,,Average,No,Average,"Radio Free, Generator Free",,,Non-Electric,,17.0,Partial Shade - PM Sun,17.0,,,,https://reservations.ontarioparks.ca/images/427f9318-6a04-4311-bc86-727ce4b03585.jpg,https://reservations.ontarioparks.ca/images/8d982c9a-8785-4b50-8c06-24a02fe8bb9a.jpg,,,,
-2147482012,555,,,-2147483648,0,-32763,8680,,1,6,,4,Available,Sites #500-561 (61),Small trailer / pop-up,-2147483610,"Privy, Campsite (less than 100m)",,No,,Above Avg. Vehicular Traffic,,,No,,Regular Rate,,Back Centre,Grass,,1,2,,None,,Average,No,Good,"Radio Free, Generator Free",,,Non-Electric,,17.0,No Shade/Full Sun,20.0,,,,https://reservations.ontarioparks.ca/images/de46f545-ea54-4546-8fef-7b0fd207530e.jpg,https://reservations.ontarioparks.ca/images/c059e50a-dd40-4f5e-a539-2b1f14af907a.jpg,,,,
-2147481555,556,,,-2147483648,0,-32763,8690,,1,6,,2,Available,Sites #500-561 (61),Tent only,-2147483610,"Privy, Water Tap, Campsite (less than 100m)",,No,,,,,No,,Regular Rate,,Back Right,"Grass, Soil",,1,2,,Slight,,Average,No,Poor,"Radio Free, Generator Free",,,Non-Electric,,10.0,Partial Shade - PM Sun,27.0,,,,https://reservations.ontarioparks.ca/images/5e4861e2-8f78-457d-8990-8ed2e5ea596c.jpg,https://reservations.ontarioparks.ca/images/5854739f-8822-4240-a8b7-197d3048d850.jpg,,,,
-2147481990,557,,,-2147483648,0,-32763,8700,,1,6,,4,Available,Sites #500-561 (61),Small trailer / pop-up,-2147483610,Campsite (less than 100m),,No,,Above Avg. Vehicular Traffic,,,No,,Regular Rate,,Back Centre,Grass,,1,2,,None,,Average,No,Average,"Radio Free, Generator Free",,,Non-Electric,,13.0,Partial Shade - PM Sun,17.0,,,,https://reservations.ontarioparks.ca/images/db9fb5d5-cb79-4e27-882a-4338dd09e349.jpg,https://reservations.ontarioparks.ca/images/98e00d3b-4a12-4bc5-b724-051829616ca9.jpg,,,,
-2147481923,558,,,-2147483648,0,-32763,8710,,1,6,,2,Available,Sites #500-561 (61),Trailer / motorhome,-2147483610,Campsite (less than 100m),,No,,,,,No,,Regular Rate,,Back Left,Grass,,1,2,,None,,Good,No,Average,"Radio Free, Generator Free",,,Non-Electric,,18.0,Partial Shade - AM Sun,16.0,,,,https://reservations.ontarioparks.ca/images/1bc83cef-d9ca-4c29-b6c2-31fdc4f6e1a2.jpg,https://reservations.ontarioparks.ca/images/a640b895-33dd-49bf-8ee9-fd5e6ae1736c.jpg,,,,
-2147481878,559,,,-2147483648,0,-32763,8720,,1,6,,3,Available,Sites #500-561 (61),Trailer / motorhome,-2147483610,Campsite (less than 100m),,No,,Above Avg. Vehicular Traffic,,,No,,Regular Rate,,Back Centre,Grass,,1,2,,None,,Good,No,Average,"Radio Free, Generator Free",,,Non-Electric,,18.0,Partial Shade - PM Sun,13.0,,,,https://reservations.ontarioparks.ca/images/69f69508-838d-43b0-be2f-315d237fd4bd.jpg,https://reservations.ontarioparks.ca/images/e45d9ff0-fdba-4502-a22b-b9daf4a1c479.jpg,,,,
-2147481641,560,,,-2147483648,0,-32763,8730,,1,6,,4,Available,Sites #500-561 (61),Trailer / motorhome,-2147483610,Campsite (less than 100m),,No,,Above Avg. Vehicular Traffic,,,No,,Regular Rate,,Back Centre,Grass,,1,2,,,,Average,No,Average,"Radio Free, Generator Free",,,Non-Electric,,19.0,Partial Shade - AM Sun,14.0,,,,https://reservations.ontarioparks.ca/images/2ba6fbd2-059e-4555-84c4-b8c23fa1b901.jpg,https://reservations.ontarioparks.ca/images/21908898-4829-4c70-9e64-52a30f5951cd.jpg,,,,
-2147481713,561,,Road behind site.,-2147483648,0,-32763,8740,,1,6,,4,Available,Sites #500-561 (61),Trailer / motorhome,-2147483610,Campsite (less than 100m),,No,,Above Avg. Vehicular Traffic,,,No,,Regular Rate,,Back Centre,Grass,,1,2,,,,Average,No,Average,"Radio Free, Generator Free",,,Non-Electric,,20.0,Partial Shade - AM Sun,11.0,,,,https://reservations.ontarioparks.ca/images/d4eb4e99-767d-4da1-b916-e5b481d416ad.jpg,https://reservations.ontarioparks.ca/images/cac899b2-81a5-466b-976b-882c6ff34baa.jpg,,,,
-2147481610,600,,,-2147483648,0,-32763,8750,,1,6,,4,Available,Sites #600-653 (54),Small trailer / pop-up,-2147483609,Campsite (less than 100m),,No,,Above Avg. Vehicular Traffic,,,No,,Regular Rate,,Back Centre,Soil,,1,2,,None,,Average,No,Average,"Radio Free, Generator Free",,,Non-Electric,,16.0,Full Shade,11.0,,,,https://reservations.ontarioparks.ca/images/275e7a1c-0949-448a-bd01-7d1dedd94b89.jpg,https://reservations.ontarioparks.ca/images/811bdd69-8355-4f58-9ce3-c484b25a6008.jpg,https://reservations.ontarioparks.ca/images/b09af1e4-cfac-4244-b181-07e61591c3d7.jpg,,,
-2147481857,601,,,-2147483648,0,-32763,8760,,1,6,,4,Available,Sites #600-653 (54),Trailer / motorhome,-2147483609,"Privy, Campsite (less than 100m)",,No,,Above Avg. Vehicular Traffic,,,No,,Regular Rate,,Back Right,"Grass, Soil",,1,2,,None,,Average,No,Average,"Radio Free, Generator Free",,,Non-Electric,,20.0,No Shade/Full Sun,18.0,,,,https://reservations.ontarioparks.ca/images/cbe6019d-2ede-43dd-81a2-4006207894f7.jpg,https://reservations.ontarioparks.ca/images/2071758f-d4ee-4693-a76b-27f37bf981ad.jpg,,,,
-2147481833,602,,,-2147483648,0,-32763,8770,,1,6,,4,Available,Sites #600-653 (54),Trailer / motorhome,-2147483609,Campsite (less than 100m),,No,,,,,No,,Regular Rate,,Middle Right,"Grass, Soil",,1,2,,None,,Average,No,Average,"Radio Free, Generator Free",,,Non-Electric,,22.0,Partial Shade,6.0,,,,https://reservations.ontarioparks.ca/images/2d970561-3a96-48aa-aa57-8c2f32926b9d.jpg,https://reservations.ontarioparks.ca/images/73a63bd8-1c71-422b-a643-609609360f0d.jpg,,,,
-2147481694,603,,,-2147483648,0,-32763,8780,,1,6,,4,Available,Sites #600-653 (54),Trailer / motorhome,-2147483609,Campsite (less than 100m),,No,,Above Avg. Vehicular Traffic,,,No,,Regular Rate,,Back Right,"Grass, Soil",,1,2,,Slight,,Average,No,Average,"Radio Free, Generator Free",,,Non-Electric,,19.0,Partial Shade,10.0,,,,https://reservations.ontarioparks.ca/images/2583198b-44c4-46d3-b57f-7441a08dfef2.jpg,https://reservations.ontarioparks.ca/images/a634a598-0b53-455a-b1b3-9872deaca7c1.jpg,,,,
-2147481781,604,,,-2147483648,0,-32763,8790,,1,6,,3,Available,Sites #600-653 (54),Trailer / motorhome,-2147483609,Campsite (less than 100m),,No,,,,,No,,Regular Rate,,Back Centre,"Grass, Soil",,1,2,,Slight,,Average,No,Average,"Radio Free, Generator Free",,,Non-Electric,,22.0,Partial Shade,13.0,,,,https://reservations.ontarioparks.ca/images/b45954e9-4340-40ed-90b6-76118892e8d7.jpg,https://reservations.ontarioparks.ca/images/e17e20ce-c9f1-41bb-b4a5-0280a7b6d980.jpg,,,,
-2147481971,605,,,-2147483648,0,-32763,8800,,1,6,,5,Available,Sites #600-653 (54),Trailer / motorhome,-2147483609,"Water Tap, Vehicle Parking, Campsite (less than 100m)",,No,,Corner Site,,,No,,Regular Rate,,Back Left,Gravel,,1,2,,None,,Average,No,Average,"Radio Free, Generator Free",,,Non-Electric,,11.0,Partial Shade,16.0,,,,https://reservations.ontarioparks.ca/images/c068d1f5-eac0-49ca-bf19-d6c1ff846e75.jpg,https://reservations.ontarioparks.ca/images/5ee3edd7-57a5-44a9-b86d-dd33e78e2151.jpg,https://reservations.ontarioparks.ca/images/1d704f11-2dbf-4b08-8a35-26003e7acd5f.jpg,,,
-2147481549,606,,,-2147483648,0,-32763,8810,,1,6,,3,Available,Sites #600-653 (54),Trailer / motorhome,-2147483609,Campsite (less than 100m),,No,,Corner Site,,,No,,Regular Rate,,Middle Left,"Grass, Soil",,1,2,,Slight,,Good,No,Average,"Radio Free, Generator Free",,,Non-Electric,,22.0,Partial Shade,9.0,,,,https://reservations.ontarioparks.ca/images/c29f4a54-6149-487d-8584-4a75cb626cf7.jpg,https://reservations.ontarioparks.ca/images/0c846fae-88e0-4a88-989a-ae1698ee5754.jpg,https://reservations.ontarioparks.ca/images/c13e1d10-54fe-44be-9ec2-f50b349b1d3b.jpg,,,
-2147481887,607,,,-2147483648,0,-32763,8820,,1,6,,4,Available,Sites #600-653 (54),Small trailer / pop-up,-2147483609,,,No,,,,,No,,Regular Rate,,Back Right,"Grass, Soil",,1,2,,,,Poor,,Average,"Radio Free, Generator Free",,,Non-Electric,,17.0,No Shade/Full Sun,11.0,,,,https://reservations.ontarioparks.ca/images/be07c5ba-b497-41e9-927e-05c76cd835a3.jpg,https://reservations.ontarioparks.ca/images/56810a1d-7ad2-40fb-b088-a7672f9c66a8.jpg,,,,
-2147481634,608,,,-2147483648,0,-32763,8830,,1,6,,1,Available,Sites #600-653 (54),Tent only,-2147483609,,,No,,,,,No,,Regular Rate,,Back Centre,"Grass, Soil",,1,1,,,,Poor,,Average,"Radio Free, Generator Free",,,Non-Electric,,10.0,No Shade/Full Sun,12.0,,,,https://reservations.ontarioparks.ca/images/37fd6f89-4acb-4c05-9dbf-e4af4dd82375.jpg,https://reservations.ontarioparks.ca/images/25af9026-d7af-44a8-9fea-86fbd9b722f4.jpg,,,,
-2147481739,609,,,-2147483648,0,-32763,8840,,1,6,,2,Available,Sites #600-653 (54),Tent only,-2147483609,Campsite (less than 100m),,No,,,,,No,,Regular Rate,,Back Right,"Grass, Soil",,1,2,,Slight,,Average,No,Average,"Radio Free, Generator Free",,,Non-Electric,,12.0,Full Shade,12.0,,,,https://reservations.ontarioparks.ca/images/f6ca80f7-b47b-482e-88c9-f28ffd9c669d.jpg,https://reservations.ontarioparks.ca/images/625b7e7c-b118-49f1-af40-94f948e958cd.jpg,https://reservations.ontarioparks.ca/images/36b07928-bfd6-4eb5-a02f-8d91a471f0b0.jpg,,,
-2147481750,610,,,-2147483648,0,-32763,8850,,1,6,,4,Available,Sites #600-653 (54),Trailer / motorhome,-2147483609,Campsite (less than 100m),,No,,,,,No,,Regular Rate,,Back Right,"Grass, Soil",Branches,1,2,,None,,Average,No,Average,"Radio Free, Generator Free",,,Non-Electric,,18.0,Full Shade,15.0,,,,https://reservations.ontarioparks.ca/images/74f5068d-065b-4e07-bbce-333b2921f91d.jpg,https://reservations.ontarioparks.ca/images/82baa8d3-836d-4241-9c5e-1eeb93eb8df6.jpg,https://reservations.ontarioparks.ca/images/88674b7e-2129-46ab-b13e-946a33c7b46e.jpg,,,
-2147481919,611,,,-2147483648,0,-32763,8860,,1,6,,4,Available,Sites #600-653 (54),Small trailer / pop-up,-2147483609,Campsite (less than 100m),,No,,,,,No,,Regular Rate,,Back Centre,Soil,Branches,1,2,,None,,Average,No,Average,"Radio Free, Generator Free",,,Non-Electric,,15.0,Partial Shade - PM Sun,13.0,,,,https://reservations.ontarioparks.ca/images/d536ac9f-a3be-4a27-b832-4ea3b58f746d.jpg,https://reservations.ontarioparks.ca/images/471dd688-2d2b-414c-9233-0c6335416e92.jpg,https://reservations.ontarioparks.ca/images/fac10658-dd31-499e-bf5d-81c5a930b801.jpg,,,
-2147481749,612,,,-2147483648,0,-32763,8870,,1,6,,2,Available,Sites #600-653 (54),Tent only,-2147483609,"Water Tap, Campsite (less than 100m)",,No,,,,,No,,Regular Rate,,Back Left,Soil,Tree(s),1,2,,None,,Good,No,Average,"Radio Free, Generator Free",,,Non-Electric,,17.0,Full Shade,12.0,,,,https://reservations.ontarioparks.ca/images/75646a86-7b2c-42da-a2dc-2d6027fe10ff.jpg,https://reservations.ontarioparks.ca/images/6eb4e128-79e4-448c-b848-4883f63a25a6.jpg,https://reservations.ontarioparks.ca/images/79f657f8-2938-45a3-adda-dbf0e31d1a28.jpg,,,
-2147481788,613,,Open to site 615.,-2147483648,0,-32763,8880,,1,6,,2,Available,Sites #600-653 (54),Trailer / motorhome,-2147483609,"Water Tap, Campsite (less than 100m)",,No,,,,,No,,Regular Rate,,Back Centre,"Grass, Soil",Tree(s),1,2,,None,,Average,No,Average,"Radio Free, Generator Free",,,Non-Electric,,19.0,Full Shade,13.0,,,,https://reservations.ontarioparks.ca/images/1b6aff88-4a0d-47e0-85f3-f30c37971f98.jpg,https://reservations.ontarioparks.ca/images/39164411-b6d4-4dab-ab46-af9d09d3f6a5.jpg,,,,
-2147481773,614,,,-2147483648,0,-32763,8890,,1,6,,5,Available,Sites #600-653 (54),Trailer / motorhome,-2147483609,Campsite (less than 100m),,No,,,,,No,,Regular Rate,,Back Left,"Grass, Soil",,1,2,,None,,Average,No,Average,"Radio Free, Generator Free",,,Non-Electric,,14.0,Partial Shade,15.0,,,,https://reservations.ontarioparks.ca/images/761cd08c-343d-4530-84dc-a4629825e82e.jpg,https://reservations.ontarioparks.ca/images/add6b139-a8c7-4049-9854-82eab56d5130.jpg,,,,
-2147481969,615,,Open to site 613.,-2147483648,0,-32763,8900,,1,6,,2,Available,Sites #600-653 (54),Trailer / motorhome,-2147483609,Campsite (less than 100m),,No,,,,,No,,Regular Rate,,Back Left,"Grass, Soil",,1,2,,None,,Average,No,Average,"Radio Free, Generator Free",,,Non-Electric,,21.0,Partial Shade - PM Sun,10.0,,,,https://reservations.ontarioparks.ca/images/c8373648-ffb0-4e6e-a8b2-d7a8ed7606a6.jpg,https://reservations.ontarioparks.ca/images/430431b1-b414-4ed9-b0f0-2ea1663a5bd5.jpg,,,,
-2147481715,616,,,-2147483648,0,-32763,8910,,1,6,,2,Available,Sites #600-653 (54),Trailer / motorhome,-2147483609,Campsite (less than 100m),,No,,,,,No,,Regular Rate,,Back Left,"Grass, Soil",,1,2,,None,,Average,No,Average,"Radio Free, Generator Free",,,Non-Electric,,20.0,Partial Shade - PM Sun,14.0,,,,https://reservations.ontarioparks.ca/images/87407254-03d8-46b5-9142-7f675a692230.jpg,https://reservations.ontarioparks.ca/images/58d63a21-58ec-4ea1-ba4e-bbf259bc912a.jpg,https://reservations.ontarioparks.ca/images/5b6a44f7-153e-4dc8-9b52-f72c917808ff.jpg,,,
-2147481936,617,,,-2147483648,0,-32763,8920,,1,6,,2,Available,Sites #600-653 (54),Tent only,-2147483609,Campsite (less than 100m),,No,,Poison Ivy,,,No,,Regular Rate,,Back Right,Soil,,1,2,,None,,Average,No,Average,"Radio Free, Generator Free",,,Non-Electric,,14.0,Partial Shade - PM Sun,14.0,,,,https://reservations.ontarioparks.ca/images/63b1a903-1754-4a91-9ff5-530843843a96.jpg,https://reservations.ontarioparks.ca/images/aea90530-3930-4568-9693-38e3111a8f44.jpg,,,,
-2147481658,618,,,-2147483648,0,-32763,8930,,1,6,,2,Available,Sites #600-653 (54),Trailer / motorhome,-2147483609,Campsite (less than 100m),,No,,,,,No,,Regular Rate,,Back Left,Soil,,1,2,,None,,Average,No,Average,"Radio Free, Generator Free",,,Non-Electric,,18.0,Full Shade,10.0,,,,https://reservations.ontarioparks.ca/images/4d2c64d8-3472-4bb4-bd12-1fe622f0780c.jpg,https://reservations.ontarioparks.ca/images/ebdbd32a-ae1e-4c85-8452-10b88dd5c87c.jpg,,,,
-2147481685,619,,,-2147483648,0,-32763,8940,,1,6,,3,Available,Sites #600-653 (54),Small trailer / pop-up,-2147483609,"Water Tap, Campsite (less than 100m)",,No,,,,,No,,Regular Rate,,Back Right,"Grass, Soil",,1,2,,None,,Average,No,Average,"Radio Free, Generator Free",,,Non-Electric,,14.0,Full Shade,13.0,,,,https://reservations.ontarioparks.ca/images/46687409-50d7-4919-984b-441595db5ee8.jpg,https://reservations.ontarioparks.ca/images/eef6117d-4042-4dc4-bd2a-5c454283ad7a.jpg,,,,
-2147481979,620,,,-2147483648,0,-32763,8950,,1,6,,3,Available,Sites #600-653 (54),Small trailer / pop-up,-2147483609,"Privy, Water Tap, Campsite (less than 100m)",,No,,Poison Ivy,,,No,,Regular Rate,,Centre,"Grass, Soil",,1,2,,Uneven,,Average,No,Average,"Radio Free, Generator Free",,,Non-Electric,,16.0,Full Shade,13.0,,,,https://reservations.ontarioparks.ca/images/16524177-5812-4be7-a3f5-f2c8e9f1f2ac.jpg,https://reservations.ontarioparks.ca/images/70bab4a7-c37b-4de7-bafd-e8841c7c73ee.jpg,https://reservations.ontarioparks.ca/images/11dab233-cdef-43bf-a4c5-dee716c05a58.jpg,,,
-2147481947,621,,,-2147483648,0,-32763,8960,,1,6,,2,Available,Sites #600-653 (54),Tent only,-2147483609,"Privy, Water Tap",,No,,,,,No,,Regular Rate,,Back Right,Gravel,,1,2,,None,,Average,No,Average,"Radio Free, Generator Free",,,Non-Electric,,17.0,Full Shade,12.0,,,,https://reservations.ontarioparks.ca/images/f9bcfd5e-4785-4921-91b8-1edd07a3ce7d.jpg,https://reservations.ontarioparks.ca/images/4a8f3e24-335d-4b5f-84a6-0db9f15ec5d2.jpg,,,,
-2147481650,622,,,-2147483648,0,-32763,8970,,1,6,,2,Available,Sites #600-653 (54),Trailer / motorhome,-2147483609,"Privy, Water Tap",,No,,Poison Ivy,,,No,,Regular Rate,,Middle Left,"Grass, Soil",,1,2,,None,,Average,No,Average,"Radio Free, Generator Free",,,Non-Electric,,19.0,No Shade/Full Sun,10.0,,,,https://reservations.ontarioparks.ca/images/da91a9ca-b1a8-4c26-86f6-f5aff0a7de65.jpg,https://reservations.ontarioparks.ca/images/a4278862-1f6d-424b-ab5f-d51c8e6cbea7.jpg,,,,
-2147481949,623,,,-2147483648,0,-32763,8980,,1,6,,3,Available,Sites #600-653 (54),Trailer / motorhome,-2147483609,Campsite (less than 100m),,No,,,,,No,,Regular Rate,,Back Centre,"Grass, Soil",,1,2,,None,,Average,No,Average,"Radio Free, Generator Free",,,Non-Electric,,19.0,Full Shade,11.0,,,,https://reservations.ontarioparks.ca/images/7ea6e2e2-206e-4262-895b-adca89b42036.jpg,https://reservations.ontarioparks.ca/images/87a016bb-ef5d-4ffa-84a5-4f89a97ef62d.jpg,https://reservations.ontarioparks.ca/images/95f08c94-bc44-4947-a20d-3582180a4e83.jpg,,,
-2147481875,624,,,-2147483648,0,-32763,8990,,1,6,,2,Available,Sites #600-653 (54),Tent only,-2147483609,"Privy, Water Tap",,No,,Poison Ivy,,,No,,Regular Rate,,Back Centre,Soil,,1,2,,Slight,,Average,No,Average,"Radio Free, Generator Free",,,Non-Electric,,17.0,Full Shade,13.0,,,,https://reservations.ontarioparks.ca/images/37f5b860-2b87-48cd-b93c-48318a99b4d6.jpg,https://reservations.ontarioparks.ca/images/a9f50aaa-2d5a-451c-8199-64b973c5e882.jpg,,,,
-2147481626,625,,,-2147483648,0,-32763,9000,,1,6,,3,Available,Sites #600-653 (54),Trailer / motorhome,-2147483609,,,No,,,,,No,,Regular Rate,,Back Right,Soil,Rock(s),1,2,,Slight,,Average,No,Average,"Radio Free, Generator Free",,,Non-Electric,,18.0,Full Shade,11.0,,,,https://reservations.ontarioparks.ca/images/6299f1e0-d2e3-49fb-81ca-bbd19893665b.jpg,https://reservations.ontarioparks.ca/images/556b9e92-bce8-4c77-adeb-cdfb52e0be4e.jpg,,,,
-2147481600,626,,,-2147483648,0,-32763,9010,,1,6,,2,Available,Sites #600-653 (54),Trailer / motorhome,-2147483609,"Privy, Campsite (less than 100m)",,No,,,,,No,,Regular Rate,,Back Centre,Soil,,1,2,,None,,Good,No,Average,"Radio Free, Generator Free",,,Non-Electric,,18.0,Full Shade,15.0,,,,https://reservations.ontarioparks.ca/images/a5ab4c6c-9460-4fb9-ba73-19aa4bad75ee.jpg,https://reservations.ontarioparks.ca/images/ab5e636d-321b-46d2-ac05-9adb14198de0.jpg,https://reservations.ontarioparks.ca/images/22a30729-39e0-4cec-bc5f-b65a9ebc25d2.jpg,,,
-2147481978,627,,,-2147483648,0,-32763,9020,,1,6,,2,Available,Sites #600-653 (54),Tent only,-2147483609,Water Tap,,No,,,,,No,,Regular Rate,,Back Right,Soil,Tree(s),1,2,,Slight,,Average,No,Average,"Radio Free, Generator Free",,,Non-Electric,,17.0,Full Shade,12.0,,,,https://reservations.ontarioparks.ca/images/4f127e7d-680f-4ece-a6f3-472aa66e94e6.jpg,https://reservations.ontarioparks.ca/images/6eb82691-d7c6-45b3-a789-923c006d1f6b.jpg,https://reservations.ontarioparks.ca/images/d791174a-b26b-4170-b596-0a0c4ecf08ba.jpg,,,
-2147481751,628,,,-2147483648,0,-32763,9030,,1,6,,2,Available,Sites #600-653 (54),Trailer / motorhome,-2147483609,Campsite (less than 100m),,No,,,,,No,,Regular Rate,,Back Left,Soil,,1,2,,None,,Average,No,Average,"Radio Free, Generator Free",,,Non-Electric,,18.0,Full Shade,13.0,,,,https://reservations.ontarioparks.ca/images/5032297c-6316-4f86-a87e-5192a583352c.jpg,https://reservations.ontarioparks.ca/images/ff56af6b-dbaa-4bba-8378-b444f380afd6.jpg,,,,
-2147481893,629,,,-2147483648,0,-32764,9040,,1,6,,4,Available,Sites #600-653 (54),Trailer / motorhome,-2147483609,"Water Tap, Vehicle Parking",,No,,,,,No,15/30 Amps,Regular Rate,,Back Centre,"Grass, Soil",,1,2,14.0,Slight,,Good,No,Average,"Radio Free, Generator Free",,,Electric,,21.0,Partial Shade - PM Sun,17.0,,,,https://reservations.ontarioparks.ca/images/32c84bc1-191d-4d2b-89d9-99964da452b1.jpg,https://reservations.ontarioparks.ca/images/2c2e57ec-b4d9-451c-aade-677c7149cb9e.jpg,,,,
-2147481899,630,,,-2147483648,0,-32763,9050,,1,6,,2,Available,Sites #600-653 (54),Tent only,-2147483609,Water Tap,,No,,,,,No,,Regular Rate,,Back Left,Soil,Tree(s),1,2,,Slight,,Average,No,Average,"Radio Free, Generator Free",,,Non-Electric,,17.0,Full Shade,11.0,,,,https://reservations.ontarioparks.ca/images/8706db04-907c-4309-959c-2ff1a9c41849.jpg,https://reservations.ontarioparks.ca/images/de6c3a24-ef9d-4fc5-8dc1-73db21ea0ee3.jpg,,,,
-2147481644,631,,,-2147483648,0,-32764,9060,,1,6,,3,Available,Sites #600-653 (54),Small trailer / pop-up,-2147483609,"Vehicle Parking, Campsite (less than 100m)",,No,,,,,No,15/30 Amps,Regular Rate,,Back Right,Soil,,1,2,13.0,None,,Average,No,Average,"Radio Free, Generator Free",,,Electric,,10.0,Full Shade,14.0,,,,https://reservations.ontarioparks.ca/images/51fb3b4b-1b5d-404a-87bf-bc0f4100c8ad.jpg,https://reservations.ontarioparks.ca/images/3f4880a7-f58e-4a11-a25a-6503bbd743c7.jpg,,,,
-2147481970,632,,,-2147483648,0,-32764,9070,,1,6,,4,Available,Sites #600-653 (54),Trailer / motorhome,-2147483609,Water Tap,,No,,,,,No,15/30 Amps,Regular Rate,,Back Right,"Grass, Soil",,1,2,20.0,None,,Average,No,Average,"Radio Free, Generator Free",,,Electric,,21.0,Full Shade,11.0,,,,https://reservations.ontarioparks.ca/images/97ca8556-4afd-4af2-84e1-2de1de6ac605.jpg,https://reservations.ontarioparks.ca/images/cc51ba1d-8f0b-433c-9929-3df6d9f07d61.jpg,,,,
-2147481925,633,,,-2147483648,0,-32764,9080,,1,6,,4,Available,Sites #600-653 (54),Small trailer / pop-up,-2147483609,,,No,,,,,No,15/30 Amps,Regular Rate,,Back Centre,"Grass, Soil",,1,2,16.0,,,Average,,Average,"Radio Free, Generator Free",,,Electric,,14.0,Partial Shade - PM Sun,19.0,,,,https://reservations.ontarioparks.ca/images/036b4a70-f8ad-49b4-8784-e45bf133137c.jpg,https://reservations.ontarioparks.ca/images/4be0f5c3-03b3-4be9-8432-4a564a0cbc22.jpg,,,,
-2147481732,634,,,-2147483648,0,-32764,9090,,1,6,,4,Available,Sites #600-653 (54),Trailer / motorhome,-2147483609,"Water Tap, Vehicle Parking, Campsite (less than 100m)",,No,,,,,No,15/30 Amps,Regular Rate,,Back Centre,Soil,,1,2,18.0,Slight,,Average,No,Average,"Radio Free, Generator Free",,,Electric,,18.0,No Shade/Full Sun,18.0,,,,https://reservations.ontarioparks.ca/images/f1e8dea2-6f17-4894-bb2c-727b24751483.jpg,https://reservations.ontarioparks.ca/images/b1704fe6-bd2f-4fe3-8a03-43c831acb977.jpg,,,,
-2147481649,635,,,-2147483648,0,-32764,9100,,1,6,,5,Available,Sites #600-653 (54),Trailer / motorhome,-2147483609,"Water Tap, Vehicle Parking, Campsite (less than 100m)",,No,,,,,No,15/30 Amps,Regular Rate,,Back Centre,Soil,,1,2,16.0,None,,Average,No,Average,"Radio Free, Generator Free",,,Electric,,13.0,Full Shade,7.0,,,,https://reservations.ontarioparks.ca/images/1052e5ea-adab-4a06-aab0-912b265bd79c.jpg,https://reservations.ontarioparks.ca/images/dad10dfe-d84e-4e11-8a35-921cd01baf4a.jpg,,,,
-2147481630,636,,,-2147483648,0,-32764,9110,,1,6,,5,Available,Sites #600-653 (54),Trailer / motorhome,-2147483609,"Water Tap, Vehicle Parking, Campsite (less than 100m)",,No,,,,,No,15/30 Amps,Regular Rate,,Back Centre,Soil,,1,2,23.0,Slight,,Good,No,Average,"Radio Free, Generator Free",,,Electric,,18.0,Partial Shade,11.0,,,,https://reservations.ontarioparks.ca/images/e7c2fe27-273c-4dc3-9aff-430af749c352.jpg,https://reservations.ontarioparks.ca/images/38646ac9-84a2-4259-8074-4a9c903f085a.jpg,,,,
-2147481661,637,,,-2147483648,0,-32764,9120,,1,6,,4,Available,Sites #600-653 (54),Small trailer / pop-up,-2147483609,"Water Tap, Vehicle Parking, Campsite (less than 100m)",,No,,,,,No,15/30 Amps,Regular Rate,,Back Left,Soil,,1,2,15.0,None,,Average,No,Average,"Radio Free, Generator Free",,,Electric,,17.0,Partial Shade,11.0,,,,https://reservations.ontarioparks.ca/images/c98faebc-894a-48d2-b9d9-267b50b2822b.jpg,https://reservations.ontarioparks.ca/images/a66e6c67-fbe1-4b45-93db-42f3be6beec6.jpg,,,,
-2147481596,638,,,-2147483648,0,-32764,9130,,1,6,,5,Available,Sites #600-653 (54),Trailer / motorhome,-2147483609,"Water Tap, Vehicle Parking, Campsite (less than 100m)",,No,,,,,No,15/30 Amps,Regular Rate,,Back Left,"Grass, Soil",,1,2,19.0,None,,Average,No,Average,"Radio Free, Generator Free",,,Electric,,14.0,Partial Shade,17.0,,,,https://reservations.ontarioparks.ca/images/06399fd7-159c-4e21-b28c-b1b94d1e4d86.jpg,https://reservations.ontarioparks.ca/images/52621365-2e90-435d-a618-53417646ec64.jpg,,,,
-2147481821,639,,,-2147483648,0,-32764,9140,,1,6,,4,Available,Sites #600-653 (54),Trailer / motorhome,-2147483609,Campsite (less than 100m),,No,,,,,No,15/30 Amps,Regular Rate,,Back Centre,Soil,,1,2,20.0,None,,Average,No,Average,"Radio Free, Generator Free",,,Electric,,18.0,Partial Shade,16.0,,,,https://reservations.ontarioparks.ca/images/ce694b0a-8a67-44da-a458-d7d19e27bd5b.jpg,https://reservations.ontarioparks.ca/images/df46efc3-f384-49a5-9177-cf64965b12c8.jpg,https://reservations.ontarioparks.ca/images/c991587c-741e-448c-b404-21f5d5c63029.jpg,,,
-2147481682,640,,,-2147483648,0,-32764,9150,,1,6,,4,Available,Sites #600-653 (54),Small trailer / pop-up,-2147483609,"Water Tap, Vehicle Parking, Campsite (less than 100m)",,No,,,,,No,15/30 Amps,Regular Rate,,Back Right,Soil,,1,2,20.0,Slight,,Average,No,Average,"Radio Free, Generator Free",,,Electric,,14.0,Partial Shade,20.0,,,,https://reservations.ontarioparks.ca/images/ac55f939-90bf-4500-b688-bbecb5e7e14e.jpg,https://reservations.ontarioparks.ca/images/b04cf3d9-2143-461e-a32d-88ace0c2354d.jpg,,,,
-2147481835,641,,,-2147483648,0,-32763,9160,,1,6,,4,Available,Sites #600-653 (54),Trailer / motorhome,-2147483609,"Water Tap, Campsite (less than 100m)",,No,,,,,No,,Regular Rate,,Middle Right,"Grass, Soil",,1,2,,None,,Good,No,Good,"Radio Free, Generator Free",,,Non-Electric,,18.0,Partial Shade - PM Sun,12.0,,,,https://reservations.ontarioparks.ca/images/afe0d599-26cb-4447-a86c-f3e2a576bc8e.jpg,https://reservations.ontarioparks.ca/images/d956f0eb-4536-435c-8482-0274d43d1680.jpg,https://reservations.ontarioparks.ca/images/d506029c-47b4-463a-957e-a7eb307e9f50.jpg,,,
-2147481785,642,,,-2147483648,0,-32764,9170,,1,6,,3,Available,Sites #600-653 (54),Small trailer / pop-up,-2147483609,"Water Tap, Campsite (less than 100m)",,No,,,,,No,15/30 Amps,Regular Rate,,Back Left,"Grass, Soil",,1,2,13.0,None,,Average,No,Average,"Radio Free, Generator Free",,,Electric,,17.0,Partial Shade - AM Sun,14.0,,,,https://reservations.ontarioparks.ca/images/341a6b92-043d-4b05-85f0-545b0b159de2.jpg,https://reservations.ontarioparks.ca/images/4a0d9072-6e95-4769-9e40-8c39a0e32165.jpg,https://reservations.ontarioparks.ca/images/bae88986-e59a-4fe7-91a8-8f4df7d7159c.jpg,,,
-2147481770,643,,,-2147483648,0,-32763,9180,,1,6,,4,Available,Sites #600-653 (54),Small trailer / pop-up,-2147483609,"Water Tap, Campsite (less than 100m)",,No,,,,,No,,Regular Rate,,Back Centre,"Grass, Soil",,1,2,,None,,Average,No,Average,"Radio Free, Generator Free",,,Non-Electric,,14.0,Partial Shade,10.0,,,,https://reservations.ontarioparks.ca/images/c3aad5f5-4db2-45cd-9f4c-c0af08377e4d.jpg,https://reservations.ontarioparks.ca/images/b2bc4468-caad-4990-a1a4-346d336a19b1.jpg,,,,
-2147481613,644,,,-2147483648,0,-32763,9190,,1,6,,3,Available,Sites #600-653 (54),Small trailer / pop-up,-2147483609,"Water Tap, Vehicle Parking, Campsite (less than 100m)",,No,,,,,No,,Regular Rate,,Back Left,Soil,,1,2,,None,,Average,No,Average,"Radio Free, Generator Free",,,Non-Electric,,17.0,Full Shade,11.0,,,,https://reservations.ontarioparks.ca/images/efa32c51-4670-457d-af7d-4260bafb28f1.jpg,https://reservations.ontarioparks.ca/images/dd9f335a-5f17-4bda-881d-366f6f45275b.jpg,,,,
-2147481727,645,,,-2147483648,0,-32763,9200,,1,6,,3,Available,Sites #600-653 (54),Small trailer / pop-up,-2147483609,Campsite (less than 100m),,No,,,,,No,,Regular Rate,,Back Left,"Grass, Soil",,1,2,,Uneven,,Average,No,Average,"Radio Free, Generator Free",,,Non-Electric,,14.0,Full Shade,10.0,,,,https://reservations.ontarioparks.ca/images/d3af3e0b-14b5-4439-a3ad-3e118ffbb0f7.jpg,https://reservations.ontarioparks.ca/images/5ebde585-d526-4d2a-84b2-8ee81832cbb0.jpg,,,,
-2147481903,646,,,-2147483648,0,-32763,9210,,1,6,,5,Available,Sites #600-653 (54),Trailer / motorhome,-2147483609,"Water Tap, Campsite (less than 100m)",,No,,,,,No,,Regular Rate,,Middle Left,"Grass, Soil",,1,2,,None,,Good,No,Good,"Radio Free, Generator Free",,,Non-Electric,,12.0,Partial Shade - AM Sun,12.0,,,,https://reservations.ontarioparks.ca/images/5d25e494-bfd1-4f01-8edc-06b4abe04c97.jpg,https://reservations.ontarioparks.ca/images/e44f7bd9-ccfd-440c-bbd9-442e4afca6e3.jpg,,,,
-2147481629,647,,,-2147483648,0,-32763,9220,,1,6,,4,Available,Sites #600-653 (54),Small trailer / pop-up,-2147483609,"Privy, Campsite (less than 100m)",,No,,,,,No,,Regular Rate,,Back Right,"Grass, Soil",,1,2,,None,,Average,No,Average,"Radio Free, Generator Free",,,Non-Electric,,17.0,Partial Shade,10.0,,,,https://reservations.ontarioparks.ca/images/80768b7d-7d41-4ad1-ac3e-09b1ba241c32.jpg,https://reservations.ontarioparks.ca/images/f1593ea8-549f-4935-b8ad-925dc9f217fd.jpg,,,,
-2147481707,648,,,-2147483648,0,-32763,9230,,1,6,,2,Available,Sites #600-653 (54),Tent only,-2147483609,"Water Tap, Campsite (less than 100m)",,No,,,,,No,,Regular Rate,,Back Left,Grass,,1,2,,None,,Average,No,Average,"Radio Free, Generator Free",,,Non-Electric,,12.0,Partial Shade - PM Sun,15.0,,,,https://reservations.ontarioparks.ca/images/aab802ef-c598-4d65-8272-017e200e0012.jpg,https://reservations.ontarioparks.ca/images/9fb2f534-c77e-4928-911f-93ab10f8e3d3.jpg,https://reservations.ontarioparks.ca/images/d9f23e1e-adc8-476c-9c43-a302efb4cd54.jpg,,,
-2147481999,649,,,-2147483648,0,-32763,9240,,1,6,,6,Available,Sites #600-653 (54),Trailer / motorhome,-2147483609,"Privy, Water Tap, Campsite (less than 100m)",,No,,"Above Avg. Vehicular Traffic, Above Avg. Pedestrian Traffic",,,No,,Regular Rate,,Front Left,Grass,,1,2,,Uneven,,Poor,No,Average,"Radio Free, Generator Free",,,Non-Electric,,17.0,Partial Shade,22.0,,,,https://reservations.ontarioparks.ca/images/d208b106-4616-4d11-879b-02afcac1b9ec.jpg,https://reservations.ontarioparks.ca/images/cd0ef3b8-ace2-41b5-a119-72c087f919f8.jpg,,,,
-2147481880,650,,,-2147483648,0,-32763,9250,,1,6,,4,Available,Sites #600-653 (54),Small trailer / pop-up,-2147483609,Campsite (less than 100m),,No,,,,,No,,Regular Rate,,Back Centre,"Grass, Soil",Branches,1,2,,Slight,,Good,No,Average,"Radio Free, Generator Free",,,Non-Electric,,13.0,Partial Shade - PM Sun,13.0,,,,https://reservations.ontarioparks.ca/images/024877c1-d92f-4db0-9ad8-f1b6e7baa87b.jpg,https://reservations.ontarioparks.ca/images/8cbd62a3-9a24-4dab-b49a-93965b41d093.jpg,,,,
-2147481632,651,,,-2147483648,0,-32763,9260,,1,6,,4,Available,Sites #600-653 (54),Small trailer / pop-up,-2147483609,Campsite (less than 100m),,No,,Above Avg. Vehicular Traffic,,,No,,Regular Rate,,Middle Left,"Grass, Soil",,1,2,,Uneven,,Average,No,Average,"Radio Free, Generator Free",,,Non-Electric,,12.0,Partial Shade - PM Sun,13.0,,,,https://reservations.ontarioparks.ca/images/5559b9a0-fa1b-40f1-873b-7f5377b19c04.jpg,https://reservations.ontarioparks.ca/images/864dc2d3-d947-4786-bfb5-834b98ae736b.jpg,,,,
-2147481521,652,,,-2147483648,0,-32763,9270,,1,6,,3,Available,Sites #600-653 (54),Small trailer / pop-up,-2147483609,Campsite (less than 100m),,No,,Above Avg. Vehicular Traffic,,,No,,Regular Rate,,Back Centre,"Grass, Soil",,1,2,,Slight,,Good,No,Average,"Radio Free, Generator Free",,,Non-Electric,,17.0,Partial Shade,11.0,,,,https://reservations.ontarioparks.ca/images/198e36fd-9c33-4133-937c-00de79b1bdb2.jpg,https://reservations.ontarioparks.ca/images/fe144f0d-8bf0-4565-8741-fd1e8408c0fe.jpg,,,,
-2147481722,653,,,-2147483648,0,-32763,9280,,1,6,,2,Available,Sites #600-653 (54),Tent only,-2147483609,"Privy, Water Tap, Campsite (less than 100m)",,No,,"Above Avg. Vehicular Traffic, Above Avg. Pedestrian Traffic",,,No,,Regular Rate,,Middle Right,"Grass, Soil",,1,2,,None,,Poor,No,Poor,"Radio Free, Generator Free",,,Non-Electric,,13.0,Partial Shade - PM Sun,10.0,,,,https://reservations.ontarioparks.ca/images/742825fe-7405-4b33-80ba-e725abeeb93a.jpg,https://reservations.ontarioparks.ca/images/afdae4ed-a0bb-4ce8-b06b-5ee0e50f459f.jpg,,,,
-2147482022,700,,,-2147483648,0,-32764,9290,,1,6,,4,Available,Sites #700-848 (106),Small trailer / pop-up,-2147483608,"Comfort Station With Showers, Campsite (less than 100m)",,No,,Above Avg. Vehicular Traffic,,,No,15/30 Amps,Regular Rate,,Back Right,Soil,,1,2,14.0,Slight,,Average,No,Average,"Radio Free, Generator Free",,,Electric,,14.0,Partial Shade,14.0,,,,https://reservations.ontarioparks.ca/images/b4eb348c-fdf6-4836-aeef-7ded4372a97a.jpg,https://reservations.ontarioparks.ca/images/e4615cc7-d100-49e9-8ac3-2c734fe9a378.jpg,,,,
-2147481543,701,,,-2147483648,0,-32764,9300,,1,6,,4,Available,Sites #700-848 (106),Small trailer / pop-up,-2147483608,"Comfort Station With Showers, Campsite (less than 100m)",,No,,Above Avg. Vehicular Traffic,,,No,15/30 Amps,Regular Rate,,Back Left,"Grass, Soil",,1,2,15.0,None,,Average,No,Average,"Radio Free, Generator Free",,,Electric,,10.0,Partial Shade - PM Sun,11.0,,,,https://reservations.ontarioparks.ca/images/258e6de2-d2a5-489a-8636-d9ed5e0d1e5e.jpg,https://reservations.ontarioparks.ca/images/05f1f6a5-20d8-4bb4-859c-318e58aed8a5.jpg,,,,
-2147481683,702,,,-2147483648,0,-32686,9310,,1,6,,4,Available,Sites #700-848 (106),Small trailer / pop-up,-2147483608,Campsite (less than 100m),,No,,,,,No,15/30 Amps,Premium Rate,,Back Left,Soil,,1,2,16.0,Moderate,,Average,No,Average,"Radio Free, Generator Free",,,Electric,,15.0,Partial Shade - PM Sun,13.0,,,,https://reservations.ontarioparks.ca/images/7cb4d008-430a-4212-b91a-6341a9127549.jpg,,,,,
-2147481796,703,,,-2147483648,0,-32764,9320,,1,6,,4,Available,Sites #700-848 (106),Small trailer / pop-up,-2147483608,Campsite (less than 100m),,No,,,,,No,15/30 Amps,Regular Rate,,Back Right,Soil,,1,2,17.0,None,,Average,No,Average,"Radio Free, Generator Free",,,Electric,,15.0,No Shade/Full Sun,15.0,,,,https://reservations.ontarioparks.ca/images/57b06491-dfca-4fc3-9f84-ba8b39efe331.jpg,,,,,
-2147481534,704,,,-2147483648,0,-32764,9330,,1,6,,4,Available,Sites #700-848 (106),Small trailer / pop-up,-2147483608,"Comfort Station With Showers, Campsite (less than 100m)",,No,,,,,No,15/30 Amps,Regular Rate,,Back Left,"Grass, Soil",,1,2,21.0,None,,Average,No,Average,"Radio Free, Generator Free",,,Electric,,17.0,Partial Shade - PM Sun,14.0,,,,https://reservations.ontarioparks.ca/images/c6aee83e-1003-48a4-a2e8-9f2e350fb82c.jpg,https://reservations.ontarioparks.ca/images/13f0bf4f-0c3d-4de6-97d5-a2589b4fd0d8.jpg,,,,
-2147481559,705,,,-2147483648,0,-32764,9340,,1,6,,4,Available,Sites #700-848 (106),Trailer / motorhome,-2147483608,Campsite (less than 100m),,No,,,,,No,15/30 Amps,Regular Rate,,Back Left,Soil,,1,2,16.0,None,,Average,No,Average,"Radio Free, Generator Free",,,Electric,,18.0,Full Shade,15.0,,,,https://reservations.ontarioparks.ca/images/17ecdb82-dfb8-4a7b-b3b4-4aa1264bfb7e.jpg,https://reservations.ontarioparks.ca/images/f2a79de3-1e26-4ea7-8a0e-16ec628d8466.jpg,,,,
-2147481553,706,,,-2147483648,0,-32764,9350,,1,6,,4,Available,Sites #700-848 (106),Small trailer / pop-up,-2147483608,"Multi-Use Trail, Campsite (less than 100m)",,No,,,,,No,15/30 Amps,Regular Rate,,Back Right,"Grass, Soil",,1,2,29.0,None,,Average,No,Average,"Radio Free, Generator Free",,,Electric,,17.0,No Shade/Full Sun,15.0,,,,https://reservations.ontarioparks.ca/images/9443f979-75e7-4244-921f-785505b0d4b5.jpg,https://reservations.ontarioparks.ca/images/37fe0110-f15c-42c7-ab43-8c60fd69cc51.jpg,,,,
-2147481548,707,,,-2147483648,0,-32764,9360,,1,6,,4,Available,Sites #700-848 (106),Small trailer / pop-up,-2147483608,Campsite (less than 100m),,No,,,,,No,15/30 Amps,Regular Rate,,Back Right,"Grass, Soil",Branches,1,2,22.0,None,,Average,No,Average,"Radio Free, Generator Free",,,Electric,,17.0,Partial Shade - PM Sun,18.0,,,,https://reservations.ontarioparks.ca/images/cc1cf418-6a27-44e8-a081-64723f80fd56.jpg,https://reservations.ontarioparks.ca/images/2fbce8e5-c2a5-49e4-94f7-db2262257f6e.jpg,,,,
-2147481942,708,,,-2147483648,0,-32763,9370,,1,6,,4,Available,Sites #700-848 (106),Trailer / motorhome,-2147483608,,,No,,,,,No,,Regular Rate,,Back Left,Soil,,1,2,,None,,Good,No,Average,"Radio Free, Generator Free",,,Non-Electric,,18.0,Full Shade,14.0,,,,https://reservations.ontarioparks.ca/images/c91c0121-25aa-4b68-b41d-54342abdd347.jpg,https://reservations.ontarioparks.ca/images/36f6131b-b348-4abe-b1f1-8387d61e4464.jpg,,,,
-2147481744,709,,,-2147483648,0,-32764,9380,,1,6,,4,Available,Sites #700-848 (106),Small trailer / pop-up,-2147483608,"Water Tap, Campsite (less than 100m)",,No,,,,,No,15/30 Amps,Regular Rate,,Back Left,Soil,,1,2,16.0,None,,Average,No,Average,"Radio Free, Generator Free",,,Electric,,17.0,Partial Shade - PM Sun,14.0,,,,https://reservations.ontarioparks.ca/images/efde95b2-bc2a-4eed-ba93-e90ff5122e13.jpg,https://reservations.ontarioparks.ca/images/11555f4a-0b61-4654-94af-95e3a18d5c7e.jpg,,,,
-2147482008,710,,,-2147483648,0,-32764,9390,,1,6,,4,Available,Sites #700-848 (106),Small trailer / pop-up,-2147483608,"Comfort Station With Showers, Campsite (less than 100m)",,No,,Above Avg. Vehicular Traffic,,,No,15/30 Amps,Regular Rate,,Back Left,"Grass, Soil",,1,2,14.0,None,,Average,No,Average,"Radio Free, Generator Free",,,Electric,,13.0,Partial Shade - PM Sun,21.0,,,,https://reservations.ontarioparks.ca/images/8ded0a75-f70a-4c11-b942-39490f0f6747.jpg,https://reservations.ontarioparks.ca/images/6f69f5b2-e746-4852-9b88-cb76f012b652.jpg,,,,
-2147481846,711,,,-2147483648,0,-32764,9400,,1,6,,4,Available,Sites #700-848 (106),Small trailer / pop-up,-2147483608,"Comfort Station With Showers, Campsite (less than 100m)",,No,,Above Avg. Vehicular Traffic,,,No,15/30 Amps,Regular Rate,,Back Right,"Grass, Soil",,1,2,14.0,None,,Average,No,Average,"Radio Free, Generator Free",,,Electric,,13.0,Partial Shade - PM Sun,10.0,,,,https://reservations.ontarioparks.ca/images/b88add10-9ebd-46d2-b950-d80af01168bc.jpg,https://reservations.ontarioparks.ca/images/7da3a86e-ef4a-4c73-881a-fc657327bde7.jpg,,,,
-2147481972,712,,,-2147483648,0,-32764,9410,,1,6,,5,Available,Sites #700-848 (106),Trailer / motorhome,-2147483608,Campsite (less than 100m),,No,,"Poor Drainage, Above Avg. Vehicular Traffic",,,No,15/30 Amps,Regular Rate,,Back Right,"Grass, Soil",,1,2,12.0,None,,Average,No,Average,"Radio Free, Generator Free",,,Electric,,18.0,Partial Shade - PM Sun,14.0,,,,https://reservations.ontarioparks.ca/images/f2f2c5ab-908e-4905-b097-f695cdbf146c.jpg,https://reservations.ontarioparks.ca/images/9a154f64-334f-4745-a8fc-1aab3539575e.jpg,,,,
-2147481996,713,,,-2147483648,0,-32764,9420,,1,6,,4,Available,Sites #700-848 (106),Small trailer / pop-up,-2147483608,"Water Tap, Campsite (less than 100m)",,No,,,,,No,15/30 Amps,Regular Rate,,Back Right,Soil,Branches,1,2,13.0,None,,Good,No,Average,"Radio Free, Generator Free",,,Electric,,11.0,Partial Shade,15.0,,,,https://reservations.ontarioparks.ca/images/f21be9ed-7e56-450b-af74-46c2635bc8b2.jpg,https://reservations.ontarioparks.ca/images/901f0f27-325d-4860-a385-19615316ae70.jpg,,,,
-2147481800,714,,,-2147483648,0,-32764,9430,,1,6,,4,Available,Sites #700-848 (106),Trailer / motorhome,-2147483608,Campsite (less than 100m),,No,,,,,No,15/30 Amps,Regular Rate,,Back Left,Soil,,1,2,17.0,None,,Average,No,Average,"Radio Free, Generator Free",,,Electric,,19.0,Partial Shade - PM Sun,12.0,,,,https://reservations.ontarioparks.ca/images/8e474a7b-8e44-4e85-8674-fdf61d7dc34f.jpg,https://reservations.ontarioparks.ca/images/1b2359b1-32c8-47c7-b612-17240db888ef.jpg,,,,
-2147481851,715,,,-2147483648,0,-32764,9440,,1,6,,4,Available,Sites #700-848 (106),Trailer / motorhome,-2147483608,Campsite (less than 100m),,No,,Poison Ivy,,,No,15/30 Amps,Regular Rate,,Back Left,Soil,Tree(s),1,2,10.0,None,,Average,No,Average,"Radio Free, Generator Free",,,Electric,,19.0,Partial Shade - PM Sun,15.0,,,,https://reservations.ontarioparks.ca/images/f5e72710-db2c-4222-b4df-6c7ba5116c3d.jpg,https://reservations.ontarioparks.ca/images/424e45c5-75f6-4ae5-987d-00126cd465d8.jpg,,,,
-2147481686,716,,,-2147483648,0,-32764,9450,,1,6,,4,Available,Sites #700-848 (106),Small trailer / pop-up,-2147483608,"Water Tap, Campsite (less than 100m)",,No,,Poison Ivy,,,No,15/30 Amps,Regular Rate,,Back Centre,"Grass, Soil",,1,2,12.0,None,,Average,No,Average,"Radio Free, Generator Free",,,Electric,,15.0,Partial Shade - PM Sun,14.0,,,,https://reservations.ontarioparks.ca/images/7170da57-53af-43be-a29a-da6b8c01779a.jpg,https://reservations.ontarioparks.ca/images/e143b069-1024-471b-bbfd-516b65732660.jpg,,,,
-2147482026,717,,,-2147483648,0,-32764,9460,,1,6,,4,Available,Sites #700-848 (106),Small trailer / pop-up,-2147483608,"Privy, Campsite (less than 100m)",,No,,,,,No,15/30 Amps,Regular Rate,,Back Left,Soil,,1,2,25.0,None,,Average,No,Average,"Radio Free, Generator Free",,,Electric,,14.0,Partial Shade,14.0,,,,https://reservations.ontarioparks.ca/images/7c98397f-7f60-442d-84d3-943e035b5b38.jpg,https://reservations.ontarioparks.ca/images/f49edea5-700a-4f5d-9fc4-03c98b39bc64.jpg,,,,
-2147481663,718,,,-2147483648,0,-32764,9470,,1,6,,4,Available,Sites #700-848 (106),Small trailer / pop-up,-2147483608,Campsite (less than 100m),,No,,,,,No,15/30 Amps,Regular Rate,,Back Centre,Soil,Branches,1,2,22.0,None,,Average,No,Good,"Radio Free, Generator Free",,,Electric,,15.0,Partial Shade - PM Sun,12.0,,,,https://reservations.ontarioparks.ca/images/f69921ae-6ebf-4fa8-b7a0-aceee89a9f85.jpg,https://reservations.ontarioparks.ca/images/dc550299-64b8-4d67-ac7d-5bbe9b5d2467.jpg,,,,
-2147481855,719,,,-2147483648,0,-32764,9480,,1,6,,4,Available,Sites #700-848 (106),Small trailer / pop-up,-2147483608,"Water Tap, Campsite (less than 100m)",,No,,,,,No,15/30 Amps,Regular Rate,,Back Right,Soil,,1,2,14.0,None,,Average,No,Good,"Radio Free, Generator Free",,,Electric,,17.0,Partial Shade,15.0,,,,https://reservations.ontarioparks.ca/images/2efb02c0-c331-41d1-91ad-6d76ce67bb1f.jpg,https://reservations.ontarioparks.ca/images/204de351-f793-4d18-b4f6-a42ee185fb85.jpg,,,,
-2147481765,720,,,-2147483648,0,-32764,9490,,1,6,,4,Available,Sites #700-848 (106),Small trailer / pop-up,-2147483608,"Water Tap, Campsite (less than 100m)",,No,,,,,No,15/30 Amps,Regular Rate,,Back Left,"Soil, Rock(s)",,1,2,9.0,Slight,,Average,No,Average,"Radio Free, Generator Free",,,Electric,,13.0,Partial Shade - PM Sun,14.0,,,,https://reservations.ontarioparks.ca/images/8b179270-c428-47ae-a2af-8c2a72badb09.jpg,https://reservations.ontarioparks.ca/images/8dd5ee48-181b-47ee-850c-497db855d7b4.jpg,,,,
-2147481891,721,,,-2147483648,0,-32763,9500,,1,6,,3,Available,Sites #700-848 (106),Small trailer / pop-up,-2147483608,Campsite (less than 100m),,No,,,,,No,,Regular Rate,,Back Right,"Grass, Soil",Branches,1,2,,Slight,,Average,No,Average,"Radio Free, Generator Free",,,Non-Electric,,14.0,Partial Shade,14.0,,,,https://reservations.ontarioparks.ca/images/626e8bf9-6a6e-40c0-9d50-a94645095d0f.jpg,https://reservations.ontarioparks.ca/images/dbd7ff63-c9b9-4cff-8deb-d3a2b7fbdf24.jpg,,,,
-2147481991,722,,,-2147483648,0,-32764,9510,,1,6,,4,Available,Sites #700-848 (106),Trailer / motorhome,-2147483608,"Comfort Station With Showers, Campsite (less than 100m)",,No,,Above Avg. Vehicular Traffic,,,No,15/30 Amps,Regular Rate,,Back Left,"Soil, Rock(s)",,1,2,13.0,Uneven,,Average,No,Average,"Radio Free, Generator Free",,,Electric,,18.0,Partial Shade - PM Sun,18.0,,,,https://reservations.ontarioparks.ca/images/7ed58d5c-6028-4db7-842f-baa9cb4e8931.jpg,https://reservations.ontarioparks.ca/images/e46e080c-9b34-449e-8335-4eb96cb1c948.jpg,,,,
-2147481915,723,,,-2147483648,0,-32764,9520,,1,6,,4,Available,Sites #700-848 (106),Small trailer / pop-up,-2147483608,,,No,,Corner Site,,,No,15/30 Amps,Regular Rate,,Middle Left,"Soil, Rock(s)",Branches,1,2,12.0,Uneven,,Average,No,Average,"Radio Free, Generator Free",,,Electric,,14.0,Partial Shade - PM Sun,18.0,,,,https://reservations.ontarioparks.ca/images/15039d83-d718-44e5-9f71-d3cef6c36a90.jpg,https://reservations.ontarioparks.ca/images/21fe9bb9-c080-41d3-85b8-12f16fe2d28d.jpg,,,,
-2147481712,724,,,-2147483648,0,-32764,9530,,1,6,,4,Available,Sites #700-848 (106),Trailer / motorhome,-2147483608,"Comfort Station With Showers, Campsite (less than 100m)",,No,,,,,No,15/30 Amps,Regular Rate,,Back Left,Soil,,1,2,18.0,Slight,,Average,No,Average,"Radio Free, Generator Free",,,Electric,,19.0,Partial Shade - PM Sun,12.0,,,,https://reservations.ontarioparks.ca/images/3769e385-dffa-4de6-868f-4ba29f0ce051.jpg,https://reservations.ontarioparks.ca/images/329d5810-8c9a-4c07-9d61-376b6d39c3c0.jpg,,,,
-2147481946,725,,,-2147483648,0,-32764,9540,,1,6,,4,Available,Sites #700-848 (106),Trailer / motorhome,-2147483608,"Privy, Campsite (less than 100m)",,No,,,,,No,15/30 Amps,Regular Rate,,Back Left,Soil,Branches,1,2,19.0,None,,Average,No,Average,"Radio Free, Generator Free",,,Electric,,18.0,Partial Shade - PM Sun,13.0,,,,https://reservations.ontarioparks.ca/images/d3e5ae60-f750-428b-939a-5e575b486e11.jpg,https://reservations.ontarioparks.ca/images/2516c7c3-1503-4808-8a30-4bd04ab833ce.jpg,,,,
-2147481927,726,,Site boasts a large habitat tree in the centre.,-2147483648,0,-32764,9550,,1,6,,4,Available,Sites #700-848 (106),Small trailer / pop-up,-2147483608,"Comfort Station With Showers, Campsite (less than 100m)",,No,,Corner Site,,,No,15/30 Amps,Regular Rate,,Back Right,"Soil, Rock(s)",Tree(s),1,2,22.0,Slight,,Average,No,Average,"Radio Free, Generator Free",,,Electric,,15.0,Partial Shade,14.0,,,,https://reservations.ontarioparks.ca/images/c2a1f00d-4ff2-4993-9c4b-a87b1c2cebba.jpg,https://reservations.ontarioparks.ca/images/5504aac3-be1c-4dac-8a2a-6c25c0490cb4.jpg,,,,
-2147481702,727,,,-2147483648,0,-32764,9560,,1,6,,4,Available,Sites #700-848 (106),Small trailer / pop-up,-2147483608,"Privy, Campsite (less than 100m)",,No,,,,,No,15/30 Amps,Regular Rate,,Back Left,Soil,,1,2,13.0,None,,Average,No,Average,"Radio Free, Generator Free",,,Electric,,17.0,Partial Shade,13.0,,,,https://reservations.ontarioparks.ca/images/e8cd9aba-59e5-4e81-9de5-04f50d33dd29.jpg,https://reservations.ontarioparks.ca/images/91320b03-5089-4f18-b8c3-36ecb860bd56.jpg,,,,
-2147481655,728,,,-2147483648,0,-32764,9570,,1,6,,4,Available,Sites #700-848 (106),Trailer / motorhome,-2147483608,"Privy, Campsite (less than 100m)",,No,,,,,No,15/30 Amps,Regular Rate,,Back Left,Soil,Branches,1,2,10.0,None,,Average,No,Average,"Radio Free, Generator Free",,,Electric,,18.0,Partial Shade,16.0,,,,https://reservations.ontarioparks.ca/images/8f0e4946-5c3d-4f66-bcc7-4604e2773698.jpg,https://reservations.ontarioparks.ca/images/c0999a9f-1607-443f-99ea-98e0e64dc66a.jpg,,,,
-2147481760,729,,,-2147483648,0,-32764,9580,,1,6,,4,Available,Sites #700-848 (106),Small trailer / pop-up,-2147483608,"Vehicle Parking, Campsite (less than 100m)",,No,,Corner Site,,,No,15/30 Amps,Regular Rate,,Back Right,Soil,,1,2,16.0,None,,Poor,No,Average,"Radio Free, Generator Free",,,Electric,,12.0,Partial Shade - PM Sun,15.0,,,,https://reservations.ontarioparks.ca/images/95fb7835-f10a-40d7-9b32-9937e96a3351.jpg,,,,,
-2147481957,730,,,-2147483648,0,-32764,9590,,1,6,,4,Available,Sites #700-848 (106),Trailer / motorhome,-2147483608,"Privy, Campsite (less than 100m)",,No,,,,,No,15/30 Amps,Regular Rate,,Back Right,Soil,,1,2,10.0,None,,Average,No,Average,"Radio Free, Generator Free",,,Electric,,18.0,Partial Shade - PM Sun,13.0,,,,https://reservations.ontarioparks.ca/images/b9da677a-fb03-431d-9e58-2543841229d4.jpg,https://reservations.ontarioparks.ca/images/eed4751b-3d0f-4c47-9534-63171dcc5fb4.jpg,,,,
-2147481988,731,,,-2147483648,0,-32764,9600,,1,6,,4,Available,Sites #700-848 (106),Small trailer / pop-up,-2147483608,Campsite (less than 100m),,No,,Corner Site,,,No,15/30 Amps,Regular Rate,,Back Left,Soil,Branches,1,2,18.0,None,,Average,No,Average,"Radio Free, Generator Free",,,Electric,,15.0,Partial Shade,12.0,,,,https://reservations.ontarioparks.ca/images/02c9479c-894f-41c9-929d-edeb768a600d.jpg,https://reservations.ontarioparks.ca/images/559a1321-0371-49ed-a1cd-8fb926d24691.jpg,,,,
-2147482018,732,,,-2147483648,0,-32764,9610,,1,6,,4,Available,Sites #700-848 (106),Small trailer / pop-up,-2147483608,Campsite (less than 100m),,No,,,,,No,15/30 Amps,Regular Rate,,Back Right,"Grass, Soil",,1,2,24.0,None,,Average,No,Average,"Radio Free, Generator Free",,,Electric,,14.0,Partial Shade - PM Sun,11.0,,,,https://reservations.ontarioparks.ca/images/7ead8241-60d5-4795-aa41-03faa82a8282.jpg,https://reservations.ontarioparks.ca/images/22f49db0-db07-48ac-9327-5fa2efb73a06.jpg,,,,
-2147481882,733,,,-2147483648,0,-32764,9620,,1,6,,4,Available,Sites #700-848 (106),Small trailer / pop-up,-2147483608,"Vehicle Parking, Campsite (less than 100m)",,No,,,,,No,15/30 Amps,Regular Rate,,Back Left,"Soil, Rock(s)",,1,2,10.0,Slight,,Average,No,Average,"Radio Free, Generator Free",,,Electric,,17.0,Partial Shade - PM Sun,11.0,,,,https://reservations.ontarioparks.ca/images/1bda8763-840f-4ff6-9230-9bf7abd58f26.jpg,https://reservations.ontarioparks.ca/images/78ab785a-f8d8-4dd2-b9d2-230174ad4dff.jpg,,,,
-2147481834,734,,,-2147483648,0,-32764,9630,,1,6,,5,Available,Sites #700-848 (106),Trailer / motorhome,-2147483608,"Vehicle Parking, Comfort Station With Showers, Campsite (less than 100m)",,No,,,,,No,15/30 Amps,Regular Rate,,Centre,"Grass, Soil",,1,2,8.0,Slight,,Average,No,Average,"Radio Free, Generator Free",,,Electric,,15.0,Partial Shade - PM Sun,18.0,,,,https://reservations.ontarioparks.ca/images/624c6c52-60b5-42b2-8509-cc1efaa5f644.jpg,,,,,
-2147481589,735,,,-2147483648,0,-32764,9640,,1,6,,4,Available,Sites #700-848 (106),Small trailer / pop-up,-2147483608,"Vehicle Parking, Comfort Station, Campsite (less than 100m)",,No,,Corner Site,,,No,15/30 Amps,Regular Rate,,Middle Right,"Grass, Soil",,1,2,14.0,Slight,,Average,No,Average,"Radio Free, Generator Free",,,Electric,,13.0,Partial Shade - PM Sun,14.0,,,,https://reservations.ontarioparks.ca/images/22354415-6dda-4d2f-937a-616cf15f7d61.jpg,https://reservations.ontarioparks.ca/images/9f8cc5b4-d869-4620-adcb-2126db85f3ea.jpg,,,,
-2147482025,736,,,-2147483648,0,-32764,9650,,1,6,,4,Available,Sites #700-848 (106),Small trailer / pop-up,-2147483608,"Vehicle Parking, Campsite (less than 100m)",,No,,Corner Site,,,No,15/30 Amps,Regular Rate,,Middle Left,Soil,Tree(s),1,2,21.0,None,,Average,No,Average,"Radio Free, Generator Free",,,Electric,,17.0,Partial Shade - PM Sun,19.0,,,,https://reservations.ontarioparks.ca/images/3fe199e9-5008-4235-9583-3c7ede5c6a39.jpg,https://reservations.ontarioparks.ca/images/05793ea8-41ab-4c2c-a844-ee5f10f0be5c.jpg,,,,
-2147481734,737,,,-2147483648,0,-32764,9660,,1,6,,4,Available,Sites #700-848 (106),Trailer / motorhome,-2147483608,Campsite (less than 100m),,No,,,,,No,15/30 Amps,Regular Rate,,Back Right,Soil,,1,2,14.0,None,,Average,No,Good,"Radio Free, Generator Free",,,Electric,,18.0,Partial Shade - PM Sun,18.0,,,,https://reservations.ontarioparks.ca/images/c53e28ba-e945-4acc-8986-84b3566965af.jpg,https://reservations.ontarioparks.ca/images/e41cbe55-967d-464b-9d44-9d763d6e28e0.jpg,,,,
-2147481631,738,,,-2147483648,0,-32764,9670,,1,6,,4,Available,Sites #700-848 (106),Trailer / motorhome,-2147483608,Campsite (less than 100m),,No,,,,,No,15/30 Amps,Regular Rate,,Back Right,Soil,,1,2,22.0,None,,Average,No,Average,"Radio Free, Generator Free",,,Electric,,19.0,Partial Shade - PM Sun,14.0,,,,https://reservations.ontarioparks.ca/images/3d270608-813d-406a-bfbb-c4262f1bfbc7.jpg,https://reservations.ontarioparks.ca/images/b8e0ade1-f3ed-4312-80b2-bb89793c6f58.jpg,,,,
-2147481910,739,,,-2147483648,0,-32764,9680,,1,6,,4,Available,Sites #700-848 (106),Small trailer / pop-up,-2147483608,Campsite (less than 100m),,No,,,,,No,15/30 Amps,Regular Rate,,Back Left,Soil,,1,2,16.0,Slight,,Average,No,Average,"Radio Free, Generator Free",,,Electric,,13.0,Partial Shade - PM Sun,12.0,,,,https://reservations.ontarioparks.ca/images/19484a64-3cad-4e97-83c6-1c84a463f7d8.jpg,https://reservations.ontarioparks.ca/images/ea8b8e5a-ee22-4d82-8d3b-f8647403dbe7.jpg,https://reservations.ontarioparks.ca/images/3d18868a-995f-45d7-b066-413c6d784f55.jpg,,,
-2147481581,740,,,-2147483648,0,-32764,9690,,1,6,,4,Walk-in,Sites #700-848 (106),Trailer / motorhome,-2147483608,Campsite (less than 100m),,No,,,,,No,15/30 Amps,Regular Rate,,Back Right,Soil,,1,2,12.0,Uneven,Yes,Average,No,Average,"Radio Free, Generator Free",,,Electric,,18.0,Partial Shade - PM Sun,11.0,,,,https://reservations.ontarioparks.ca/images/d23f6ab7-0a01-44f0-9e9f-3ac10b29ecd7.jpg,https://reservations.ontarioparks.ca/images/d1b62964-cc8c-487b-9550-b6727b1f4a8f.jpg,,,,
-2147481809,741,,,-2147483648,0,-32764,9700,,1,6,,4,Available,Sites #700-848 (106),Small trailer / pop-up,-2147483608,"Water Tap, Campsite (less than 100m)",,No,,Corner Site,,,No,15/30 Amps,Regular Rate,,Back Left,Soil,,1,2,14.0,Slight,,Average,No,Average,"Radio Free, Generator Free",,,Electric,,14.0,Partial Shade - PM Sun,19.0,,,,https://reservations.ontarioparks.ca/images/68cacb1a-ca3a-4048-853c-01679441f0ba.jpg,https://reservations.ontarioparks.ca/images/4d0a8e57-7603-47aa-8cb2-dc95f2efbedf.jpg,,,,
-2147481968,742,,,-2147483648,0,-32764,9710,,1,6,,4,Available,Sites #700-848 (106),Small trailer / pop-up,-2147483608,"Water Tap, Campsite (less than 100m)",,No,,Corner Site,,,No,15/30 Amps,Regular Rate,,Back Left,Soil,,1,2,20.0,Slight,,Average,No,Average,"Radio Free, Generator Free",,,Electric,,16.0,Partial Shade - PM Sun,13.0,,,,https://reservations.ontarioparks.ca/images/0e6221ac-143f-46e0-9a59-e8c882240002.jpg,https://reservations.ontarioparks.ca/images/d5c4109b-5329-43e6-a5a5-5d64756da8a1.jpg,,,,
-2147481839,743,,,-2147483648,0,-32764,9720,,1,6,,5,Available,Sites #700-848 (106),Trailer / motorhome,-2147483608,"Vehicle Parking, Comfort Station With Showers, Campsite (less than 100m)",,No,,,,,No,15/30 Amps,Regular Rate,,Back Left,Soil,,1,2,12.0,None,,Average,No,Average,"Radio Free, Generator Free",,,Electric,,13.0,Partial Shade,12.0,,,,https://reservations.ontarioparks.ca/images/0416c884-9cac-4bc1-895b-67403832a69f.jpg,https://reservations.ontarioparks.ca/images/a8fafa48-5684-4a25-a7e8-d3b8f9b9b146.jpg,,,,
-2147481852,744,,,-2147483648,0,-32764,9730,,1,6,,6,Available,Sites #700-848 (106),Trailer / motorhome,-2147483608,Campsite (less than 100m),,No,,,,,No,15/30 Amps,Regular Rate,,Middle Right,"Grass, Soil",,1,2,14.0,None,,Average,No,Average,"Radio Free, Generator Free",,,Electric,,10.0,Partial Shade,20.0,,,,https://reservations.ontarioparks.ca/images/9096c9a9-ad26-40a3-8a1a-4a359b0ef816.jpg,https://reservations.ontarioparks.ca/images/52d5cf6c-5df4-474b-9c63-8f2c99814f4b.jpg,,,,
-2147481582,745,,,-2147483648,0,-32764,9740,,1,6,,4,Available,Sites #700-848 (106),Small trailer / pop-up,-2147483608,"Vehicle Parking, Campsite (less than 100m)",,No,,Corner Site,,,No,15/30 Amps,Regular Rate,,Back Left,"Grass, Soil",,1,2,10.0,None,,Average,No,Good,"Radio Free, Generator Free",,,Electric,,13.0,No Shade/Full Sun,17.0,,,,https://reservations.ontarioparks.ca/images/c98a63cb-593b-43e3-9a22-8aa338b5ef00.jpg,,,,,
-2147481674,746,,,-2147483648,0,-32764,9750,,1,6,,4,Available,Sites #700-848 (106),Small trailer / pop-up,-2147483608,"Comfort Station, Campsite (less than 100m)",,No,,,,,No,15/30 Amps,Regular Rate,,Back Left,Soil,,1,2,12.0,Slight,,Average,No,Average,"Radio Free, Generator Free",,,Electric,,15.0,Partial Shade,15.0,,,,https://reservations.ontarioparks.ca/images/ec6920df-c9db-436f-bce8-5191c2bb2fef.jpg,https://reservations.ontarioparks.ca/images/8047545a-00bc-4b58-b29d-dc733da53ba0.jpg,,,,
-2147481588,747,,,-2147483648,0,-32764,9760,,1,6,,4,Available,Sites #700-848 (106),Small trailer / pop-up,-2147483608,Campsite (less than 100m),,No,,,,,No,15/30 Amps,Regular Rate,,Front Left,Grass,,1,2,12.0,None,,Good,No,Good,"Radio Free, Generator Free",,,Electric,,13.0,Partial Shade,14.0,,,,https://reservations.ontarioparks.ca/images/2523d04f-a915-4af8-bd89-3b84fbd614ad.jpg,https://reservations.ontarioparks.ca/images/e0343d5b-244d-405d-97e1-98a881e01966.jpg,,,,
-2147481932,748,,,-2147483648,0,-32764,9770,,1,6,,4,Available,Sites #700-848 (106),Small trailer / pop-up,-2147483608,"Vehicle Parking, Campsite (less than 100m)",,No,,,,,No,15/30 Amps,Regular Rate,,Back Right,Soil,,1,2,21.0,None,,Average,No,Average,"Radio Free, Generator Free",,,Electric,,17.0,Partial Shade,17.0,,,,https://reservations.ontarioparks.ca/images/337686ae-c474-4387-94b2-5435ebafe1dd.jpg,https://reservations.ontarioparks.ca/images/e192bc75-4f17-4f44-8a74-6cee96864bd1.jpg,,,,
-2147481668,749,,,-2147483648,0,-32764,9780,,1,6,,4,Available,Sites #700-848 (106),Small trailer / pop-up,-2147483608,Campsite (less than 100m),,No,,,,,No,15/30 Amps,Regular Rate,,Back Right,"Grass, Soil",,1,2,22.0,None,,Average,No,Average,"Radio Free, Generator Free",,,Electric,,16.0,Partial Shade,16.0,,,,https://reservations.ontarioparks.ca/images/3b6f9054-62fa-4d91-abfa-5d76aba939ab.jpg,https://reservations.ontarioparks.ca/images/17b265c3-b51f-4840-85d4-c0ba046e3855.jpg,,,,
-2147481677,750,,,-2147483648,0,-32764,9790,,1,6,,4,Available,Sites #700-848 (106),Small trailer / pop-up,-2147483608,Campsite (less than 100m),,No,,,,,No,15/30 Amps,Regular Rate,,Back Centre,Grass,Branches,1,2,18.0,None,,Average,No,Average,"Radio Free, Generator Free",,,Electric,,14.0,Partial Shade,16.0,,,,https://reservations.ontarioparks.ca/images/e66e0da3-7a98-4d39-85fd-5c8bb0f2cedb.jpg,https://reservations.ontarioparks.ca/images/0d749835-8546-45d9-a100-614945791798.jpg,,,,
-2147481669,751,,,-2147483648,0,-32764,9800,,1,6,,4,Available,Sites #700-848 (106),Trailer / motorhome,-2147483608,Campsite (less than 100m),,No,,Corner Site,,,No,15/30 Amps,Regular Rate,,Back Centre,Soil,,1,2,8.0,None,,Good,No,Average,"Radio Free, Generator Free",,,Electric,,23.0,Partial Shade - PM Sun,14.0,,,,https://reservations.ontarioparks.ca/images/75f5db89-df4d-4756-a2bd-fa03bbb9fc38.jpg,https://reservations.ontarioparks.ca/images/70fe7641-e975-42e9-bfe6-0204d67bee56.jpg,,,,
-2147481827,752,,,-2147483648,0,-32764,9810,,1,6,,4,Available,Sites #700-848 (106),Trailer / motorhome,-2147483608,Campsite (less than 100m),,No,,Corner Site,,,No,15/30 Amps,Regular Rate,,Back Left,Soil,,1,2,18.0,None,,Average,No,Good,"Radio Free, Generator Free",,,Electric,,20.0,Partial Shade,18.0,,,,https://reservations.ontarioparks.ca/images/5ad81da0-dfcc-4718-9ecb-2f2872c92470.jpg,https://reservations.ontarioparks.ca/images/7784ebb2-7c74-4bcf-9989-8fbf1cb0f2e7.jpg,,,,
-2147481928,753,,,-2147483648,0,-32764,9820,,1,6,,4,Available,Sites #700-848 (106),Small trailer / pop-up,-2147483608,Campsite (less than 100m),,No,,,,,No,15/30 Amps,Regular Rate,,Back Left,"Grass, Soil",,1,2,22.0,None,,Average,No,Average,"Radio Free, Generator Free",,,Electric,,11.0,Partial Shade,12.0,,,,https://reservations.ontarioparks.ca/images/5bbb88da-a6d4-4046-a0c9-85445628bc96.jpg,https://reservations.ontarioparks.ca/images/bfdd36e2-659a-4ed2-94ca-8bbd4bef06f6.jpg,,,,
-2147481998,754,,,-2147483648,0,-32763,9830,,1,6,,4,Available,Sites #700-848 (106),Small trailer / pop-up,-2147483608,Campsite (less than 100m),,No,,,,,No,,Regular Rate,,Back Right,"Grass, Soil",,1,2,,None,,Good,No,Average,"Radio Free, Generator Free",,,Non-Electric,,12.0,Partial Shade - PM Sun,14.0,,,,https://reservations.ontarioparks.ca/images/c49482f3-cd1e-4b24-b627-cbfe8bc0a67a.jpg,https://reservations.ontarioparks.ca/images/ba73651b-9224-4d9a-95ac-e8b93385fc8b.jpg,,,,
-2147481591,755,,,-2147483648,0,-32763,9840,,1,6,,4,Available,Sites #700-848 (106),Small trailer / pop-up,-2147483608,Campsite (less than 100m),,No,,,,,No,,Regular Rate,,Back Left,"Grass, Soil",,1,2,,Slight,,Average,No,Average,"Radio Free, Generator Free",,,Non-Electric,,13.0,Partial Shade,12.0,,,,https://reservations.ontarioparks.ca/images/c66feb44-cfd5-4c83-bd80-dedb64a8cc35.jpg,https://reservations.ontarioparks.ca/images/1142c449-3ed4-4954-a532-dcccfd1de6f4.jpg,,,,
-2147482011,756,,,-2147483648,0,-32763,9850,,1,6,,4,Available,Sites #700-848 (106),Small trailer / pop-up,-2147483608,"Vehicle Parking, Campsite (less than 100m)",,No,,,,,No,,Regular Rate,,Back Left,"Grass, Soil",,1,2,,None,,Average,No,Average,"Radio Free, Generator Free",,,Non-Electric,,13.0,Partial Shade - PM Sun,12.0,,,,https://reservations.ontarioparks.ca/images/823caf69-8af4-4e94-a71a-6686d468071f.jpg,https://reservations.ontarioparks.ca/images/5105037d-2bf4-49b6-bbb6-d6f8dcc6ae1c.jpg,https://reservations.ontarioparks.ca/images/c4700d59-3eaf-49c2-9532-ecd48d14ae26.jpg,,,
-2147481720,800,,,-2147483648,0,-32763,9860,,1,6,,4,Walk-in,Sites #700-848 (106),Small trailer / pop-up,-2147483608,Campsite (less than 100m),,No,,Above Avg. Vehicular Traffic,,,No,,Regular Rate,,Back Left,"Grass, Soil",Branches,1,2,,None,,Poor,No,Poor,"Radio Free, Generator Free",,,Non-Electric,,17.0,No Shade/Full Sun,13.0,,,,https://reservations.ontarioparks.ca/images/7a25a613-47e3-4eab-b04a-02ca4acd7ad6.jpg,https://reservations.ontarioparks.ca/images/58b9b378-3a20-4ea3-862a-6f6841ebff1a.jpg,,,,
-2147481819,801,,,-2147483648,0,-32763,9870,,1,6,,4,Walk-in,Sites #700-848 (106),Trailer / motorhome,-2147483608,Campsite (less than 100m),,No,,,,,No,,Regular Rate,,Back Left,Grass,,1,2,,None,,Poor,No,Average,"Radio Free, Generator Free",,,Non-Electric,,19.0,No Shade/Full Sun,13.0,,,,https://reservations.ontarioparks.ca/images/68f8170a-08e5-4c8a-b865-6815575abab8.jpg,https://reservations.ontarioparks.ca/images/3a24331b-33af-440d-b921-e7afae72392c.jpg,,,,
-2147481615,802,,,-2147483648,0,-32763,9880,,1,6,,4,Walk-in,Sites #700-848 (106),Small trailer / pop-up,-2147483608,Campsite (less than 100m),,No,,Above Avg. Vehicular Traffic,,,No,,Regular Rate,,Middle Left,"Grass, Soil",Tree(s),1,2,,None,,Poor,No,Poor,"Radio Free, Generator Free",,,Non-Electric,,17.0,No Shade/Full Sun,11.0,,,,https://reservations.ontarioparks.ca/images/8322d59d-e53d-4b09-b218-055662d522e2.jpg,https://reservations.ontarioparks.ca/images/6785d664-bb30-41ed-8530-ef87ffb6fe32.jpg,,,,
-2147481847,803,,,-2147483648,0,-32763,9890,,1,6,,4,Walk-in,Sites #700-848 (106),Small trailer / pop-up,-2147483608,Campsite (less than 100m),,No,,,,,No,,Regular Rate,,Back Centre,Grass,,1,2,,None,,Poor,No,Average,"Radio Free, Generator Free",,,Non-Electric,,16.0,No Shade/Full Sun,16.0,,,,https://reservations.ontarioparks.ca/images/667e2665-ece2-48ab-bada-c23ff2e703bb.jpg,https://reservations.ontarioparks.ca/images/3118d09c-a419-4f40-9e1a-9f9327065697.jpg,,,,
-2147481512,804,,,-2147483648,0,-32763,9900,,1,6,,4,Walk-in,Sites #700-848 (106),Trailer / motorhome,-2147483608,Campsite (less than 100m),,No,,Above Avg. Vehicular Traffic,,,No,,Regular Rate,,Back Right,Grass,,1,2,,None,,Poor,No,Average,"Radio Free, Generator Free",,,Non-Electric,,21.0,No Shade/Full Sun,14.0,,,,https://reservations.ontarioparks.ca/images/94afb47f-d652-45e9-9179-26078a31ad9c.jpg,https://reservations.ontarioparks.ca/images/94955779-c72b-4ba3-911f-a58ff875d68e.jpg,,,,
-2147481731,805,,,-2147483648,0,-32763,9910,,1,6,,4,Walk-in,Sites #700-848 (106),Trailer / motorhome,-2147483608,Campsite (less than 100m),,No,,,,,No,,Regular Rate,,Back Left,Grass,,1,2,,None,,Poor,No,Average,"Radio Free, Generator Free",,,Non-Electric,,18.0,No Shade/Full Sun,14.0,,,,https://reservations.ontarioparks.ca/images/78e9e612-3519-4493-943e-e06a19ef023b.jpg,https://reservations.ontarioparks.ca/images/1f966bfb-216b-4dae-a07c-01bcafb99349.jpg,,,,
-2147481794,806,,,-2147483648,0,-32763,9920,,1,6,,4,Walk-in,Sites #700-848 (106),Small trailer / pop-up,-2147483608,Campsite (less than 100m),,No,,,,,No,,Regular Rate,,Back Left,Grass,,1,2,,None,,Poor,No,Poor,"Radio Free, Generator Free",,,Non-Electric,,14.0,No Shade/Full Sun,14.0,,,,https://reservations.ontarioparks.ca/images/7ce4b792-3c8c-421d-9617-e63a78721fa4.jpg,https://reservations.ontarioparks.ca/images/a7636b2d-bfb0-4a3e-9036-986a3ad5fe76.jpg,https://reservations.ontarioparks.ca/images/b3cacf19-ca10-4f27-b95c-7163eab94988.jpg,,,
-2147481997,807,,,-2147483648,0,-32763,9930,,1,6,,4,Walk-in,Sites #700-848 (106),Small trailer / pop-up,-2147483608,Campsite (less than 100m),,No,,Corner Site,,,No,,Regular Rate,,Back Right,Grass,,1,2,,None,,Poor,Yes,Average,"Radio Free, Generator Free",,,Non-Electric,,15.0,No Shade/Full Sun,17.0,,,,https://reservations.ontarioparks.ca/images/98644680-d088-4941-b534-d352bbf4ae4b.jpg,https://reservations.ontarioparks.ca/images/ff4a134b-a961-4397-8248-1651804bbee6.jpg,,,,
-2147481860,808,,,-2147483648,0,-32763,9940,,1,6,,4,Walk-in,Sites #700-848 (106),Trailer / motorhome,-2147483608,Campsite (less than 100m),,No,,Above Avg. Vehicular Traffic,,,No,,Regular Rate,,Back Right,"Grass, Soil",Tree(s),1,2,,None,,Poor,No,Poor,"Radio Free, Generator Free",,,Non-Electric,,19.0,No Shade/Full Sun,15.0,,,,https://reservations.ontarioparks.ca/images/bde12269-15b6-4565-8cef-bf7626ceeeb7.jpg,https://reservations.ontarioparks.ca/images/715a61c0-761e-4a63-b7e4-9ab8d7a97a37.jpg,,,,
-2147481719,809,,,-2147483648,0,-32763,9950,,1,6,,4,Walk-in,Sites #700-848 (106),Small trailer / pop-up,-2147483608,"Water Tap, Campsite (less than 100m)",,No,,,,,No,,Regular Rate,,Front Left,Grass,,1,2,,None,,Poor,No,Poor,"Radio Free, Generator Free",,,Non-Electric,,14.0,No Shade/Full Sun,10.0,,,,https://reservations.ontarioparks.ca/images/36d553bd-43fa-4713-a5de-1dba02630937.jpg,https://reservations.ontarioparks.ca/images/5871944e-bc72-40ce-9ed5-689932df61ad.jpg,,,,
-2147481603,810,,,-2147483648,0,-32763,9960,,1,6,,4,Walk-in,Sites #700-848 (106),Trailer / motorhome,-2147483608,Campsite (less than 100m),,No,,Corner Site,,,No,,Regular Rate,,Back Right,"Grass, Soil",,1,2,,None,,Poor,No,Poor,"Radio Free, Generator Free",,,Non-Electric,,19.0,No Shade/Full Sun,10.0,,,,https://reservations.ontarioparks.ca/images/f98d7527-74aa-471b-a032-620f98891e1e.jpg,https://reservations.ontarioparks.ca/images/79830dbb-3e6e-4c05-a4d9-61dac6506d85.jpg,,,,
-2147481675,811,,,-2147483648,0,-32763,9970,,1,6,,4,Walk-in,Sites #700-848 (106),Trailer / motorhome,-2147483608,"Water Tap, Campsite (less than 100m)",,No,,,,,No,,Regular Rate,,Back Centre,"Grass, Soil",,1,2,,None,,Poor,No,Poor,"Radio Free, Generator Free",,,Non-Electric,,18.0,No Shade/Full Sun,14.0,,,,https://reservations.ontarioparks.ca/images/05221c3e-896c-4555-9d56-05138e6b699a.jpg,https://reservations.ontarioparks.ca/images/1722e997-d714-4db7-a1ba-ba33a8946629.jpg,,,,
-2147481597,812,,,-2147483648,0,-32763,9980,,1,6,,3,Walk-in,Sites #700-848 (106),Small trailer / pop-up,-2147483608,"Water Tap, Campsite (less than 100m)",,No,,Corner Site,,,No,,Regular Rate,,Middle Right,"Grass, Soil",,1,2,,None,,Average,No,Average,"Radio Free, Generator Free",,,Non-Electric,,11.0,Partial Shade - PM Sun,15.0,,,,https://reservations.ontarioparks.ca/images/90ac0856-f87d-4e7a-a79a-7fe21f23f467.jpg,https://reservations.ontarioparks.ca/images/391a35b3-d937-4b8d-9d21-010cc63f75d6.jpg,,,,
-2147481784,813,,,-2147483648,0,-32763,9990,,1,6,,4,Walk-in,Sites #700-848 (106),Small trailer / pop-up,-2147483608,"Privy, Campsite (less than 100m)",,No,,,,,No,,Regular Rate,,Back Centre,"Grass, Soil",,1,2,,Uneven,,Poor,No,Poor,"Radio Free, Generator Free",,,Non-Electric,,17.0,No Shade/Full Sun,14.0,,,,https://reservations.ontarioparks.ca/images/c81d13b4-c759-4892-877a-7f466a703b24.jpg,https://reservations.ontarioparks.ca/images/3bd52362-36ad-45ba-8f6e-10dde85af229.jpg,,,,
-2147481787,814,,,-2147483648,0,-32763,10000,,1,6,,3,Walk-in,Sites #700-848 (106),Small trailer / pop-up,-2147483608,"Privy, Campsite (less than 100m)",,No,,,,,No,,Regular Rate,,Middle Right,"Grass, Soil",,1,2,,Moderate,,Average,No,Average,"Radio Free, Generator Free",,,Non-Electric,,12.0,Partial Shade - PM Sun,13.0,,,,https://reservations.ontarioparks.ca/images/46558ce0-864f-4e08-943f-14fad4d863ee.jpg,https://reservations.ontarioparks.ca/images/36347ea2-ce36-4917-8095-05f6aad4b0ee.jpg,,,,
-2147481637,815,,,-2147483648,0,-32763,10010,,1,6,,4,Walk-in,Sites #700-848 (106),Small trailer / pop-up,-2147483608,"Privy, Campsite (less than 100m)",,No,,,,,No,,Regular Rate,,Back Right,"Grass, Soil",,1,2,,None,,Poor,No,Poor,"Radio Free, Generator Free",,,Non-Electric,,14.0,No Shade/Full Sun,19.0,,,,https://reservations.ontarioparks.ca/images/3c771723-6688-4afc-81e3-27c05b57d982.jpg,https://reservations.ontarioparks.ca/images/31c4cc32-8d75-423b-a04d-58e407d174ca.jpg,,,,
-2147481767,816,,,-2147483648,0,-32763,10020,,1,6,,2,Walk-in,Sites #700-848 (106),Tent only,-2147483608,"Privy, Campsite (less than 100m)",,No,,,,,No,,Regular Rate,,Back Centre,Sand,,1,2,,Slight,,Average,No,Average,"Radio Free, Generator Free",,,Non-Electric,,15.0,Partial Shade - PM Sun,9.0,,,,https://reservations.ontarioparks.ca/images/9be42e3b-10b0-40c3-98d5-0b6e340aa636.jpg,https://reservations.ontarioparks.ca/images/051e7560-0efe-49bf-821d-7dbc82fb401a.jpg,,,,
-2147481756,817,,,-2147483648,0,-32763,10030,,1,6,,4,Walk-in,Sites #700-848 (106),Small trailer / pop-up,-2147483608,Campsite (less than 100m),,No,,,,,No,,Regular Rate,,Back Left,"Grass, Soil",,1,2,,Slight,,Poor,No,Average,"Radio Free, Generator Free",,,Non-Electric,,17.0,No Shade/Full Sun,13.0,,,,https://reservations.ontarioparks.ca/images/d113e201-4c6c-49c4-a257-91601bdab1b6.jpg,https://reservations.ontarioparks.ca/images/060bb953-4107-488a-b8d1-71027804d06d.jpg,,,,
-2147481806,818,,,-2147483648,0,-32763,10040,,1,6,,4,Walk-in,Sites #700-848 (106),Small trailer / pop-up,-2147483608,Campsite (less than 100m),,No,,"Poor Drainage, Corner Site",,,No,,Regular Rate,,Middle Right,"Grass, Soil",,1,1,,None,Yes,Average,No,Average,"Radio Free, Generator Free",,,Non-Electric,,8.0,Partial Shade - PM Sun,12.0,,,,https://reservations.ontarioparks.ca/images/1ef8b599-dc1d-4ac4-b88b-2567d2c6c1b4.jpg,,,,,
-2147481976,819,,,-2147483648,0,-32763,10050,,1,6,,2,Walk-in,Sites #700-848 (106),Trailer / motorhome,-2147483608,Campsite (less than 100m),,No,,Corner Site,,,No,,Regular Rate,,Middle Right,"Grass, Soil",,1,2,,None,,Poor,No,Poor,"Radio Free, Generator Free",,,Non-Electric,,18.0,Partial Shade - PM Sun,17.0,,,,https://reservations.ontarioparks.ca/images/4dbe5af2-6334-430f-b1c6-cfffd3cd389e.jpg,,,,,
-2147481884,820,,,-2147483648,0,-32763,10060,,1,6,,2,Walk-in,Sites #700-848 (106),Tent only,-2147483608,Campsite (less than 100m),,No,,,,,No,,Regular Rate,,Back Left,"Grass, Soil",,1,2,,Moderate,,Average,No,Average,"Radio Free, Generator Free",,,Non-Electric,,11.0,Partial Shade - PM Sun,10.0,,,,https://reservations.ontarioparks.ca/images/36649110-9704-4f3f-b668-cdc78284656e.jpg,https://reservations.ontarioparks.ca/images/5673d3b1-49cf-4ff6-b60b-3b2c394a8ad7.jpg,,,,
-2147481918,821,,,-2147483648,0,-32763,10070,,1,6,,4,Walk-in,Sites #700-848 (106),Trailer / motorhome,-2147483608,Campsite (less than 100m),,No,,,,,No,,Regular Rate,,Back Left,Grass,,1,2,,Slight,,Good,No,Average,"Radio Free, Generator Free",,,Non-Electric,,18.0,Partial Shade - PM Sun,12.0,,,,https://reservations.ontarioparks.ca/images/9df82ada-0be8-43fa-bf56-3e17fd79de64.jpg,https://reservations.ontarioparks.ca/images/25cab0c7-044e-491a-a695-b9fde42b6ff0.jpg,,,,
-2147481612,822,,,-2147483648,0,-32763,10080,,1,6,,4,Walk-in,Sites #700-848 (106),Small trailer / pop-up,-2147483608,Campsite (less than 100m),,No,,,,,No,,Regular Rate,,Back Right,"Grass, Soil",,1,2,,None,,Good,No,Average,"Radio Free, Generator Free",,,Non-Electric,,14.0,No Shade/Full Sun,11.0,,,,https://reservations.ontarioparks.ca/images/04f5492e-56d5-472f-a734-0669fb2c7ad5.jpg,https://reservations.ontarioparks.ca/images/915e9431-be81-480c-9460-cdbebed00253.jpg,,,,
-2147481798,823,,,-2147483648,0,-32763,10090,,1,6,,4,Walk-in,Sites #700-848 (106),Small trailer / pop-up,-2147483608,Campsite (less than 100m),,No,,,,,No,,Regular Rate,,Back Left,"Grass, Soil",,1,2,,None,,Average,No,Average,"Radio Free, Generator Free",,,Non-Electric,,17.0,Full Shade,10.0,,,,https://reservations.ontarioparks.ca/images/b30df72b-ab96-4b34-aa4b-b472b578a0e6.jpg,https://reservations.ontarioparks.ca/images/0797d6dc-5807-48a5-916b-a45bf458aeb9.jpg,,,,
-2147481814,824,,,-2147483648,0,-32763,10100,,1,6,,4,Walk-in,Sites #700-848 (106),Small trailer / pop-up,-2147483608,Campsite (less than 100m),,No,,,,,No,,Regular Rate,,Back Left,"Grass, Soil",,1,2,,Severe,,Average,No,Average,"Radio Free, Generator Free",,,Non-Electric,,14.0,Partial Shade - PM Sun,12.0,,,,https://reservations.ontarioparks.ca/images/33cb27b1-b3c7-45aa-abfa-fff87696eaee.jpg,https://reservations.ontarioparks.ca/images/5ee185d8-b918-46a2-9a42-5ab45b657337.jpg,,,,
-2147481564,825,,,-2147483648,0,-32763,10110,,1,6,,3,Walk-in,Sites #700-848 (106),Small trailer / pop-up,-2147483608,"Privy, Campsite (less than 100m)",,No,,,,,No,,Regular Rate,,Back Right,Sand,Tree(s),1,2,,None,,Average,No,Average,"Radio Free, Generator Free",,,Non-Electric,,12.0,Full Shade,13.0,,,,https://reservations.ontarioparks.ca/images/a39b618d-cb02-4689-ab4f-27f73615f6cc.jpg,https://reservations.ontarioparks.ca/images/2e52364a-457e-49ed-9d98-2ca91d539f27.jpg,https://reservations.ontarioparks.ca/images/0dd4e1e5-abba-4f31-9bc1-5a3651e84f0e.jpg,,,
-2147481924,826,,,-2147483648,0,-32763,10120,,1,6,,4,Walk-in,Sites #700-848 (106),Trailer / motorhome,-2147483608,Campsite (less than 100m),,No,,Poor Drainage,,,No,,Regular Rate,,Back Right,Soil,,1,2,,Slight,,Average,No,Good,"Radio Free, Generator Free",,,Non-Electric,,18.0,Partial Shade - PM Sun,13.0,,,,https://reservations.ontarioparks.ca/images/7a4482d7-d41f-4f7f-a981-8818a673ed40.jpg,https://reservations.ontarioparks.ca/images/75ee6666-f9ec-466f-a82b-bc04d46c8d32.jpg,,,,
-2147481562,827,,,-2147483648,0,-32763,10130,,1,6,,3,Walk-in,Sites #700-848 (106),Small trailer / pop-up,-2147483608,Campsite (less than 100m),,No,,Corner Site,,,No,,Regular Rate,,Back Right,Grass,,1,2,,,,Average,No,Average,"Radio Free, Generator Free",,,Non-Electric,,9.0,No Shade/Full Sun,14.0,,,,https://reservations.ontarioparks.ca/images/545dd587-316e-45a8-a9c0-0a5d2da92ecb.jpg,https://reservations.ontarioparks.ca/images/53324702-655d-44e0-b060-5c75fd9f505f.jpg,,,,
-2147481948,828,,,-2147483648,0,-32763,10140,,1,6,,4,Walk-in,Sites #700-848 (106),Small trailer / pop-up,-2147483608,Campsite (less than 100m),,No,,Poor Drainage,,,No,,Regular Rate,,Back Right,"Grass, Soil",,1,2,,None,,Good,No,Average,"Radio Free, Generator Free",,,Non-Electric,,14.0,Full Shade,9.0,,,,https://reservations.ontarioparks.ca/images/a0b71f8d-8146-47a6-90c8-8ffb7ca0d1d9.jpg,https://reservations.ontarioparks.ca/images/952eee22-9dd1-4f3f-bde1-165a7216c662.jpg,,,,
-2147481758,829,,,-2147483648,0,-32763,10150,,1,6,,4,Walk-in,Sites #700-848 (106),Small trailer / pop-up,-2147483608,Campsite (less than 100m),,No,,Corner Site,,,No,,Regular Rate,,Back Centre,"Grass, Soil",,1,2,,Slight,,Good,No,Average,"Radio Free, Generator Free",,,Non-Electric,,15.0,No Shade/Full Sun,9.0,,,,https://reservations.ontarioparks.ca/images/664293a0-ac10-4f1f-baed-1802d46ca450.jpg,https://reservations.ontarioparks.ca/images/73147b51-d2b4-432d-98a3-09384ad367a4.jpg,,,,
-2147481810,830,,,-2147483648,0,-32763,10160,,1,6,,2,Walk-in,Sites #700-848 (106),Tent only,-2147483608,"Water Tap, Campsite (less than 100m)",,No,,,,,No,,Regular Rate,,Back Left,"Grass, Soil",,1,2,,Slight,,Average,No,Poor,"Radio Free, Generator Free",,,Non-Electric,,12.0,Full Shade,10.0,,,,https://reservations.ontarioparks.ca/images/c6c0ef34-6dc5-41bd-9b3c-b6f74051279d.jpg,https://reservations.ontarioparks.ca/images/5aefdf1b-0858-46dd-a42a-70cf4b8ff3d5.jpg,,,,
-2147481717,831,,,-2147483648,0,-32763,10170,,1,6,,4,Walk-in,Sites #700-848 (106),Small trailer / pop-up,-2147483608,"Water Tap, Campsite (less than 100m)",,No,,,,,No,,Regular Rate,,Back Left,Soil,,1,2,,Uneven,,Average,No,Good,"Radio Free, Generator Free",,,Non-Electric,,14.0,Full Shade,16.0,,,,https://reservations.ontarioparks.ca/images/62f65202-2cdd-4ed2-80c4-df13a90d1dc2.jpg,https://reservations.ontarioparks.ca/images/bbbc05ff-0c93-4a7f-a1cd-c7d0cc91a0c5.jpg,,,,
-2147481992,832,,,-2147483648,0,-32763,10180,,1,6,,4,Walk-in,Sites #700-848 (106),Small trailer / pop-up,-2147483608,Campsite (less than 100m),,No,,,,,No,,Regular Rate,,Middle Left,Soil,Branches,1,2,,None,,Average,No,Average,"Radio Free, Generator Free",,,Non-Electric,,14.0,Partial Shade - PM Sun,11.0,,,,https://reservations.ontarioparks.ca/images/05084127-d165-4adf-a9e2-6a7fdad8e8cf.jpg,https://reservations.ontarioparks.ca/images/e44bc6cf-3192-4ad7-b3ed-383fdd490470.jpg,,,,
-2147481892,833,,,-2147483648,0,-32763,10190,,1,6,,4,Walk-in,Sites #700-848 (106),Small trailer / pop-up,-2147483608,Campsite (less than 100m),,No,,,,,No,,Regular Rate,,Back Left,"Grass, Soil",,1,2,,None,,Average,No,Average,"Radio Free, Generator Free",,,Non-Electric,,14.0,Partial Shade - AM Sun,11.0,,,,https://reservations.ontarioparks.ca/images/d750151c-39ec-4b66-8c5c-ca3c578d580e.jpg,https://reservations.ontarioparks.ca/images/5026c22d-0776-404a-9d7e-8133b7fed8f4.jpg,,,,
-2147481625,834,,,-2147483648,0,-32763,10200,,1,6,,4,Walk-in,Sites #700-848 (106),Small trailer / pop-up,-2147483608,Campsite (less than 100m),,No,,,,,No,,Regular Rate,,Back Right,Soil,,1,2,,Slight,,Average,No,Average,"Radio Free, Generator Free",,,Non-Electric,,14.0,Partial Shade - PM Sun,12.0,,,,https://reservations.ontarioparks.ca/images/c2a0852c-a65d-404b-9c57-041388e2eea9.jpg,https://reservations.ontarioparks.ca/images/95d67eae-b027-4585-86d9-a8ebfac1066a.jpg,,,,
-2147481982,835,,,-2147483648,0,-32763,10210,,1,6,,4,Walk-in,Sites #700-848 (106),Small trailer / pop-up,-2147483608,Campsite (less than 100m),,No,,,,,No,,Regular Rate,,Back Centre,Soil,,1,2,,None,,Good,No,Average,"Radio Free, Generator Free",,,Non-Electric,,17.0,Partial Shade - PM Sun,13.0,,,,https://reservations.ontarioparks.ca/images/2f2186db-5533-4761-a16c-75b42a07cee8.jpg,,,,,
-2147481792,836,,,-2147483648,0,-32763,10220,,1,6,,2,Walk-in,Sites #700-848 (106),Tent only,-2147483608,"Multi-Use Trail, Campsite (less than 100m)",,No,,"Poor Drainage, Corner Site",,,No,,Regular Rate,,Back Centre,"Grass, Soil",,1,2,,None,,Average,No,Average,"Radio Free, Generator Free",,,Non-Electric,,13.0,Partial Shade,13.0,,,,https://reservations.ontarioparks.ca/images/dafeeba0-ff17-4d3e-83e3-586e8e968782.jpg,https://reservations.ontarioparks.ca/images/b1c693b0-ced0-416c-92de-057536504d59.jpg,,,,
-2147481570,837,,,-2147483648,0,-32763,10230,,1,6,,4,Walk-in,Sites #700-848 (106),Trailer / motorhome,-2147483608,Campsite (less than 100m),,No,,,,,No,,Regular Rate,,Middle Left,Soil,,1,2,,None,,Good,No,Average,"Radio Free, Generator Free",,,Non-Electric,,18.0,Partial Shade,13.0,,,,https://reservations.ontarioparks.ca/images/767bfe4e-a7b6-4d10-a684-f5b3a4a708be.jpg,https://reservations.ontarioparks.ca/images/0b2edd51-9b8b-476f-b292-2136f24c6740.jpg,,,,
-2147481877,838,,,-2147483648,0,-32763,10240,,1,6,,4,Walk-in,Sites #700-848 (106),Trailer / motorhome,-2147483608,"Multi-Use Trail, Campsite (less than 100m)",,No,,,,,No,,Regular Rate,,Back Left,"Grass, Soil",,1,2,,None,,Average,No,Average,"Radio Free, Generator Free",,,Non-Electric,,18.0,Partial Shade,14.0,,,,https://reservations.ontarioparks.ca/images/35dfd80e-7d73-4e89-9cde-66812ee6dd7b.jpg,https://reservations.ontarioparks.ca/images/b9efb4d9-c613-46a6-b791-abbe662124ce.jpg,,,,
-2147482021,839,,,-2147483648,0,-32763,10250,,1,6,,4,Walk-in,Sites #700-848 (106),Small trailer / pop-up,-2147483608,"Multi-Use Trail, Campsite (less than 100m)",,No,,Poor Drainage,,,No,,Regular Rate,,Back Right,"Grass, Soil",,1,2,,None,,Average,No,Average,"Radio Free, Generator Free",,,Non-Electric,,17.0,Partial Shade - PM Sun,14.0,,,,https://reservations.ontarioparks.ca/images/2b33019e-5c20-4fda-af94-d5d6cad8c586.jpg,https://reservations.ontarioparks.ca/images/8642d587-8edf-49cd-84f4-2cddef132e78.jpg,,,,
-2147481714,840,,,-2147483648,0,-32763,10260,,1,6,,2,Walk-in,Sites #700-848 (106),Tent only,-2147483608,"Water Tap, Multi-Use Trail, Campsite (less than 100m)",,No,,,,,No,,Regular Rate,,Back Left,"Grass, Soil",,1,2,,Slight,,Average,No,Average,"Radio Free, Generator Free",,,Non-Electric,,13.0,Partial Shade - PM Sun,13.0,,,,https://reservations.ontarioparks.ca/images/9dbac054-9534-4f28-bc56-72fd55df5ab5.jpg,https://reservations.ontarioparks.ca/images/4622fe43-a5c6-458e-b065-7a350c65f555.jpg,,,,
-2147481913,841,,,-2147483648,0,-32763,10270,,1,6,,4,Walk-in,Sites #700-848 (106),Small trailer / pop-up,-2147483608,Campsite (less than 100m),,No,,Poor Drainage,,,No,,Regular Rate,,Back Left,"Grass, Soil",,1,2,,Uneven,,Good,No,Good,"Radio Free, Generator Free",,,Non-Electric,,14.0,No Shade/Full Sun,12.0,,,,https://reservations.ontarioparks.ca/images/c43c0cde-f6a2-4d59-b776-424afee159b7.jpg,https://reservations.ontarioparks.ca/images/e3837991-6199-45a0-8d70-9e4700b2198c.jpg,,,,
-2147481943,842,,,-2147483648,0,-32763,10280,,1,6,,4,Walk-in,Sites #700-848 (106),Small trailer / pop-up,-2147483608,Campsite (less than 100m),,No,,,,,No,,Regular Rate,,Back Right,Soil,,1,2,,Slight,,Good,No,Average,"Radio Free, Generator Free",,,Non-Electric,,17.0,Partial Shade - PM Sun,11.0,,,,https://reservations.ontarioparks.ca/images/f0f895a9-70fb-47a8-aee1-31e7d72884c8.jpg,https://reservations.ontarioparks.ca/images/b6c1eec3-ef8e-478a-ad4e-b6dd6a78a8fc.jpg,,,,
-2147481871,843,,,-2147483648,0,-32763,10290,,1,6,,2,Walk-in,Sites #700-848 (106),Tent only,-2147483608,Campsite (less than 100m),,No,,,,,No,,Regular Rate,,Back Right,Soil,Tree(s),1,2,,Uneven,,Average,No,Poor,"Radio Free, Generator Free",,,Non-Electric,,14.0,Partial Shade - PM Sun,13.0,,,,https://reservations.ontarioparks.ca/images/1ea93697-6c7c-41e5-a9a0-29131a91ea26.jpg,,,,,
-2147481763,844,,,-2147483648,0,-32763,10300,,1,6,,3,Walk-in,Sites #700-848 (106),Small trailer / pop-up,-2147483608,Campsite (less than 100m),,No,,,,,No,,Regular Rate,,Back Left,Soil,Branches,1,2,,None,,Average,No,Average,"Radio Free, Generator Free",,,Non-Electric,,11.0,Partial Shade - PM Sun,11.0,,,,https://reservations.ontarioparks.ca/images/697281d3-f9b8-4fed-a8da-e1119ddff36f.jpg,https://reservations.ontarioparks.ca/images/c0d07d57-d99e-497a-aa14-75d9b6827b70.jpg,,,,
-2147481609,845,,,-2147483648,0,-32763,10310,,1,6,,4,Walk-in,Sites #700-848 (106),Small trailer / pop-up,-2147483608,Campsite (less than 100m),,No,,"Poor Drainage, Corner Site",,,No,,Regular Rate,,Back Right,"Grass, Soil",,1,2,,Slight,,Average,No,Average,"Radio Free, Generator Free",,,Non-Electric,,14.0,Partial Shade - PM Sun,16.0,,,,https://reservations.ontarioparks.ca/images/2b0def22-e271-4411-a5b3-b01d8e503713.jpg,https://reservations.ontarioparks.ca/images/4e64f508-07aa-42e8-bbba-4211012e3a92.jpg,,,,
-2147481532,846,,,-2147483648,0,-32763,10320,,1,6,,4,Walk-in,Sites #700-848 (106),Small trailer / pop-up,-2147483608,Campsite (less than 100m),,No,,,,,No,,Regular Rate,,Back Right,"Grass, Soil",,1,2,,Moderate,,Average,No,Average,"Radio Free, Generator Free",,,Non-Electric,,14.0,Partial Shade - PM Sun,13.0,,,,https://reservations.ontarioparks.ca/images/ff55e365-5f63-434d-9884-03d23442cf21.jpg,https://reservations.ontarioparks.ca/images/92cee51e-7eb4-4946-95d2-96519f2c01ee.jpg,,,,
-2147481741,847,,,-2147483648,0,-32763,10330,,1,6,,4,Walk-in,Sites #700-848 (106),Trailer / motorhome,-2147483608,,,No,,Above Avg. Vehicular Traffic,,,No,,Regular Rate,,Middle Right,"Grass, Soil",,1,2,,Uneven,,Poor,No,Poor,"Radio Free, Generator Free",,,Non-Electric,,18.0,No Shade/Full Sun,14.0,,,,https://reservations.ontarioparks.ca/images/0dde18b4-f946-4ec3-a3c5-100707f7d77a.jpg,https://reservations.ontarioparks.ca/images/8a8490c0-10e5-4e98-a5bf-40848fda8192.jpg,,,,
-2147481874,848,,,-2147483648,0,-32763,10340,,1,6,,4,Walk-in,Sites #700-848 (106),Small trailer / pop-up,-2147483608,Campsite (less than 100m),,No,,Above Avg. Vehicular Traffic,,,No,,Regular Rate,,Back Left,"Grass, Soil",,1,2,,Slight,,Average,No,Average,"Radio Free, Generator Free",,,Non-Electric,,16.0,No Shade/Full Sun,11.0,,,,https://reservations.ontarioparks.ca/images/a76a3144-00b5-4bb7-95c3-1cd6bc419b77.jpg,https://reservations.ontarioparks.ca/images/ffaca97e-29dd-4b2d-86e7-0da5566ab71c.jpg,,,,
-2147481866,900,,,-2147483648,0,-32763,10350,,1,6,,4,Walk-in,Sites #900-965 (66),RV / big rig,-2147483607,"Comfort Station With Showers, Campsite (less than 100m)",,No,,Poor Drainage,,,No,,Regular Rate,,Middle Left,Grass,,1,2,,None,,Average,No,Average,,,,Non-Electric,,25.0,Partial Shade - PM Sun,12.0,,,,https://reservations.ontarioparks.ca/images/119a4d26-8f3b-4b7b-a233-f90c0a2b81f4.jpg,https://reservations.ontarioparks.ca/images/b2094523-79f4-4fa4-8420-34888df5ed5e.jpg,https://reservations.ontarioparks.ca/images/dc0dea77-1169-416e-a99f-0082303cb784.jpg,,,
-2147481867,901,,,-2147483648,0,-32763,10360,,1,6,,3,Walk-in,Sites #900-965 (66),RV / big rig,-2147483607,"Vehicle Parking, Comfort Station With Showers",,No,,"Above Avg. Vehicular Traffic, Above Avg. Pedestrian Traffic, Corner Site",,,No,,Regular Rate,,Back Centre,Grass,,1,2,,,,Average,No,Average,,,,Non-Electric,,25.0,Partial Shade,8.0,,,,https://reservations.ontarioparks.ca/images/8e7c0a1f-b166-477e-9bb6-3e9ff4305697.jpg,https://reservations.ontarioparks.ca/images/52037524-8301-4e08-ae3c-76f2d1684977.jpg,,,,
-2147481671,902,,,-2147483648,0,-32763,10370,,1,6,,4,Walk-in,Sites #900-965 (66),Trailer / motorhome,-2147483607,,,No,,Poor Drainage,,,No,,Regular Rate,,Back Centre,"Grass, Soil",Tree(s),1,2,,None,,Good,No,Average,,,,Non-Electric,,22.0,Partial Shade,11.0,,,,https://reservations.ontarioparks.ca/images/537cd46e-4240-45ed-b4d0-70b726b91f86.jpg,https://reservations.ontarioparks.ca/images/933d8fe4-601e-4fe0-ae8d-10687d4c40bd.jpg,https://reservations.ontarioparks.ca/images/d570f9b9-3ac1-4af7-82d8-bf99417099e6.jpg,,,
-2147481795,903,,,-2147483648,0,-32763,10380,,1,6,,3,Walk-in,Sites #900-965 (66),Trailer / motorhome,-2147483607,"Vehicle Parking, Comfort Station With Showers",,No,,Above Avg. Vehicular Traffic,,,No,,Regular Rate,,Back Right,"Grass, Soil",,1,2,,None,,Average,No,Average,,,,Non-Electric,,22.0,Partial Shade - PM Sun,12.0,,,,https://reservations.ontarioparks.ca/images/bdda0f52-761e-4750-a8b0-d90511c80b7f.jpg,https://reservations.ontarioparks.ca/images/bcac0f13-361f-4df1-b220-4d4ec628b36e.jpg,https://reservations.ontarioparks.ca/images/7d7f7e84-1719-4903-9e2e-011cb773531a.jpg,,,
-2147481876,904,,,-2147483648,0,-32763,10390,,1,6,,4,Walk-in,Sites #900-965 (66),Trailer / motorhome,-2147483607,,,No,,Poor Drainage,,,No,,Regular Rate,,Back Left,"Grass, Soil",,1,2,,Slight,,Average,No,Average,,,,Non-Electric,,18.0,Partial Shade - PM Sun,10.0,,,,https://reservations.ontarioparks.ca/images/78a96364-b346-4141-8ef4-0f58b1de43c0.jpg,https://reservations.ontarioparks.ca/images/4e731aa8-17f5-46a5-939d-d9a3879a0a73.jpg,https://reservations.ontarioparks.ca/images/780a88ed-7374-4893-8d28-bafb05c993b3.jpg,,,
-2147481937,905,,,-2147483648,0,-32763,10400,,1,6,,4,Walk-in,Sites #900-965 (66),RV / big rig,-2147483607,Campsite (less than 100m),,No,,,,,No,,Regular Rate,,Back Centre,"Grass, Soil",,1,2,,None,,Average,No,Average,,,,Non-Electric,,28.0,Partial Shade - PM Sun,9.0,,,,https://reservations.ontarioparks.ca/images/f9d62364-2159-4908-aac3-8464a94d82b3.jpg,https://reservations.ontarioparks.ca/images/cfc4f78f-e1ff-4578-b307-138ace66fffd.jpg,https://reservations.ontarioparks.ca/images/67da5fa7-90f5-408a-b563-f8c5c4c3eace.jpg,,,
-2147481954,906,,,-2147483648,0,-32763,10410,,1,6,,4,Walk-in,Sites #900-965 (66),Trailer / motorhome,-2147483607,,,No,,Above Avg. Vehicular Traffic,,,No,,Regular Rate,,Back Left,"Grass, Soil",,1,2,,None,,Average,No,Average,,,,Non-Electric,,18.0,Full Shade,11.0,,,,https://reservations.ontarioparks.ca/images/0524e26d-2a64-46b3-a877-1683cf27a37b.jpg,https://reservations.ontarioparks.ca/images/5a07e9e7-211b-40e2-8f9a-848f77af3d69.jpg,https://reservations.ontarioparks.ca/images/f16640ee-7a6f-4b3f-ba62-0191d0e7b03a.jpg,,,
-2147481963,907,,,-2147483648,0,-32763,10420,,1,6,,4,Walk-in,Sites #900-965 (66),Small trailer / pop-up,-2147483607,,,No,,,,,No,,Regular Rate,,Back Right,"Grass, Soil",,1,2,,None,,Average,No,Average,,,,Non-Electric,,14.0,Partial Shade - PM Sun,12.0,,,,https://reservations.ontarioparks.ca/images/2bbfc1bd-0bc0-4cad-a4e6-2c3b6b4d833c.jpg,https://reservations.ontarioparks.ca/images/afc152cc-e20a-46fc-adb6-9101167cd76a.jpg,https://reservations.ontarioparks.ca/images/4e644013-bea9-40a2-b37a-ce0b60569e30.jpg,,,
-2147481524,908,,,-2147483648,0,-32763,10430,,1,6,,3,Walk-in,Sites #900-965 (66),Trailer / motorhome,-2147483607,,,No,,,,,No,,Regular Rate,,Back Right,"Grass, Soil",,1,2,,None,,Average,No,Average,,,,Non-Electric,,22.0,Partial Shade,8.0,,,,https://reservations.ontarioparks.ca/images/e130c646-5039-4a2b-926c-21bc717bc84f.jpg,https://reservations.ontarioparks.ca/images/aec31535-eb31-4068-a72f-c24ed9c73c1b.jpg,,,,
-2147481831,909,,,-2147483648,0,-32763,10440,,1,6,,3,Walk-in,Sites #900-965 (66),Small trailer / pop-up,-2147483607,,,No,,,,,No,,Regular Rate,,Back Right,"Grass, Soil",,1,2,,,,Poor,No,Average,,,,Non-Electric,,12.0,Partial Shade - PM Sun,14.0,,,,https://reservations.ontarioparks.ca/images/265e01b9-21c2-4be8-a1ca-48e17255bd61.jpg,https://reservations.ontarioparks.ca/images/ce28c7a6-0f54-4e80-90f7-fae35f2643be.jpg,https://reservations.ontarioparks.ca/images/9c00a73c-5674-48ed-a524-ae197b0c8764.jpg,,,
-2147481848,910,,,-2147483648,0,-32763,10450,,1,6,,2,Walk-in,Sites #900-965 (66),Trailer / motorhome,-2147483607,Vehicle Parking,,No,,,,,No,,Regular Rate,,Back Left,"Grass, Soil",,1,2,,None,,Average,No,Average,,,,Non-Electric,,18.0,Partial Shade,13.0,,,,https://reservations.ontarioparks.ca/images/a1cbfc9b-5ea0-413d-beb3-c4e5fc0c16da.jpg,https://reservations.ontarioparks.ca/images/e91bbc66-7b54-4d39-a273-4a7b5bc3f1a4.jpg,https://reservations.ontarioparks.ca/images/c20914fe-7d72-4a19-a27a-973a904916c1.jpg,,,
-2147481530,911,,,-2147483648,0,-32763,10460,,1,6,,2,Walk-in,Sites #900-965 (66),Tent only,-2147483607,,,No,,,,,No,,Regular Rate,,Back Left,"Grass, Soil",,1,2,,None,,Average,No,Poor,,,,Non-Electric,,17.0,Partial Shade - PM Sun,12.0,,,,https://reservations.ontarioparks.ca/images/bf6409c1-2d5d-446e-8f71-b399de0d1c1a.jpg,https://reservations.ontarioparks.ca/images/8f2055b4-0d0f-43b9-9cba-9aeae5842cec.jpg,https://reservations.ontarioparks.ca/images/0f46149e-3eee-42f7-9851-46d90e5807e5.jpg,,,
-2147481623,912,,,-2147483648,0,-32763,10470,,1,6,,2,Walk-in,Sites #900-965 (66),Trailer / motorhome,-2147483607,Privy,,No,,Poor Drainage,,,No,,Regular Rate,,Back Left,"Grass, Soil",,1,2,,None,,Average,No,Average,,,,Non-Electric,,18.0,Partial Shade - PM Sun,17.0,,,,https://reservations.ontarioparks.ca/images/6ea08310-292e-4bd4-9e35-8ca2af7abfe4.jpg,https://reservations.ontarioparks.ca/images/f88008f8-a4dc-417b-84bf-fbff24d6f1e3.jpg,https://reservations.ontarioparks.ca/images/5011f9df-5143-41ae-9e7e-80b670a5073c.jpg,,,
-2147481733,913,,,-2147483648,0,-32763,10480,,1,6,,1,Walk-in,Sites #900-965 (66),Tent only,-2147483607,,,No,,Corner Site,,,No,,Regular Rate,,Back Centre,"Grass, Soil",,1,2,,None,,Poor,No,Poor,,,,Non-Electric,,14.0,Partial Shade - PM Sun,14.0,,,,https://reservations.ontarioparks.ca/images/a9c00d68-8470-4b3a-b0e3-5e5ba030277b.jpg,https://reservations.ontarioparks.ca/images/6614593d-1314-4771-9135-5fe8eea90c35.jpg,https://reservations.ontarioparks.ca/images/68f45244-ef9e-4161-8587-e395433ce96f.jpg,,,
-2147481975,914,,,-2147483648,0,-32763,10490,,1,6,,2,Walk-in,Sites #900-965 (66),Tent only,-2147483607,,,No,,Corner Site,,,No,,Regular Rate,,Back Left,"Grass, Soil",,1,2,,None,,Poor,No,Poor,,,,Non-Electric,,12.0,Partial Shade - PM Sun,14.0,,,,https://reservations.ontarioparks.ca/images/3554bb26-638f-4c19-b0a6-347a521086a4.jpg,https://reservations.ontarioparks.ca/images/51bfdf7e-bd6d-4273-8b0b-32d0168a4b8d.jpg,https://reservations.ontarioparks.ca/images/a7b7e87a-6b1b-4887-bc2f-ab2fe4760ae4.jpg,,,
-2147481580,915,,,-2147483648,0,-32763,10500,,1,6,,2,Walk-in,Sites #900-965 (66),Trailer / motorhome,-2147483607,,,No,,Corner Site,,,No,,Regular Rate,,Back Left,"Grass, Soil",,1,2,,None,,Average,No,Average,,,,Non-Electric,,19.0,Partial Shade - PM Sun,12.0,,,,https://reservations.ontarioparks.ca/images/f2c072f5-1bdb-453a-b8a0-ffaac42d4a6b.jpg,https://reservations.ontarioparks.ca/images/56ccc79d-730e-497a-8163-3131d10b3a39.jpg,https://reservations.ontarioparks.ca/images/a7593113-2158-4357-960e-863e166179ca.jpg,,,
-2147481922,916,,,-2147483648,0,-32763,10510,,1,6,,2,Walk-in,Sites #900-965 (66),Tent only,-2147483607,"Water Tap, Campsite (less than 100m)",,No,,"Above Avg. Vehicular Traffic, Corner Site",,,No,,Regular Rate,,Back Right,Soil,,1,2,,None,,Poor,No,Average,,,,Non-Electric,,12.0,Partial Shade - PM Sun,13.0,,,,https://reservations.ontarioparks.ca/images/a5c8f419-87aa-4ad9-a6d0-f87ee277deab.jpg,https://reservations.ontarioparks.ca/images/4e9004ce-98a2-46ed-a701-44d63ddf4ea7.jpg,,,,
-2147481813,917,,,-2147483648,0,-32763,10520,,1,6,,2,Walk-in,Sites #900-965 (66),Trailer / motorhome,-2147483607,,,No,,Corner Site,,,No,,Regular Rate,,Back Centre,"Grass, Soil",,1,2,,None,,Good,No,Average,,,,Non-Electric,,18.0,Partial Shade - PM Sun,10.0,,,,https://reservations.ontarioparks.ca/images/5709718c-8fbe-4699-b793-573d17e8bf99.jpg,https://reservations.ontarioparks.ca/images/4b5bd210-6561-46de-a71b-6b2871c3c895.jpg,https://reservations.ontarioparks.ca/images/0dc3b969-60b1-4274-a12b-a9434c9ee3cb.jpg,,,
-2147481888,918,,,-2147483648,0,-32763,10530,,1,6,,4,Walk-in,Sites #900-965 (66),Trailer / motorhome,-2147483607,"Privy, Campsite (less than 100m)",,No,,Corner Site,,,No,,Regular Rate,,Back Left,"Grass, Soil",,1,2,,None,,Average,No,Average,,,,Non-Electric,,20.0,No Shade/Full Sun,13.0,,,,https://reservations.ontarioparks.ca/images/f7102c57-9f05-4d88-ae6c-097e1c4be0f4.jpg,https://reservations.ontarioparks.ca/images/35254e1d-7046-4260-a757-b46cc7ef6f95.jpg,,,,
-2147482020,919,,,-2147483648,0,-32763,10540,,1,6,,2,Walk-in,Sites #900-965 (66),Trailer / motorhome,-2147483607,Water Tap,,No,,Poor Drainage,,,No,,Regular Rate,,Back Right,"Grass, Soil",,1,2,,None,,Average,No,Average,,,,Non-Electric,,18.0,Partial Shade,12.0,,,,https://reservations.ontarioparks.ca/images/f988b8f9-97c2-48c0-a6eb-0d9af6d1ae9f.jpg,https://reservations.ontarioparks.ca/images/e76791b7-0237-4995-a965-f1a241b37b24.jpg,https://reservations.ontarioparks.ca/images/3442311c-f21f-4987-b253-230f862c9fd0.jpg,,,
-2147481542,920,,,-2147483648,0,-32763,10550,,1,6,,4,Walk-in,Sites #900-965 (66),Small trailer / pop-up,-2147483607,Water Tap,,No,,Poor Drainage,,,No,,Regular Rate,,Back Right,"Grass, Soil",,1,2,,None,,Average,No,Average,,,,Non-Electric,,17.0,Partial Shade - PM Sun,10.0,,,,https://reservations.ontarioparks.ca/images/227d38db-1ccf-48c7-85e7-5099bc1330ce.jpg,https://reservations.ontarioparks.ca/images/9221cb9f-d551-4a67-aed4-e399743f8a6f.jpg,,,,
-2147481568,921,,,-2147483648,0,-32763,10560,,1,6,,4,Walk-in,Sites #900-965 (66),Trailer / motorhome,-2147483607,"Privy, Campsite (less than 100m)",,No,,Corner Site,,,No,,Regular Rate,,Back Left,Soil,,1,2,,None,,Good,No,Average,,,,Non-Electric,,19.0,Partial Shade - PM Sun,14.0,,,,https://reservations.ontarioparks.ca/images/c7d076c9-1953-46d7-b9b6-40111974a581.jpg,https://reservations.ontarioparks.ca/images/851f51ec-e1ab-45da-8081-f7b1f3149a14.jpg,https://reservations.ontarioparks.ca/images/9d916186-c758-4b54-9c36-dc40c39a0311.jpg,,,
-2147481950,922,,,-2147483648,0,-32763,10570,,1,6,,2,Walk-in,Sites #900-965 (66),Tent only,-2147483607,Campsite (less than 100m),,No,,Poor Drainage,,,No,,Regular Rate,,Back Left,"Grass, Soil",,1,2,,None,,Average,No,Average,,,,Non-Electric,,17.0,Partial Shade - PM Sun,12.0,,,,https://reservations.ontarioparks.ca/images/8372f5a0-4582-46ce-bcc3-f6c46a4366e8.jpg,https://reservations.ontarioparks.ca/images/4bd4be64-0723-459c-b898-54dad7ca5542.jpg,https://reservations.ontarioparks.ca/images/e4ea0912-782e-40bc-a694-9787cf5d6583.jpg,,,
-2147481670,923,,,-2147483648,0,-32763,10580,,1,6,,4,Walk-in,Sites #900-965 (66),Small trailer / pop-up,-2147483607,"Privy, Campsite (less than 100m)",,No,,"Poor Drainage, Corner Site",,,No,,Regular Rate,,Back Right,Soil,,1,2,,None,,Average,No,Average,,,,Non-Electric,,17.0,Full Shade,14.0,,,,https://reservations.ontarioparks.ca/images/4692d556-ee7a-40cf-a2a2-b8414bd1c847.jpg,https://reservations.ontarioparks.ca/images/8b795833-5bae-481e-a310-c95ccfd796a0.jpg,https://reservations.ontarioparks.ca/images/b18b2e11-bce2-4705-aec7-31505f61477a.jpg,,,
-2147481601,924,,,-2147483648,0,-32763,10590,,1,6,,4,Walk-in,Sites #900-965 (66),Small trailer / pop-up,-2147483607,"Privy, Water Tap",,No,,,,,No,,Regular Rate,,Back Centre,"Grass, Soil",,1,2,,None,,Average,No,Average,,,,Non-Electric,,13.0,Partial Shade,20.0,,,,https://reservations.ontarioparks.ca/images/9e6a5bdb-bac5-4c59-86bb-f6281f33d277.jpg,https://reservations.ontarioparks.ca/images/c3c88b50-906c-44ce-83fa-41fa1b71e278.jpg,https://reservations.ontarioparks.ca/images/8c5629f8-3716-4312-bb0d-3a029a5c7f45.jpg,,,
-2147481636,925,,,-2147483648,0,-32763,10600,,1,6,,2,Walk-in,Sites #900-965 (66),Tent only,-2147483607,"Water Tap, Vehicle Parking, Comfort Station",,No,,Above Avg. Pedestrian Traffic,,,No,,Regular Rate,,Back Right,"Grass, Soil",,1,2,,None,,Poor,No,Average,,,,Non-Electric,,12.0,Partial Shade - PM Sun,14.0,,,,https://reservations.ontarioparks.ca/images/192d9d2c-a72c-4d97-8778-9ef7713f60ac.jpg,https://reservations.ontarioparks.ca/images/e6bdeb7a-2f06-4ba3-9f7c-063bc0bcbbd2.jpg,https://reservations.ontarioparks.ca/images/182434ad-83c6-4d9d-9097-764edb1b2b8a.jpg,,,
-2147481525,926,,,-2147483648,0,-32763,10610,,1,6,,2,Walk-in,Sites #900-965 (66),Tent only,-2147483607,Campsite (less than 100m),,No,,"Poor Drainage, Corner Site",,,No,,Regular Rate,,Back Right,"Grass, Soil",,1,2,,None,,Average,No,Average,,,,Non-Electric,,12.0,Partial Shade - PM Sun,15.0,,,,https://reservations.ontarioparks.ca/images/226e1ff1-57c8-478b-9fcb-bf1154bcbbf1.jpg,https://reservations.ontarioparks.ca/images/7a7390a2-32ca-4bf6-8410-9d951193b7f8.jpg,,,,
-2147481745,927,,,-2147483648,0,-32763,10620,,1,6,,2,Walk-in,Sites #900-965 (66),Trailer / motorhome,-2147483607,Campsite (less than 100m),,No,,Corner Site,,,No,,Regular Rate,,Back Centre,"Grass, Soil",,1,2,,None,,Average,No,Average,,,,Non-Electric,,18.0,Partial Shade - PM Sun,10.0,,,,https://reservations.ontarioparks.ca/images/ed00ee6f-0366-4554-b4f5-e33b4fb4aa81.jpg,https://reservations.ontarioparks.ca/images/812ae768-fdb6-40e7-b8b2-a7fbe17dfb26.jpg,,,,
-2147481531,928,,,-2147483648,0,-32763,10630,,1,6,,4,Walk-in,Sites #900-965 (66),Small trailer / pop-up,-2147483607,Privy,,No,,,,,No,,Regular Rate,,Back Left,"Grass, Soil",,1,2,,None,,Average,No,Average,,,,Non-Electric,,17.0,Partial Shade,13.0,,,,https://reservations.ontarioparks.ca/images/a32145c5-1513-428d-af8c-a3d1e2728b9c.jpg,https://reservations.ontarioparks.ca/images/9d2139c6-66bb-44b7-b8c4-7298011529fb.jpg,https://reservations.ontarioparks.ca/images/57e58d15-8d39-4a59-bdf6-3dcbee85aae5.jpg,,,
-2147481801,929,,,-2147483648,0,-32763,10640,,1,6,,2,Walk-in,Sites #900-965 (66),Trailer / motorhome,-2147483607,Privy,,No,,Corner Site,,,No,,Regular Rate,,Back Centre,"Grass, Soil",,1,2,,None,,Average,No,Average,,,,Non-Electric,,20.0,Partial Shade - PM Sun,10.0,,,,https://reservations.ontarioparks.ca/images/ae97f8ba-e068-47cb-8899-0f66096a8649.jpg,https://reservations.ontarioparks.ca/images/618e2a71-e0c7-44b7-b562-667d62759b4d.jpg,,,,
-2147481987,930,,,-2147483648,0,-32763,10650,,1,6,,2,Walk-in,Sites #900-965 (66),Tent only,-2147483607,Water Tap,,No,,,,,No,,Regular Rate,,Back Left,"Grass, Soil",,1,2,,None,,Average,No,Average,,,,Non-Electric,,13.0,Partial Shade - PM Sun,14.0,,,,https://reservations.ontarioparks.ca/images/8064b03c-ea7b-4bd8-9f51-9ef0a13f39dd.jpg,https://reservations.ontarioparks.ca/images/01adb939-e28e-447b-8c41-8145c45b3983.jpg,https://reservations.ontarioparks.ca/images/87e7cf6a-d2cf-488f-bff8-e7936983fa76.jpg,,,
-2147481513,931,,,-2147483648,0,-32763,10660,,1,6,,2,Walk-in,Sites #900-965 (66),Trailer / motorhome,-2147483607,Privy,,No,,,,,No,,Regular Rate,,Back Right,"Grass, Soil",,1,2,,,,Average,No,Average,,,,Non-Electric,,18.0,No Shade/Full Sun,18.0,,,,https://reservations.ontarioparks.ca/images/3b171741-b71e-4d1c-a27f-c2f1ff8a1c89.jpg,https://reservations.ontarioparks.ca/images/cddc2ef1-7a59-4ff1-9bb9-cb240e038edd.jpg,,,,
-2147481868,932,,,-2147483648,0,-32763,10670,,1,6,,2,Walk-in,Sites #900-965 (66),Tent only,-2147483607,Water Tap,,No,,,,,No,,Regular Rate,,Back Right,Grass,,1,2,,,,Poor,No,Poor,,,,Non-Electric,,11.0,No Shade/Full Sun,17.0,,,,https://reservations.ontarioparks.ca/images/ccb64767-c42a-4f93-a996-7c00b4665e69.jpg,https://reservations.ontarioparks.ca/images/3e468995-d7f9-429f-9495-94929cfc49f2.jpg,https://reservations.ontarioparks.ca/images/e46943d9-a33b-4691-a70f-1af19703a55d.jpg,,,
-2147481934,933,,,-2147483648,0,-32763,10680,,1,6,,1,Walk-in,Sites #900-965 (66),Tent only,-2147483607,Campsite (less than 100m),,No,,,,,No,,Regular Rate,,Back Right,"Grass, Soil",,1,2,,None,,Poor,No,Average,,,,Non-Electric,,17.0,Partial Shade - PM Sun,11.0,,,,https://reservations.ontarioparks.ca/images/f8103b05-e3ed-4b39-b75d-7afb8103970b.jpg,https://reservations.ontarioparks.ca/images/41be255a-0b1f-4cd5-b99b-5fb3e5a9252a.jpg,https://reservations.ontarioparks.ca/images/ae2e32fd-a4a7-4aa8-8e0b-68ea84542170.jpg,,,
-2147481565,934,,,-2147483648,0,-32763,10690,,1,6,,2,Walk-in,Sites #900-965 (66),Tent only,-2147483607,"Privy, Campsite (less than 100m)",,No,,,,,No,,Regular Rate,,Back Centre,"Grass, Soil",,1,2,,,,Average,No,Average,,,,Non-Electric,,17.0,Partial Shade,12.0,,,,https://reservations.ontarioparks.ca/images/604b682f-9f85-45a0-981e-653a0554701c.jpg,https://reservations.ontarioparks.ca/images/bb68c18f-c298-4728-97f1-ccd9a1707cb8.jpg,,,,
-2147481856,935,,,-2147483648,0,-32763,10700,,1,6,,3,Walk-in,Sites #900-965 (66),Trailer / motorhome,-2147483607,"Privy, Campsite (less than 100m)",,No,,Corner Site,,,No,,Regular Rate,,Middle Left,"Grass, Soil",,1,2,,,,Average,No,Average,,,,Non-Electric,,18.0,Partial Shade - PM Sun,13.0,,,,https://reservations.ontarioparks.ca/images/6e3e6734-5c03-43c6-871b-6fa0f1d69bec.jpg,https://reservations.ontarioparks.ca/images/506af482-d584-48e9-9127-74438ab0ec26.jpg,,,,
-2147481817,936,,,-2147483648,0,-32763,10710,,1,6,,2,Walk-in,Sites #900-965 (66),Tent only,-2147483607,Campsite (less than 100m),,No,,Corner Site,,,No,,Regular Rate,,Back Centre,"Grass, Soil",,1,2,,None,,Poor,No,Average,,,,Non-Electric,,14.0,Partial Shade,14.0,,,,https://reservations.ontarioparks.ca/images/fe9275b5-0c61-44d1-b765-22a4ea36796f.jpg,https://reservations.ontarioparks.ca/images/0268bc35-c45d-427a-acb6-581e115b0cea.jpg,https://reservations.ontarioparks.ca/images/12cbca5c-afd7-49eb-bfa3-94c7d1f87a60.jpg,,,
-2147482015,937,,,-2147483648,0,-32763,10720,,1,6,,2,Walk-in,Sites #900-965 (66),Tent only,-2147483607,,,No,,,,,No,,Regular Rate,,Back Left,"Grass, Soil",,1,2,,,,Average,No,Average,,,,Non-Electric,,14.0,Partial Shade - PM Sun,12.0,,,,https://reservations.ontarioparks.ca/images/5d77d788-ca66-4982-a8e8-53d7ec9f4889.jpg,https://reservations.ontarioparks.ca/images/194e4586-dcf4-4838-8950-f5361b075e84.jpg,,,,
-2147481551,938,,,-2147483648,0,-32763,10730,,1,6,,2,Walk-in,Sites #900-965 (66),Trailer / motorhome,-2147483607,Vehicle Parking,,No,,Split Level Site,,,No,,Regular Rate,,Back Right,"Gravel, Grass, Soil",,1,2,,None,,Good,No,Average,,,,Non-Electric,,19.0,Partial Shade - PM Sun,8.0,,,,https://reservations.ontarioparks.ca/images/e2dc2658-6927-4e6f-926d-5aa30e516719.jpg,https://reservations.ontarioparks.ca/images/426ce1df-38f2-40e3-9671-28d845fe608e.jpg,,,,
-2147481842,939,,,-2147483648,0,-32763,10740,,1,6,,2,Walk-in,Sites #900-965 (66),Tent only,-2147483607,Campsite (less than 100m),,No,,Corner Site,,,No,,Regular Rate,,Back Right,"Grass, Soil",,1,2,,None,,Average,No,Average,,,,Non-Electric,,14.0,Partial Shade - PM Sun,13.0,,,,https://reservations.ontarioparks.ca/images/e89bc26b-821b-48d9-a5c1-f5c41a62d872.jpg,https://reservations.ontarioparks.ca/images/a00d250b-b3c4-4789-a6b0-ba754f4c1a36.jpg,https://reservations.ontarioparks.ca/images/aa304dac-2aad-4dc7-9512-0c04f07712e0.jpg,,,
-2147481527,940,,,-2147483648,0,-32763,10750,,1,6,,2,Walk-in,Sites #900-965 (66),Trailer / motorhome,-2147483607,Campsite (less than 100m),,No,,Corner Site,,,No,,Regular Rate,,Back Left,Soil,,1,2,,None,,Average,No,Average,,,,Non-Electric,,18.0,Partial Shade - PM Sun,11.0,,,,https://reservations.ontarioparks.ca/images/ed8a2db0-f85c-4ddd-944a-6d67592406c6.jpg,https://reservations.ontarioparks.ca/images/81c02894-6e1f-4060-b1db-0012244cc2e7.jpg,,,,
-2147481709,941,,,-2147483648,0,-32763,10760,,1,6,,2,Walk-in,Sites #900-965 (66),Tent only,-2147483607,,,No,,Corner Site,,,No,,Regular Rate,,Back Left,Soil,,1,2,,None,,Average,No,Average,,,,Non-Electric,,11.0,Partial Shade - PM Sun,13.0,,,,https://reservations.ontarioparks.ca/images/f684c6e5-c880-4fda-97ba-648c14c209fb.jpg,https://reservations.ontarioparks.ca/images/c4c24280-a2a8-47d0-8c2c-194810d434dc.jpg,https://reservations.ontarioparks.ca/images/f4f303e0-c6f0-41df-b5e3-da43f89253bb.jpg,,,
-2147481823,942,,,-2147483648,0,-32763,10770,,1,6,,2,Walk-in,Sites #900-965 (66),Trailer / motorhome,-2147483607,,,No,,"Poison Ivy, Corner Site",,,No,,Regular Rate,,Back Right,Soil,,1,2,,None,,Average,No,Average,,,,Non-Electric,,19.0,Partial Shade - PM Sun,7.0,,,,https://reservations.ontarioparks.ca/images/61c814fd-2df8-490a-93c3-35a531be041a.jpg,https://reservations.ontarioparks.ca/images/4b4ce59b-6088-4392-a041-31c5a48d6bbb.jpg,,,,
-2147481944,943,,,-2147483648,0,-32763,10780,,1,6,,3,Walk-in,Sites #900-965 (66),Small trailer / pop-up,-2147483607,,,No,,,,,No,,Regular Rate,,Back Left,"Grass, Soil",,1,2,,,,Poor,No,Average,,,,Non-Electric,,13.0,No Shade/Full Sun,20.0,,,,https://reservations.ontarioparks.ca/images/d928f735-5202-4446-b9f6-9b48b8161b7c.jpg,https://reservations.ontarioparks.ca/images/bb829625-f19e-4c0e-a2b7-f47f562382af.jpg,,,,
-2147481940,944,,,-2147483648,0,-32763,10790,,1,6,,4,Walk-in,Sites #900-965 (66),Small trailer / pop-up,-2147483607,Water Tap,,No,,,,,No,,Regular Rate,,Back Centre,"Grass, Soil",,1,2,,,,Average,No,Average,,,,Non-Electric,,17.0,No Shade/Full Sun,20.0,,,,https://reservations.ontarioparks.ca/images/63dbb457-be23-4ac5-9612-c8b361d29b8e.jpg,https://reservations.ontarioparks.ca/images/cfd3abd3-6659-4e19-977a-e6cc10f74c89.jpg,,,,
-2147481684,945,,,-2147483648,0,-32763,10800,,1,6,,1,Walk-in,Sites #900-965 (66),Tent only,-2147483607,,,No,,,,,No,,Regular Rate,,Back Right,Grass,,1,2,,,,Average,No,Average,,,,Non-Electric,,11.0,No Shade/Full Sun,11.0,,,,https://reservations.ontarioparks.ca/images/d14125b7-75dc-4ee9-890d-1eedb74fd245.jpg,https://reservations.ontarioparks.ca/images/687c7897-bc0b-49f2-89cb-b88efd132bac.jpg,,,,
-2147481894,946,,,-2147483648,0,-32763,10810,,1,6,,4,Walk-in,Sites #900-965 (66),Trailer / motorhome,-2147483607,Water Tap,,No,,,,,No,,Regular Rate,,Back Centre,"Grass, Soil",,1,2,,,,Poor,No,Average,,,,Non-Electric,,20.0,No Shade/Full Sun,24.0,,,,https://reservations.ontarioparks.ca/images/0409ffc1-95b2-42d2-96ed-097d83e9778c.jpg,https://reservations.ontarioparks.ca/images/4138234e-4455-41df-a70c-88676043ca3a.jpg,,,,
-2147481779,947,,,-2147483648,0,-32763,10820,,1,6,,2,Walk-in,Sites #900-965 (66),Tent only,-2147483607,"Privy, Campsite (less than 100m)",,No,,Corner Site,,,No,,Regular Rate,,Back Left,"Grass, Soil",Tree(s),1,2,,Slight,,Average,No,Average,,,,Non-Electric,,13.0,Partial Shade - PM Sun,13.0,,,,https://reservations.ontarioparks.ca/images/e72d1010-dcd9-4502-baf8-dbf6b91fc32a.jpg,https://reservations.ontarioparks.ca/images/3b5cb57a-20d0-455f-8691-e6fe4cb76a2f.jpg,,,,
-2147481662,948,,,-2147483648,0,-32763,10830,,1,6,,1,Walk-in,Sites #900-965 (66),Trailer / motorhome,-2147483607,Privy,,No,,,,,No,,Regular Rate,,Back Right,"Grass, Soil",,1,2,,None,,Average,No,Average,,,,Non-Electric,,18.0,Partial Shade - PM Sun,10.0,,,,https://reservations.ontarioparks.ca/images/7a4af633-d201-4d4f-97bc-5b710213390e.jpg,https://reservations.ontarioparks.ca/images/7e4b08d6-db28-4292-b73c-c664c7be0919.jpg,,,,
-2147481729,949,,,-2147483648,0,-32763,10840,,1,6,,4,Walk-in,Sites #900-965 (66),Small trailer / pop-up,-2147483607,"Privy, Water Tap",,No,,"Poor Drainage, Corner Site",,,No,,Regular Rate,,Back Right,Grass,,1,2,,,,Average,No,Average,,,,Non-Electric,,13.0,Partial Shade - PM Sun,20.0,,,,https://reservations.ontarioparks.ca/images/b0e75bc0-763c-4f54-a375-54dd7e74aa46.jpg,https://reservations.ontarioparks.ca/images/3aaa2ed2-648e-48c2-adc9-b5dd9aa9ff6a.jpg,,,,
-2147481639,950,,Must be booked with site 963 as a double site.,-2147483648,0,-32763,10850,,1,6,,4,Walk-in,Sites #900-965 (66),RV / big rig,-2147483607,Campsite (less than 100m),,No,,"Windy, Poor Drainage, Corner Site",,,Yes,,Regular Rate,,Middle Right,"Grass, Soil",,1,2,,,,Poor,No,Average,,,,Non-Electric,,24.0,No Shade/Full Sun,16.0,,,,https://reservations.ontarioparks.ca/images/eeededaa-5c39-4c69-8aef-89df3afa9ae3.jpg,https://reservations.ontarioparks.ca/images/fd71138b-cf1a-4576-963e-6e6223984a23.jpg,https://reservations.ontarioparks.ca/images/4a392995-73db-4bdf-9777-a4304f203285.jpg,,,
-2147481651,951,,,-2147483648,0,-32763,10860,,1,6,,1,Walk-in,Sites #900-965 (66),Tent only,-2147483607,"Privy, Water Tap",,No,,Poor Drainage,,,No,,Regular Rate,,Back Centre,"Gravel, Grass",,1,2,,None,,Average,No,Average,,,,Non-Electric,,14.0,Partial Shade,13.0,,,,https://reservations.ontarioparks.ca/images/a507e58b-b378-4bb1-8835-5841d9b930b4.jpg,https://reservations.ontarioparks.ca/images/97a9d37c-cbfa-40d2-b8c6-13efc8793030.jpg,,,,
-2147481873,952,,,-2147483648,0,-32763,10870,,1,6,,2,Walk-in,Sites #900-965 (66),Tent only,-2147483607,Campsite (less than 100m),,No,,Poor Drainage,,,No,,Regular Rate,,Back Right,"Grass, Soil",,1,2,,None,,Average,No,Average,,,,Non-Electric,,16.0,Partial Shade,17.0,,,,https://reservations.ontarioparks.ca/images/0b6d10f2-387d-4239-a88b-ea3c9b663f88.jpg,https://reservations.ontarioparks.ca/images/23582eda-4436-47cb-9946-f51ddc421b04.jpg,,,,
-2147481640,953,,,-2147483648,0,-32763,10880,,1,6,,2,Walk-in,Sites #900-965 (66),Tent only,-2147483607,Campsite (less than 100m),,No,,Corner Site,,,No,,Regular Rate,,Back Centre,"Grass, Soil",,1,2,,None,,Average,No,Average,,,,Non-Electric,,14.0,Partial Shade - PM Sun,10.0,,,,https://reservations.ontarioparks.ca/images/29fbd46f-569a-4907-aa10-401a730ab0f5.jpg,https://reservations.ontarioparks.ca/images/edffa738-6bed-4f43-b35f-dc50525db491.jpg,https://reservations.ontarioparks.ca/images/f65380d1-f5c7-40c3-9c30-0bbb3f928a29.jpg,,,
-2147481920,954,,,-2147483648,0,-32763,10890,,1,6,,1,Walk-in,Sites #900-965 (66),Tent only,-2147483607,,,No,,Above Avg. Vehicular Traffic,,,No,,Regular Rate,,Back Centre,"Grass, Soil",,1,2,,None,,Average,No,Average,,,,Non-Electric,,11.0,No Shade/Full Sun,35.0,,,,https://reservations.ontarioparks.ca/images/3faae884-efef-48f3-a52e-5599dd1f7971.jpg,https://reservations.ontarioparks.ca/images/51a3c1d8-b67b-44ef-a227-8faee032aa0d.jpg,https://reservations.ontarioparks.ca/images/9622d4c4-205c-4ee2-a8bc-fcdd4f3f61d8.jpg,,,
-2147481803,955,,,-2147483648,0,-32763,10900,,1,6,,2,Walk-in,Sites #900-965 (66),Tent only,-2147483607,Campsite (less than 100m),,No,,Corner Site,,,No,,Regular Rate,,Back Centre,"Grass, Soil",,1,2,,None,,Good,No,Average,,,,Non-Electric,,14.0,Partial Shade - PM Sun,13.0,,,,https://reservations.ontarioparks.ca/images/e5994510-b13d-4c96-9ff3-14c30674be9b.jpg,https://reservations.ontarioparks.ca/images/fbcf5db6-cee5-4cbd-b84f-955e14679a14.jpg,https://reservations.ontarioparks.ca/images/84ba25d2-ffb1-421b-8df8-90006789bbff.jpg,,,
-2147481864,956,,,-2147483648,0,-32763,10910,,1,6,,4,Walk-in,Sites #900-965 (66),Small trailer / pop-up,-2147483607,,,No,,,,,No,,Regular Rate,,Back Centre,"Grass, Soil",,1,2,,None,,Average,No,Average,,,,Non-Electric,,17.0,No Shade/Full Sun,36.0,,,,https://reservations.ontarioparks.ca/images/993fc265-ca8c-493b-b475-dc8ae0c9a9f0.jpg,https://reservations.ontarioparks.ca/images/4c93aba6-56a9-4c9b-abae-baa13dd35db7.jpg,,,,
-2147481578,957,,,-2147483648,0,-32763,10920,,1,6,,2,Walk-in,Sites #900-965 (66),Tent only,-2147483607,,,No,,,,,No,,Regular Rate,,Back Right,"Grass, Soil",,1,2,,None,,Average,No,Average,,,,Non-Electric,,17.0,No Shade/Full Sun,17.0,,,,https://reservations.ontarioparks.ca/images/9d36b7d0-1f74-4a54-81a9-4608d6253519.jpg,https://reservations.ontarioparks.ca/images/f60826da-30a9-4dd2-8777-c6960b87a38c.jpg,https://reservations.ontarioparks.ca/images/0af65639-dbd2-403e-b745-5e4959acfe67.jpg,,,
-2147481537,958,,,-2147483648,0,-32763,10930,,1,6,,4,Walk-in,Sites #900-965 (66),Trailer / motorhome,-2147483607,,,No,,,,,No,,Regular Rate,,Back Centre,"Grass, Soil",Tree(s),1,2,,,,Average,No,Average,,,,Non-Electric,,22.0,Partial Shade,11.0,,,,https://reservations.ontarioparks.ca/images/1bee4b7a-5fda-449e-9ce9-6b93b90723ca.jpg,https://reservations.ontarioparks.ca/images/ce3f30fc-37c6-4112-9118-7b895c6f6b02.jpg,https://reservations.ontarioparks.ca/images/0107d5f1-474b-4770-8935-e13746afdc27.jpg,,,
-2147481962,959,,,-2147483648,0,-32763,10940,,1,6,,3,Walk-in,Sites #900-965 (66),Trailer / motorhome,-2147483607,Campsite (less than 100m),,No,,,,,No,,Regular Rate,,Back Right,Grass,,1,2,,None,,Average,No,Average,,,,Non-Electric,,20.0,Full Shade,17.0,,,,https://reservations.ontarioparks.ca/images/d40d535f-73ec-47a1-98eb-5a20abd69117.jpg,https://reservations.ontarioparks.ca/images/61829a69-3d92-47da-a4b3-6569b4540cb6.jpg,https://reservations.ontarioparks.ca/images/e3f67fc9-dee1-4287-a3fa-bed8214a6ae6.jpg,,,
-2147481711,960,,,-2147483648,0,-32763,10950,,1,6,,3,Walk-in,Sites #900-965 (66),Trailer / motorhome,-2147483607,Campsite (less than 100m),,No,,,,,No,,Regular Rate,,Back Left,Grass,,1,2,,,,Average,No,Average,,,,Non-Electric,,20.0,Partial Shade - PM Sun,13.0,,,,https://reservations.ontarioparks.ca/images/ebb6bc1c-99d7-4cdf-9d47-4b93b512101f.jpg,https://reservations.ontarioparks.ca/images/71551d61-3db0-4470-8cf0-79eb14e36156.jpg,,,,
-2147481577,961,,,-2147483648,0,-32763,10960,,1,6,,2,Walk-in,Sites #900-965 (66),Tent only,-2147483607,Campsite (less than 100m),,No,,,,,No,,Regular Rate,,Back Centre,Grass,,1,2,,None,,Average,No,Average,,,,Non-Electric,,14.0,Partial Shade - PM Sun,20.0,,,,https://reservations.ontarioparks.ca/images/22aa8d9e-774f-4977-b31f-e9e1c3eaf433.jpg,https://reservations.ontarioparks.ca/images/13963ab2-6afc-4e9f-a77a-9be787406758.jpg,https://reservations.ontarioparks.ca/images/1422ce45-4e31-49d0-81a0-4352855e3077.jpg,,,
-2147481550,962,,,-2147483648,0,-32763,10970,,1,6,,3,Walk-in,Sites #900-965 (66),RV / big rig,-2147483607,Campsite (less than 100m),,No,,,,,No,,Regular Rate,,Back Centre,"Grass, Soil",Tree(s),1,2,,None,,Average,No,Average,,,,Non-Electric,,24.0,Partial Shade - PM Sun,15.0,,,,https://reservations.ontarioparks.ca/images/f49ed39a-926b-4c93-a0a1-9c8e0131dcb9.jpg,https://reservations.ontarioparks.ca/images/0d1da9ad-9a08-4040-9272-2d4424eb7b0a.jpg,,,,
-2147481546,963,,Site must be booked with site 950 as a double site.,-2147483648,0,-32763,10980,,1,6,,4,Walk-in,Sites #900-965 (66),Trailer / motorhome,-2147483607,Campsite (less than 100m),,No,,Corner Site,,,Yes,,Regular Rate,,Back Left,"Grass, Soil",,1,2,,None,,Poor,No,Average,,,,Non-Electric,,20.0,No Shade/Full Sun,17.0,,,,https://reservations.ontarioparks.ca/images/fda0ec50-6f03-40d5-a175-62300145d9c8.jpg,https://reservations.ontarioparks.ca/images/a55e322b-d997-4363-ad45-0f9473e5b055.jpg,https://reservations.ontarioparks.ca/images/aa1e1ca1-06d0-401f-a570-8b3dc1818b3d.jpg,,,
-2147481836,964,,,-2147483648,0,-32763,10990,,1,6,,3,Walk-in,Sites #900-965 (66),RV / big rig,-2147483607,,,No,,,,,No,,Regular Rate,,Back Right,"Grass, Soil",Tree(s),1,2,,None,,Average,No,Average,,,,Non-Electric,,24.0,Full Shade,12.0,,,,https://reservations.ontarioparks.ca/images/e7b93655-edac-4848-8752-ff815413e272.jpg,https://reservations.ontarioparks.ca/images/caef40da-9424-4207-b464-1e171e2b17b0.jpg,https://reservations.ontarioparks.ca/images/4d89fbf5-68cf-4915-af06-00dcb1df27d9.jpg,,,
-2147481941,965,,,-2147483648,0,-32763,11000,,1,6,,2,Walk-in,Sites #900-965 (66),Tent only,-2147483607,,,No,,Corner Site,,,No,,Regular Rate,,Back Right,Grass,,1,2,,None,,Average,No,Average,,,,Non-Electric,,17.0,Partial Shade,13.0,,,,https://reservations.ontarioparks.ca/images/abf78654-9734-4b5a-9026-8425c7278d51.jpg,https://reservations.ontarioparks.ca/images/ecacc800-c70e-4bcd-98eb-8725bb569782.jpg,,,,
-2147481687,RA1,,<b>NEW for 2026:</b> The maximum occupancy for this cottage has been lowered to 6 people.,-2147483644,0,-31721,120,,,6,,0,Reserved,Sites #100-128 (30),Other / special,-2147483613,,,,,,Indoor,No,No,15 Amps,Regular Rate,,Centre,Grass,,,4,,,,,,,No Pets,No,9.0,Electric,Indoor,,Partial Shade,,"Two Double Beds, Queen Bed, Single/Double Bunk Bed",Indoor,Indoor,https://reservations.ontarioparks.ca/images/f06140e1-3180-4ce4-b46d-ad6a3d6eec60.jpg,https://reservations.ontarioparks.ca/images/460ede17-1c79-466d-8f94-9dcc25b334c7.jpg,https://reservations.ontarioparks.ca/images/76c7ad9d-5af0-4b88-b496-75fcc1b200e7.jpg,https://reservations.ontarioparks.ca/images/8d51a368-7d08-4deb-96c9-7ccea7b4f34c.jpg,https://reservations.ontarioparks.ca/images/bcf8ee32-93c7-411b-b893-ab4f04ad23bd.jpg,https://reservations.ontarioparks.ca/images/6a9228d2-88d7-44e7-85f5-d2c932d0ab37.jpg
-2147481701,T1,,,-2147483642,0,-32432,70,,,,,0,,T sites (5),Other / special,-2147483603,,,No,,,,,No,,Regular Rate,,,,,0,0,,,,,,,,,,Non-Electric,,,,,,,,,,,,,
-2147481984,T2,,,-2147483642,0,-32432,80,,,,,0,,T sites (5),Other / special,-2147483603,,,No,,,,,No,,Regular Rate,,,,,0,0,,,,,,,,,,Non-Electric,,,,,,,,,,,,,
-2147481865,T3,,,-2147483642,0,-32432,90,,,,,0,,T sites (5),Other / special,-2147483603,,,No,,,,,No,,Regular Rate,,,,,0,0,,,,,,,,,,Non-Electric,,,,,,,,,,,,,
-2147481772,T4,,,-2147483642,0,-32432,100,,,,,0,,T sites (5),Other / special,-2147483603,,,No,,,,,No,,Regular Rate,,,,,0,0,,,,,,,,,,Non-Electric,,,,,,,,,,,,,
-2147481688,T5,,,-2147483642,0,-32432,110,,,,,0,,T sites (5),Other / special,-2147483603,,,No,,,,,No,,Regular Rate,,,,,0,0,,,,,,,,,,Non-Electric,,,,,,,,,,,,,
-2147481747,Picnic Shelter 1,,Contact the park (705-454-3324) to reserve.,-2147483636,0,-32423,130,,,100,,0,Walk-in,Picnic shelters (3),Other / special,-2147483083,,Yes,No,Yes,,,,No,,,No,,,,,0,,,Yes,,,,,,,Non-Electric,,21.9456,,3.6576,,,,,,,,,
-2147481645,Picnic Shelter 2,,Contact the park (705-454-3324) to reserve.,-2147483636,0,-32423,140,,,100,,0,Walk-in,Picnic shelters (3),Other / special,-2147483083,,Yes,No,Yes,,,,No,,,No,,,,,0,,,Yes,,,,,,,Non-Electric,,21.9456,,3.6576,,,,,,,,,
-2147481528,Picnic Shelter 3,,Contact the park (705-454-3324) to reserve.,-2147483636,0,-32423,150,,,100,,0,Walk-in,Picnic shelters (3),Other / special,-2147483083,,Yes,No,Yes,,,,No,,,No,,,,,0,,,Yes,,,,,,,Non-Electric,,21.9456,,3.6576,,,,,,,,,
-2147460388,Bike,,,-2147483608,2,-32023,13000,,,,,0,,Rentals · day-use (12),Other / special,,,,,,,,,,,,,,,,,,,,,,,,,,,,,,,,,,,,,,,,
-2147460390,Canoe,,,-2147483602,2,-32274,13010,,,,,0,,Rentals · day-use (12),Other / special,,,,,,,,,,,,,,,,,,,,,,,,,,,,,,,,,,,,,,,,
-2147461023,Kayak - Single,,,-2147483596,2,-32272,13020,,,,,0,,Rentals · day-use (12),Other / special,,,,,,,,,,,,,,,,,,,,,,,,,,,,,,,,,,,,,,,,
-2147461019,Paddle Boat - 2P,,,-2147483593,2,-32265,13055,,,,,0,,Rentals · day-use (12),Other / special,,,,,,,,,,,,,,,,,,,,,,,,,,,,,,,,,,,,,,,,
-2147461018,Paddle Boat - 4P,,,-2147483593,2,-32264,13050,,,,,0,,Rentals · day-use (12),Other / special,,,,,,,,,,,,,,,,,,,,,,,,,,,,,,,,,,,,,,,,
-2147459908,SUP,,,-2147483592,2,-31799,13100,,,,,0,,Rentals · day-use (12),Other / special,,,,,,,,,,,,,,,,,,,,,,,,,,,,,,,,,,,,,,,,
-2147461021,Water Hammock,,,-2147483591,2,-32267,13040,,,,,0,,Rentals · day-use (12),Other / special,,,,,,,,,,,,,,,,,,,,,,,,,,,,,,,,,,,,,,,,
-2147461020,Floater Mat,,,-2147483591,2,-32266,13045,,,,,0,,Rentals · day-use (12),Other / special,,,,,,,,,,,,,,,,,,,,,,,,,,,,,,,,,,,,,,,,
-2147460543,Deposit - Water/Bike,,,-2147483589,2,-32094,13060,,,,,0,,Rentals · day-use (12),Other / special,,,,,,,,,,,,,,,,,,,,,,,,,,,,,,,,,,,,,,,,
-2147460542,Deposit - Safety Kit,,,-2147483589,2,-32094,13070,,,,,0,,Rentals · day-use (12),Other / special,,,,,,,,,,,,,,,,,,,,,,,,,,,,,,,,,,,,,,,,
-2147460541,Deposit - PFD,,,-2147483589,2,-32094,13080,,,,,0,,Rentals · day-use (12),Other / special,,,,,,,,,,,,,,,,,,,,,,,,,,,,,,,,,,,,,,,,
-2147460539,Deposit - Ext Cord,,,-2147483589,2,-32093,13090,,,,,0,,Rentals · day-use (12),Other / special,,,,,,,,,,,,,,,,,,,,,,,,,,,,,,,,,,,,,,,,
-2147459150,DVP InPark - Day Use,,,-2147483586,2,-31568,14020,1,,,,0,,Permits (5),Other / special,-2147483614,,,,,,,,,,,,,,,,,,,,,,,,,,,,,,,,,,,,,,,
-2147459149,DVP InPark - Boat Launch,,,-2147483586,2,-31568,14030,1,,,,0,,Permits (5),Other / special,-2147483614,,,,,,,,,,,,,,,,,,,,,,,,,,,,,,,,,,,,,,,
-2147459152,DVP - Day Use,,This Permit is valid from 8:00 am to 10:00 pm for general day use.,-2147483585,2,-31568,14000,1,,,,0,Reserved,Permits (5),Other / special,-2147483614,,,,,,,,,,,,,,,,,,,,,,,,,,,,,,,,,,https://reservations.ontarioparks.ca/images/4e3b212d-0ee6-4648-add4-9ad6a36b09c9.png,,,,,
-2147459151,DVP - Boat Launch,,This Permit is valid from 8:00 am to 10:00 pm for launching boats and use of parking lots 10 & 11.,-2147483585,2,-31568,14010,1,,,,0,Reserved,Permits (5),Other / special,-2147483614,,,,,,,,,,,,,,,,,,,,,,,,,,,,,,,,,,https://reservations.ontarioparks.ca/images/67ec5898-d1d6-4114-a65d-4ab0b0c12014.png,,,,,
-2147457584,Bus Permit,,,-2147483583,2,-31748,14040,1,,,,0,Reserved,Permits (5),Other / special,-2147483614,,,,,,,,,,,,,,,,,,,,,,,,,,,,,,,,,,,,,,,
