resourceId,name,area,description,resourceCategoryId,resourceModel,feeScheduleId,order,maxStay,minCapacity,maxCapacity,zoneCapacity,allowedEquipment,Adjacent To,Barrier Free,Conditions,Cooking Facilities,Dogs Allowed,Double Site,Electrical Service,Exposure,Fee Type,Fire Pit,Fire Pit Available,Fire Pit Location,Ground Cover,Number of Tent Pads,Obstructions,Off-Site Vehicle Parking,On-Site Vehicle Parking,Pad Slope,Park-Private,Picnic Table,Privacy,Pull-through,Quality,Restrictions,Roofed Barrier Free,Rooms,Service Type,Shoreline Access,Shower Distance (m),Shower Type,Site Length (m),Site Shade,Site Width (m),Sleeping Configuration,Swimming Conditions,Toilet,Toilet Distance (m),Toilet Type,Water Tap,Water Tap Distance (m),photo1,photo2,photo3,photo4,photo5,photo6
-2147475340,H54 A.Y. Jackson L.,A.Y. Jackson L.,,-2147483640,2,-32736,9540,1,1,6,1,,"Body of Water, Sentier multi-usage",No,,,,No,,South,Regular Rate,Rocks,Yes,Back Centre,Rock(s),,"Tree(s), Root(s)",,,Slight,,No,Good,,Good,"Tents Only, Generator Free",,,,Easy,,,,Partial Shade,,,"Weeds Present, Rock Shoreline",,,Privy Box,,,,,,,,
-2147475300,H3 Acid Lake,Acid Lake,,-2147483640,2,-32736,9030,1,1,6,1,,"Body of Water, Sentier multi-usage",No,,,,No,,West,Regular Rate,Rocks,Yes,Front Centre,"Soil, Rock(s)",2,"Rock(s), Tree(s)",,,Slight,,No,Good,,Good,"Tents Only, Generator Free",,,,Moderate,,,,Partial Shade,,,Rock Shoreline,,,Privy Box,,,,,,,,
-2147475141,H4 Acid Lake,Acid Lake,,-2147483640,2,-32736,9040,1,1,6,1,,"Body of Water, Sentier multi-usage",No,,,,No,,,Regular Rate,Rocks,Yes,,"Soil, Rock(s)",,"Rock(s), Tree(s)",,,,,No,,,Good,"Tents Only, Generator Free",,,,,,,,,,,Rock Shoreline,,,,,,,,,,,
-2147459697,81 - Baie Fine,Baie Fine,,-2147483641,2,-32736,3810,,1,9,1,,Body of Water,No,Above Avg. Vehicular Traffic,,,No,,"North, East",Regular Rate,Rocks,Yes,Centre,"Soil, Rock(s)",4,Tree(s),,,Moderate,,No,Good,,Good,"Tents Only, Generator Free",,,,Easy,,,,Partial Shade - AM Sun,,,Soft Bottom,,,Privy Box,,,https://reservations.ontarioparks.ca/images/57aaced1-8037-43b3-b474-4103bea60b8c.jpg,https://reservations.ontarioparks.ca/images/f0db4b86-5efb-4f2f-9bcd-4f0c1f19f3f3.jpg,https://reservations.ontarioparks.ca/images/265dab67-3a7d-4d1b-b17b-d9d2849c6e32.jpg,https://reservations.ontarioparks.ca/images/08584e32-e42c-44c8-bceb-750c7103beae.jpg,https://reservations.ontarioparks.ca/images/251b4998-2943-43ad-845a-fbe01f8af94a.jpg,
-2147459696,82 - Baie Fine,Baie Fine,,-2147483641,2,-32736,3820,,1,9,1,,Body of Water,No,Above Avg. Vehicular Traffic,,,No,,North,Regular Rate,Rocks,Yes,Front Left,"Soil, Rock(s)",4,Tree(s),,,None,,No,Good,,Good,"Tents Only, Generator Free",,,,Easy,,,,Partial Shade,,,Light Current,,,Privy Box,,,https://reservations.ontarioparks.ca/images/94485355-a2b3-4ee7-a440-e4590bb54d89.jpg,https://reservations.ontarioparks.ca/images/20742750-0958-4c81-bf1f-d5591440eec5.jpg,https://reservations.ontarioparks.ca/images/7261e049-8c63-4e63-b9f4-e7fc58734709.jpg,https://reservations.ontarioparks.ca/images/2e7f49ed-7d34-416c-80ce-22fd8232b26e.jpg,https://reservations.ontarioparks.ca/images/c4ad0477-739e-4469-b32b-61f465888749.jpg,
-2147459695,83 - Baie Fine,Baie Fine,,-2147483641,2,-32736,3830,,1,9,1,,Body of Water,No,Above Avg. Vehicular Traffic,,,No,,South,Regular Rate,Rocks,Yes,Front Centre,"Soil, Rock(s)",4,Tree(s),,,None,,No,Good,,Good,"Tents Only, Generator Free",,,,Easy,,,,Partial Shade,,,Light Current,,,Privy Box,,,https://reservations.ontarioparks.ca/images/6e960f6f-6a4c-4226-85f1-5775821b11e0.jpg,https://reservations.ontarioparks.ca/images/3a131bc7-4f23-4a30-9c26-99f7720cea1c.jpg,https://reservations.ontarioparks.ca/images/2aaaf915-17f9-42c7-9eca-1c0af66b98a8.jpg,https://reservations.ontarioparks.ca/images/f207957d-52c0-4fcb-ab90-b93065b851fe.jpg,https://reservations.ontarioparks.ca/images/323faf7f-6697-4f00-a943-1fc61e477997.jpg,
-2147459659,151 - Balsam Lake,Balsam Lake,,-2147483641,2,-32736,4510,,1,9,1,,Body of Water,No,,,,No,,West,Regular Rate,Rocks,Yes,Centre,"Soil, Rock(s)",4,"Tree(s), Root(s)",,,None,,No,Good,,Good,"Tents Only, Generator Free",,,,Easy,,,,Partial Shade - PM Sun,,,Rock Shoreline,,,Privy Box,,,https://reservations.ontarioparks.ca/images/e15e53c4-357a-432f-be60-a0882e7c9bec.jpg,https://reservations.ontarioparks.ca/images/349708b6-92de-4c6d-b81f-bc6e6f33bfe3.jpg,https://reservations.ontarioparks.ca/images/6e26481f-4003-49f0-900d-5492e46f09da.jpg,,,
-2147459658,152 - Balsam Lake,Balsam Lake,,-2147483641,2,-32736,4520,,1,9,1,,Body of Water,No,,,,No,,East,Regular Rate,Rocks,Yes,Back Centre,"Soil, Rock(s)",4,"Tree(s), Root(s)",,,Slight,,No,Good,,Good,"Tents Only, Generator Free",,,,Easy,,,,Partial Shade - AM Sun,,,Rock Shoreline,,,Privy Box,,,https://reservations.ontarioparks.ca/images/c6d984fb-e498-4d84-8480-33b3d319a73a.jpg,https://reservations.ontarioparks.ca/images/381afb44-7f4f-4643-a995-c26c9f6f1ea5.jpg,https://reservations.ontarioparks.ca/images/1b8d1e45-8c4a-48d7-9387-f284249fceda.jpg,,,
-2147459657,153 - Balsam Lake,Balsam Lake,,-2147483641,2,-32736,4530,,1,9,1,,Body of Water,No,Island Site,,,No,,"North, East",Regular Rate,Rocks,Yes,Front Centre,Soil,3,"Tree(s), Root(s)",,,None,,No,Good,,Good,"Tents Only, Generator Free",,,,Easy,,,,Partial Shade - AM Sun,,,"Weeds Present, Soft Bottom",,,Privy Box,,,https://reservations.ontarioparks.ca/images/1499f709-844b-4764-8b24-cc81f63a34ee.jpg,https://reservations.ontarioparks.ca/images/6b3191ab-1fd0-489a-a37c-c33f4ad991d8.jpg,https://reservations.ontarioparks.ca/images/e5aea770-8454-475e-af9c-f976d0289444.jpg,https://reservations.ontarioparks.ca/images/1c3e6985-6cc8-421d-a995-9235e91d4e46.jpg,,
-2147459656,154 - Balsam Lake,Balsam Lake,,-2147483641,2,-32736,4540,,1,9,1,,Body of Water,No,,,,No,,West,Regular Rate,Rocks,Yes,Centre,"Soil, Rock(s)",4,"Tree(s), Root(s)",,,Slight,,No,Good,,Good,"Tents Only, Generator Free",,,,Easy,,,,Partial Shade - PM Sun,,,Rock Shoreline,,,Privy Box,,,https://reservations.ontarioparks.ca/images/1dd33bd3-bc33-45c7-bbad-7170179d0218.jpg,https://reservations.ontarioparks.ca/images/244deec2-0363-49d6-870b-b8fbddd197a7.jpg,https://reservations.ontarioparks.ca/images/76f6d988-863b-404f-ae17-d929a7988610.jpg,,,
-2147459654,155 - Balsam Lake,Balsam Lake,,-2147483641,2,-32736,4550,,1,9,1,,Body of Water,No,Island Site,,,No,,"East, West",Regular Rate,Rocks,Yes,Front Centre,"Soil, Rock(s)",4,"Tree(s), Root(s), Stumps",,,None,,No,Average,,Average,"Tents Only, Generator Free",,,,Easy,,,,Partial Shade - AM Sun,,,"Weeds Present, Rock Shoreline",,,Privy Box,,,https://reservations.ontarioparks.ca/images/af928dac-53b7-4b83-a9be-01fa497a1288.jpg,https://reservations.ontarioparks.ca/images/f31f8625-1798-4bbd-83f4-d2e8880d1268.jpg,https://reservations.ontarioparks.ca/images/a40aed8c-4334-477e-9be5-276963a51be5.jpg,https://reservations.ontarioparks.ca/images/2bbad2ed-3a87-4a38-85fe-7ef165e9492c.jpg,,
-2147459655,156 - Balsam Lake,Balsam Lake,,-2147483641,2,-32736,4560,,1,9,1,,Body of Water,No,Island Site,,,No,,East,Regular Rate,Rocks,Yes,Centre,"Soil, Rock(s)",4,"Tree(s), Root(s), Stumps",,,None,,No,Average,,Average,"Tents Only, Generator Free",,,,Easy,,,,Partial Shade - AM Sun,,,Rock Shoreline,,,Privy Box,,,https://reservations.ontarioparks.ca/images/676c7a00-ed37-4036-b1d0-6f74c4230855.jpg,https://reservations.ontarioparks.ca/images/b5f3dcda-d6ce-4476-b9d5-a52595f47007.jpg,https://reservations.ontarioparks.ca/images/2a764544-1030-49a1-a86d-562fcf91ecfc.jpg,,,
-2147459653,157 - Balsam Lake,Balsam Lake,,-2147483641,2,-32736,4570,,1,9,1,,Body of Water,No,,,,No,,West,Regular Rate,Rocks,Yes,Centre,"Soil, Rock(s)",4,"Tree(s), Root(s)",,,Slight,,No,Good,,Good,"Tents Only, Generator Free",,,,Easy,,,,Partial Shade - PM Sun,,,"Weeds Present, Rock Shoreline",,,Privy Box,,,https://reservations.ontarioparks.ca/images/37109251-334b-409e-90d2-21273214a8e2.jpg,https://reservations.ontarioparks.ca/images/c63bd749-b424-4bab-b491-08b11cfb46a6.jpg,https://reservations.ontarioparks.ca/images/46cbeb41-5300-493e-801f-522576d47644.jpg,,,
-2147459555,421 - Bear Lake,Bear Lake,,-2147483641,2,-32736,7210,,1,9,1,,Body of Water,No,Above Avg. Vehicular Traffic,,,No,,"South, West",Regular Rate,Rocks,Yes,Centre,"Soil, Rock(s)",3,"Rock(s), Tree(s)",,,Slight,,No,Good,,Good,"Tents Only, Generator Free",,,,Easy,,,,Partial Shade - PM Sun,,,"Weeds Present, Rock Shoreline",,,Privy Box,,,https://reservations.ontarioparks.ca/images/b8ed52f7-f92e-45d5-93ed-260b2b1b827e.jpg,https://reservations.ontarioparks.ca/images/fba2308d-973d-45a5-bbf4-bdfd3c853102.jpg,https://reservations.ontarioparks.ca/images/fb7bcfc4-edee-4942-a3ef-fdcee3b0024c.jpg,https://reservations.ontarioparks.ca/images/cbddd37c-803f-4fa3-8b51-a392fca97786.jpg,https://reservations.ontarioparks.ca/images/c309e0df-bfbc-4c35-aea7-8102c01d2cc0.jpg,
-2147459554,422 - Bear Lake,Bear Lake,,-2147483641,2,-32736,7220,,1,9,1,,Body of Water,No,Above Avg. Vehicular Traffic,,,No,,"South, West",Regular Rate,Rocks,Yes,Front Centre,"Soil, Rock(s)",3,"Rock(s), Tree(s)",,,None,,No,Good,,Good,"Tents Only, Generator Free",,,,Easy,,,,Partial Shade - PM Sun,,,"Weeds Present, Rock Shoreline",,,Privy Box,,,https://reservations.ontarioparks.ca/images/146b7385-84cd-4760-a372-184bada48219.jpg,https://reservations.ontarioparks.ca/images/82319645-4dd8-4bfd-bea4-c7b4b4f03089.jpg,https://reservations.ontarioparks.ca/images/1f4d1267-3552-4b25-9b3b-9d7a9e776d3f.jpg,,,
-2147459553,423 - Bear Lake,Bear Lake,,-2147483641,2,-32736,7230,,1,9,1,,Body of Water,No,,,,No,,"South, West",Regular Rate,Rocks,Yes,Centre,"Soil, Rock(s)",3,"Tree(s), Root(s)",,,Slight,,No,Good,,Good,"Tents Only, Generator Free",,,,Easy,,,,Partial Shade - PM Sun,,,Rock Shoreline,,,Privy Box,,,https://reservations.ontarioparks.ca/images/67e676d8-70b3-483f-adf0-ac1e61489a69.jpg,https://reservations.ontarioparks.ca/images/759c933e-2979-40ff-8cfd-6402ffd4483f.jpg,https://reservations.ontarioparks.ca/images/6f29d6b2-8cce-4c9c-b4a9-cfa20c225a4c.jpg,https://reservations.ontarioparks.ca/images/4d824634-1956-4371-b147-34b620113d9e.jpg,,
-2147459552,424 - Bear Lake,Bear Lake,,-2147483641,2,-32736,7240,,1,9,1,,Body of Water,No,,,,No,,"North, West",Regular Rate,Rocks,Yes,Centre,"Soil, Rock(s)",5,"Rock(s), Tree(s)",,,None,,No,Good,,Good,"Tents Only, Generator Free",,,,Easy,,,,Partial Shade - PM Sun,,,Rock Shoreline,,,Privy Box,,,https://reservations.ontarioparks.ca/images/a5de2fa3-62d9-4a98-bf9d-f0e79f88c6b8.jpg,https://reservations.ontarioparks.ca/images/5f2fb7b2-b19d-4744-853f-e2a0a5eea650.jpg,https://reservations.ontarioparks.ca/images/e5132a27-01f7-42f4-bbbd-930326e43bc5.jpg,https://reservations.ontarioparks.ca/images/5865fdfd-8c74-4f1b-8953-d9ce805abcdc.jpg,,
-2147459551,425 - Bear Lake,Bear Lake,,-2147483641,2,-32736,7250,,1,9,1,,Body of Water,No,,,,No,,North,Regular Rate,Rocks,Yes,Centre,"Soil, Rock(s)",4,"Rock(s), Tree(s)",,,Slight,,No,Good,,Good,"Tents Only, Generator Free",,,,Easy,,,,Full Shade,,,"Weeds Present, Rock Shoreline",,,Privy Box,,,https://reservations.ontarioparks.ca/images/bba7ac03-2929-435c-abe9-7d1c0d073fa5.jpg,https://reservations.ontarioparks.ca/images/ef371a8e-ef93-4071-ac3f-cfb9c329927d.jpg,https://reservations.ontarioparks.ca/images/aebf547b-9ee0-4b19-a983-f01e2f109bae.jpg,https://reservations.ontarioparks.ca/images/deda7b0f-b7d1-4923-8a37-c687c0b6c702.jpg,https://reservations.ontarioparks.ca/images/ac9d98c3-7f60-46ed-b1c0-a96020fb4da4.jpg,
-2147459550,426 - Bear Lake,Bear Lake,,-2147483641,2,-32736,7260,,1,9,1,,Body of Water,No,,,,No,,"North, West",Regular Rate,Rocks,Yes,Centre,"Soil, Rock(s)",4,"Tree(s), Root(s)",,,Slight,,No,Good,,Good,"Tents Only, Generator Free",,,,Easy,,,,Partial Shade - PM Sun,,,"Weeds Present, Rock Shoreline",,,Privy Box,,,https://reservations.ontarioparks.ca/images/bacdbb5e-041b-46d9-a9ba-669a57369129.jpg,https://reservations.ontarioparks.ca/images/9d35ab19-303a-48c2-b05a-d9bf640cc47f.jpg,https://reservations.ontarioparks.ca/images/0d818da5-805b-4a59-8db4-7a5ccc1ddd8d.jpg,https://reservations.ontarioparks.ca/images/c91bcd97-48de-422a-935f-1d555e25869b.jpg,https://reservations.ontarioparks.ca/images/21f3b7d9-39d9-472a-b847-15c812329b60.jpg,
-2147475133,Bell Lake Access Point,Bell Lake,Bell Access Point.,-2147483641,3,-32736,1,,1,9,,,,No,,,,No,,,,,,,,,,,,,,,,,,,,,,,,,,,,,,,,,,,,,,,,
-2147459675,131 - Bell Lake,Bell Lake,,-2147483641,2,-32736,4310,,1,9,1,,Body of Water,No,,,,No,,East,Regular Rate,Rocks,Yes,Centre,Rock(s),4,"Rock(s), Hill",,,Slight,,No,Good,,Good,"Tents Only, Generator Free",,,,Moderate,,,,Partial Shade - AM Sun,,,Rock Shoreline,,,Privy Box,,,https://reservations.ontarioparks.ca/images/1235969e-fbef-45bd-9f02-289dbbd972ef.jpg,https://reservations.ontarioparks.ca/images/f6743e8d-1bf2-4179-9133-d93ec8cc2163.jpg,,,,
-2147459674,132 - Bell Lake,Bell Lake,,-2147483641,2,-32736,4320,,1,9,1,,Body of Water,No,Above Avg. Pedestrian Traffic,,,No,,East,Regular Rate,Rocks,Yes,Centre,"Soil, Rock(s)",4,Tree(s),,,None,,No,Good,,Good,"Tents Only, Generator Free",,,,Easy,,,,Partial Shade - AM Sun,,,Rock Shoreline,,,Privy Box,,,https://reservations.ontarioparks.ca/images/03ea374a-ad43-4d9c-8408-11a65966b758.jpg,https://reservations.ontarioparks.ca/images/11b185c3-8adc-47a8-874f-422d46063996.jpg,https://reservations.ontarioparks.ca/images/e821560a-8386-4089-8b2f-9f364104e706.jpg,,,
-2147459673,133 - Bell Lake,Bell Lake,,-2147483641,2,-32736,4330,,1,9,1,,Body of Water,No,,,,No,,"North, West",Regular Rate,Rocks,Yes,Centre,"Soil, Rock(s)",4,"Rock(s), Tree(s)",,,None,,No,Good,,Good,"Tents Only, Generator Free",,,,Moderate,,,,Partial Shade - PM Sun,,,Rock Shoreline,,,Privy Box,,,https://reservations.ontarioparks.ca/images/0f0a30b0-d8b7-48ee-80fb-8a138a59f428.jpg,https://reservations.ontarioparks.ca/images/3b7fdc6e-4918-466c-ae49-f01f07632fba.jpg,https://reservations.ontarioparks.ca/images/5c24786e-8494-4b26-aa39-2d27c8bffe33.jpg,,,
-2147459672,134 - Bell Lake,Bell Lake,,-2147483641,2,-32736,4340,,1,9,1,,Body of Water,No,,,,No,,West,Regular Rate,Rocks,Yes,Centre,"Soil, Rock(s)",4,"Tree(s), Root(s)",,,None,,No,Good,,Good,"Tents Only, Generator Free",,,,Easy,,,,Partial Shade - PM Sun,,,Rock Shoreline,,,Privy Box,,,https://reservations.ontarioparks.ca/images/38a7a229-86b3-4fda-9dd1-cd70d9fb08b5.jpg,https://reservations.ontarioparks.ca/images/d45a84e1-28a1-40d2-bc31-7fd81183a412.jpg,,,,
-2147459671,135 - Bell Lake,Bell Lake,,-2147483641,2,-32736,4350,,1,9,1,,Body of Water,No,,,,No,,East,Regular Rate,Rocks,Yes,Front Centre,"Soil, Rock(s)",4,"Tree(s), Root(s)",,,Slight,,No,Good,,Good,"Tents Only, Generator Free",,,,Easy,,,,Partial Shade - AM Sun,,,Rock Shoreline,,,Privy Box,,,https://reservations.ontarioparks.ca/images/565cf50c-123b-48f5-85f8-387b433db5b0.jpg,https://reservations.ontarioparks.ca/images/9ec75b96-98fe-41f5-943f-672d4d6b8c3e.jpg,https://reservations.ontarioparks.ca/images/fbb42efe-95a7-4dc9-9383-42520acc5c63.jpg,,,
-2147459670,136 - Bell Lake,Bell Lake,,-2147483641,2,-32736,4360,,1,9,1,,Body of Water,No,,,,No,,West,Regular Rate,Rocks,Yes,Centre,"Soil, Rock(s)",4,"Tree(s), Root(s)",,,None,,No,Good,,Good,"Tents Only, Generator Free",,,,Easy,,,,Partial Shade - PM Sun,,,Rock Shoreline,,,Privy Box,,,https://reservations.ontarioparks.ca/images/2c72b01a-117d-4609-8b1f-87c9143328bd.jpg,https://reservations.ontarioparks.ca/images/19a93f33-e686-4ff2-a96e-a2fb4e7b653d.jpg,https://reservations.ontarioparks.ca/images/9dd0ba75-4826-46e3-9752-abd282083ebb.jpg,,,
-2147459669,137 - Bell Lake,Bell Lake,,-2147483641,2,-32736,4370,,1,9,1,,Body of Water,No,,,,No,,East,Regular Rate,Rocks,Yes,Centre,"Soil, Rock(s)",5,"Tree(s), Root(s)",,,None,,No,Good,,Good,"Tents Only, Generator Free",,,,Easy,,,,Partial Shade - AM Sun,,,Rock Shoreline,,,Privy Box,,,https://reservations.ontarioparks.ca/images/226204d1-1f6a-4991-8c53-9aca17afc035.jpg,https://reservations.ontarioparks.ca/images/af767564-1238-493b-81c8-d55c2a3152c4.jpg,https://reservations.ontarioparks.ca/images/a081116b-cc4a-435b-890c-f4879526d5fe.jpg,,,
-2147459668,138 - Bell Lake,Bell Lake,,-2147483641,2,-32736,4380,,1,9,1,,Body of Water,No,,,,No,,South,Regular Rate,Rocks,Yes,Centre,"Soil, Rock(s)",4,"Tree(s), Root(s), Stumps",,,Slight,,No,Good,,Good,"Tents Only, Generator Free",,,,Easy,,,,Partial Shade - PM Sun,,,Rock Shoreline,,,Privy Box,,,https://reservations.ontarioparks.ca/images/d6e64388-2f7d-4982-90b5-da8e5290df50.jpg,https://reservations.ontarioparks.ca/images/9de79290-6b62-43fa-b52a-5727618a48db.jpg,https://reservations.ontarioparks.ca/images/595dfc47-1172-425b-ad79-41010614ab64.jpg,,,
-2147459667,139 - Bell Lake,Bell Lake,,-2147483641,2,-32736,4390,,1,9,1,,Body of Water,No,,,,No,,South,Regular Rate,Rocks,Yes,Centre,"Soil, Rock(s)",4,"Tree(s), Root(s)",,,None,Yes,No,Good,,Good,"Tents Only, Generator Free",,,,Easy,,,,Partial Shade - PM Sun,,,Rock Shoreline,,,Privy Box,,,https://reservations.ontarioparks.ca/images/4177421d-66aa-416b-968a-1a95b78d73cc.jpg,https://reservations.ontarioparks.ca/images/483c8b07-f955-459b-b523-a1b11c1171c9.jpg,https://reservations.ontarioparks.ca/images/8f1ba8b3-b217-4241-a60b-49f844039fbb.jpg,,,
-2147459666,140 - Bell Lake,Bell Lake,,-2147483641,2,-32736,4400,,1,9,1,,Body of Water,No,,,,No,,West,Regular Rate,Rocks,Yes,Back Centre,Rock(s),4,"Tree(s), Hill",,,Slight,,No,Good,,Good,"Tents Only, Generator Free",,,,Moderate,,,,Partial Shade - PM Sun,,,Rock Shoreline,,,Privy Box,,,https://reservations.ontarioparks.ca/images/0faeebf7-a252-424b-b093-3436e4ccadf9.jpg,https://reservations.ontarioparks.ca/images/636448cd-f05e-49b5-a8ab-a2af39f7b061.jpg,https://reservations.ontarioparks.ca/images/aa881702-6d50-42d4-9eb9-d5fb221379b5.jpg,https://reservations.ontarioparks.ca/images/f613dca6-b568-448e-a8d9-6f568dc97866.jpg,https://reservations.ontarioparks.ca/images/eeed11b1-2318-44eb-b875-570d8a29fe02.jpg,
-2147459136,DVP - Bell Lake,Bell Lake,"This permit is valid only from 8:00 am to the posted day-use closing time.  This permit is not transferrable between other locations in the park including The Crack and Chikanishing Access Points.

Silver Peak Day Trail 6.6 km canoe, 12 km hike (8 hour) strenuous.

This route is considered highly difficult. Know the limits of your physical and paddling abilities and check the weather forecast before setting out. Ensure that you have appropriate safety equipment (PFDs, whistles, etc.). The Silver Peak Day Trail (red markers) is a linear trail, rather than a loop, however it is also part of a 78 km backcountry trail (blue markers). Once you reach the top, it is critical to follow the red markers back the way you came. If you start seeing only blue markers, you’ve gone the wrong way.  Do not attempt this hike in sandals, Crocs, rubber boots, or flipflops. Pack sufficient water or means of purification. Canoe rentals must be arranged in advance.",-2147483585,2,-31568,10000,1,,,20,,,,,,,,,,,,,,,,,,,,,,,,,,,,,,,,,,,,,,,,,,https://reservations.ontarioparks.ca/images/2e3aed03-c3cb-4a1b-adb2-0adbdd74e273.png,,,,,
-2147459114,DVP InPark - Bell Lake,Bell Lake,,-2147483586,2,-31568,11000,1,,,999,,,,,,,,,,,,,,,,,,,,,,,,,,,,,,,,,,,,,,,,,,,,,,,
-2147475328,H59 Bodina Lake,Bodina Lake,,-2147483640,2,-32736,9590,,1,6,1,,"Body of Water, Sentier multi-usage",No,,,,No,,"East, South",Regular Rate,Rocks,Yes,Front Centre,"Soil, Rock(s)",3,"Tree(s), Root(s)",,,Slight,,No,Average,,Good,"Walk In, Generator Free",,,,Easy,,,,Partial Shade,,,Soft Bottom,,,Privy Box,,,,,,,,
-2147459573,325 - Boundary Lake,Boundary Lake,,-2147483641,2,-32736,6250,,1,9,1,,Body of Water,No,,,,No,,North,Regular Rate,Rocks,Yes,Centre,"Soil, Rock(s)",4,"Tree(s), Root(s)",,,Slight,,No,Good,,Good,"Tents Only, Generator Free",,,,Easy,,,,Partial Shade,,,Rock Shoreline,,,Privy Box,,,https://reservations.ontarioparks.ca/images/b549d4bb-cce6-4e58-b96c-8a2b6cd556f2.jpg,https://reservations.ontarioparks.ca/images/33328f14-9678-447f-b0bf-523dff8fb491.jpg,https://reservations.ontarioparks.ca/images/bfee36a5-fc4f-4822-b120-d375064fb55a.jpg,,,
-2147475223,H35 Boundary Lake,Boundary Lake,,-2147483640,2,-32736,9350,,1,6,1,,"Body of Water, Sentier multi-usage",No,,,,No,,"South, West",Regular Rate,Rocks,Yes,Front Centre,"Soil, Rock(s)",3,"Rock(s), Tree(s), Root(s)",,,Slight,,No,Average,,Average,"Tents Only, Generator Free",,,,Moderate,,,,Partial Shade - PM Sun,,,Rock Shoreline,,,Privy Box,,,https://reservations.ontarioparks.ca/images/8e404c9d-2d40-4ebf-a066-9b6400f5c923.jpg,https://reservations.ontarioparks.ca/images/27d6780d-5734-4cf6-a9a4-7aeff9b6cfd0.jpg,https://reservations.ontarioparks.ca/images/fa07a85d-7a1a-4040-abb7-d2aaedcccf93.jpg,,,
-2147475282,H45 Bunnyrabbit Lake,Bunnyrabbit Lake,,-2147483640,2,-32736,9450,1,1,6,1,,,No,,,,No,,,,,Yes,,,,,,,,,,,,,,,,,,,,,,,,,,,,,,,,,,,
-2147475162,H46 Bunnyrabbit Lake,Bunnyrabbit Lake,,-2147483640,2,-32736,9460,1,1,6,1,,,No,,,,No,,,,,Yes,,,,,,,,,,,,,,,,,,,,,,,,,,,,,,,,,,,
-2147475137,Carlyle Lake Access Point,Carlyle Lake,Carlyle Access Point.,-2147483641,3,-32736,2,,1,9,,,,No,,,,No,,,,,,,,,,,,,,,,,,,,,,,,,,,,,,,,,,,,,,,,
-2147459692,101 - Carlyle Lake,Carlyle Lake,,-2147483641,2,-32736,4010,,1,9,1,,Body of Water,No,,,,No,,East,Regular Rate,Rocks,Yes,Centre,"Soil, Rock(s)",4,Rock(s),,,Slight,,No,Good,,Good,"Tents Only, Generator Free",,,,Easy,,,,Partial Shade - AM Sun,,,"Weeds Present, Soft Bottom",,,Privy Box,,,https://reservations.ontarioparks.ca/images/e76120d6-81c0-400e-82d8-53eb1f62e042.jpg,https://reservations.ontarioparks.ca/images/3b29ef99-132b-4a66-8056-15ab82bfdc06.jpg,https://reservations.ontarioparks.ca/images/952aa287-4335-4efe-8948-9bf745fad2ce.jpg,,,
-2147459691,102 - Carlyle Lake,Carlyle Lake,,-2147483641,2,-32736,4020,,1,9,1,,Body of Water,No,,,,No,,"South, West",Regular Rate,Rocks,Yes,Centre,"Soil, Rock(s)",4,"Tree(s), Root(s)",,,None,,No,Good,,Good,"Tents Only, Generator Free",,,,Moderate,,,,Partial Shade - PM Sun,,,Rock Shoreline,,,Privy Box,,,https://reservations.ontarioparks.ca/images/865bef4d-17b7-42ed-93ff-4b3137e6f3ab.jpg,https://reservations.ontarioparks.ca/images/1f41f4bc-2c58-46c3-ab58-48d07e56ef97.jpg,https://reservations.ontarioparks.ca/images/fb0cd768-1615-4251-9bbf-7bba772ddd43.jpg,https://reservations.ontarioparks.ca/images/f9d6afd4-197d-4b53-ba05-a663544f0e2e.jpg,,
-2147459690,103 - Carlyle Lake,Carlyle Lake,,-2147483641,2,-32736,4030,,1,9,1,,Body of Water,No,Split Level Site,,,No,,North,Regular Rate,Rocks,Yes,Centre,"Soil, Rock(s)",4,"Rock(s), Hill",,,None,,No,Good,,Good,"Tents Only, Generator Free",,,,Moderate,,,,Partial Shade,,,Rock Shoreline,,,Privy Box,,,https://reservations.ontarioparks.ca/images/a96c0c1d-0ec3-472d-ad44-c5e9f8130a77.jpg,https://reservations.ontarioparks.ca/images/cf5839d8-e2c9-482e-adaa-1950b8034cc6.jpg,https://reservations.ontarioparks.ca/images/99ed18a2-b328-4a4b-95c4-36e388bd6e13.jpg,,,
-2147459689,104 - Carlyle Lake,Carlyle Lake,,-2147483641,2,-32736,4040,,1,9,1,,Body of Water,No,Split Level Site,,,No,,South,Regular Rate,Rocks,Yes,Centre,"Soil, Rock(s)",4,"Rock(s), Tree(s), Hill",,,None,,No,Good,,Good,"Tents Only, Generator Free",,,,Difficult,,,,Partial Shade - PM Sun,,,"Rock Shoreline, Light Current",,,Privy Box,,,https://reservations.ontarioparks.ca/images/b217f9ad-b19a-4aba-a0d7-58ebfb96177b.jpg,https://reservations.ontarioparks.ca/images/7cceda06-4a76-464c-a94a-f7d0da006b97.jpg,https://reservations.ontarioparks.ca/images/5b4c7454-30db-468e-ae2a-c289607a86f1.jpg,https://reservations.ontarioparks.ca/images/292bc572-b92e-4ceb-8d95-209c35698af4.jpg,,
-2147459688,105 - Carlyle Lake,Carlyle Lake,,-2147483641,2,-32736,4050,,1,9,1,,Body of Water,No,,,,No,,West,Regular Rate,Rocks,Yes,Centre,Soil,4,Tree(s),,,None,,No,Good,,Good,"Tents Only, Generator Free",,,,Easy,,,,Partial Shade - PM Sun,,,"Weeds Present, Soft Bottom",,,Privy Box,,,https://reservations.ontarioparks.ca/images/e86668ec-deb2-412b-84de-fa3978866960.jpg,https://reservations.ontarioparks.ca/images/65d5314e-090c-4fe8-8f33-e89055f53853.jpg,https://reservations.ontarioparks.ca/images/e77c4faa-cb20-424c-8a9c-9db5475d7acf.jpg,,,
-2147459687,106 - Carlyle Lake,Carlyle Lake,,-2147483641,2,-32736,4060,,1,9,1,,Body of Water,No,,,,No,,West,Regular Rate,Rocks,Yes,Centre,"Soil, Rock(s)",4,"Rock(s), Tree(s)",,,Slight,,No,Good,,Good,"Tents Only, Generator Free",,,,Easy,,,,Partial Shade - PM Sun,,,"Weeds Present, Rock Shoreline",,,Privy Box,,,https://reservations.ontarioparks.ca/images/a16a1a3c-1fa5-4665-99dd-2a8f964af211.jpg,https://reservations.ontarioparks.ca/images/26b189a5-22a9-425c-b3ce-1831018ba536.jpg,https://reservations.ontarioparks.ca/images/0539a113-5d2b-4046-917d-e177f3300ce7.jpg,,,
-2147459135,DVP - Carlyle Lake,Carlyle Lake,"This permit is valid only from 8:00 am to the posted day-use closing time.  This permit is not transferrable between other locations in the park including The Crack and Chikanishing Access Points.

Paddle the scenic Carlyle Lake.",-2147483585,2,-31568,10010,1,,,5,,,,,,,,,,,,,,,,,,,,,,,,,,,,,,,,,,,,,,,,,,https://reservations.ontarioparks.ca/images/89cb9190-27ff-47cf-9169-6904e8949177.png,,,,,
-2147459113,DVP InPark - Carlyle Lake,Carlyle Lake,,-2147483586,2,-31568,11010,1,,,999,,,,,,,,,,,,,,,,,,,,,,,,,,,,,,,,,,,,,,,,,,,,,,,
-2147459590,247 - Cat Lake,Cat Lake,,-2147483641,2,-32736,5470,,1,9,1,,Body of Water,No,,,,No,,North,Regular Rate,Rocks,Yes,Front Centre,"Soil, Rock(s)",4,"Tree(s), Root(s)",,,Slight,,No,Good,,Good,"Tents Only, Generator Free",,,,Easy,,,,Partial Shade - PM Sun,,,"Weeds Present, Rock Shoreline",,,Privy Box,,,https://reservations.ontarioparks.ca/images/975f2b9f-3a9f-4438-80d2-7bc16878ff0e.jpg,https://reservations.ontarioparks.ca/images/6907fe01-6dac-4027-91c2-e1a9f1ba7ab4.jpg,https://reservations.ontarioparks.ca/images/a7c96e6b-6564-4133-a59c-29a4104c55fe.jpg,,,
-2147475349,H5 Cave Lake,Cave Lake,,-2147483640,2,-32736,9050,1,1,6,1,,"Body of Water, Sentier multi-usage",No,,,,No,,,Regular Rate,Rocks,Yes,,"Soil, Rock(s)",,"Rock(s), Tree(s)",,,,,No,,,Good,"Tents Only, Generator Free",,,,,,,,,,,"Rock Shoreline, Soft Bottom",,,,,,,,,,,
-2147475196,H6 Cave Lake,Cave Lake,,-2147483640,2,-32736,9060,1,1,6,1,,"Body of Water, Sentier multi-usage",No,,,,No,,,Regular Rate,Rocks,Yes,,"Soil, Rock(s)",,"Rock(s), Tree(s)",,,,,No,,,Good,"Tents Only, Generator Free",,,,,,,,,,,"Rock Shoreline, Soft Bottom",,,,,,,,,,,
-2147459112,DVP InPark - Chikanishing Boat Trailer,Chikanishing Boat Trailer,,-2147483586,2,-31568,11020,1,,,999,,,,,,,,,,,,,,,,,,,,,,,,,,,,,,,,,,,,,,,,,,,,,,,
-2147459134,DVP - Chikanishing Boat Trailer Area,Chikanishing Boat Trailer Area,"This permit is valid only for the Boat Trailer parking area at the Chikanishing Access Point from 8:00 am to the posted day-use closing time. Only oversized vehicles and vehicles towing trailers are permitted to park in this area. This permit is not transferrable between other locations in the park including The Crack and Granite Ridge Access Points.

Boat or paddle the scenic Collins Inlet and Georgian Bay.

Note: Know the limits of your paddling abilities and check the marine forecast before setting out. Ensure that you have appropriate safety equipment (PFDs, whistles, etc.).",-2147483585,2,-31568,10020,1,,,15,,,,,,,,,,,,,,,,,,,,,,,,,,,,,,,,,,,,,,,,,,https://reservations.ontarioparks.ca/images/c06ac68e-d780-4ae9-aaa0-5047105e6565.png,,,,,
-2147459133,DVP - Chikanishing Vehicle Only Area,Chikanishing Vehicle Only Area,"This permit is valid only for the Vehicle Only parking area at the Chikanishing Access Point from 8:00 am to the posted day-use closing time.  Vehicles towing trailers must use the Boat Trailer parking area and purchase a permit for that parking area. This permit is not transferrable between other locations in the park including The Crack and Granite Ridge Access Points.

Paddle the scenic Collins Inlet and Georgian Bay or hike the Chikanishing Trail.

Note: Know the limits of your paddling abilities and check the marine forecast before setting out. Ensure that you have appropriate safety equipment (PFDs, whistles, etc.).

Chikanishing Trail 3 km (1.5 hours) moderate.

This trail winds along the park’s southern boundary and crosses a series of small ridges and then ending at a wave-washed point on Georgian Bay. Vegetation is typical of the rocky, windswept terrain of Georgian Bay, though taller pine and oak have flourished in wind-sheltered spots where soil has accumulated. Old iron rings used for mooring lines during logging days can still be seen along the trail. Interpretive plaques tell the colourful history of this part of Georgian Bay.",-2147483585,2,-31568,10030,1,,,37,,,,,,,,,,,,,,,,,,,,,,,,,,,,,,,,,,,,,,,,,,https://reservations.ontarioparks.ca/images/d3ef1391-f562-4792-93f1-fa4e794cbc25.png,,,,,
-2147459111,DVP InPark - Chikanishing Vehicle Only Area,Chikanishing Vehicle Only Area,,-2147483586,2,-31568,11030,1,,,999,,,,,,,,,,,,,,,,,,,,,,,,,,,,,,,,,,,,,,,,,,,,,,,
-2147459627,195 - Clearsilver Lake,Clearsilver Lake,,-2147483641,2,-32736,4950,,1,9,1,,Body of Water,No,,,,No,,North,Regular Rate,Rocks,Yes,Centre,"Soil, Rock(s)",4,"Tree(s), Root(s)",,,None,,No,Good,,Good,"Tents Only, Generator Free",,,,Easy,,,,Partial Shade,,,Rock Shoreline,,,Privy Box,,,https://reservations.ontarioparks.ca/images/56cb8a37-c94b-4e04-94de-eb6094b530a6.jpg,https://reservations.ontarioparks.ca/images/2e6a93bf-b703-4f4a-a6f5-6ba59a639e11.jpg,https://reservations.ontarioparks.ca/images/055253d7-a818-4ce5-b297-70f1c54a988f.jpg,,,
-2147459694,91 - Collins Inlet,Collins Inlet,,-2147483641,2,-32736,3910,,1,9,1,,Body of Water,No,,,,No,,South,Regular Rate,Rocks,Yes,Centre,"Soil, Rock(s)",4,"Rock(s), Tree(s)",,,Slight,,No,Good,,Average,"Tents Only, Generator Free",,,,Easy,,,,Partial Shade,,,"Rock Shoreline, Light Current",,,Privy Box,,,https://reservations.ontarioparks.ca/images/d429ef40-7fbb-4b6f-af7b-f0a3b6dfc954.jpg,https://reservations.ontarioparks.ca/images/57aca6aa-178a-420d-a3cb-4ad054aaa69d.jpg,https://reservations.ontarioparks.ca/images/262211ca-66d5-4a53-a0ab-73d321b4510b.jpg,,,
-2147459693,92 - Collins Inlet,Collins Inlet,,-2147483641,2,-32736,3920,,1,9,1,,Body of Water,No,,,,No,,South,Regular Rate,Rocks,Yes,Centre,"Soil, Rock(s)",4,"Rock(s), Tree(s)",,,Slight,,No,Good,,Average,"Tents Only, Generator Free",,,,Easy,,,,Partial Shade,,,"Rock Shoreline, Light Current",,,Privy Box,,,https://reservations.ontarioparks.ca/images/1fd0c137-66bf-4696-93b1-70a95001ff47.jpg,https://reservations.ontarioparks.ca/images/c775bd2c-a17f-4160-8041-e6055a7c563a.jpg,https://reservations.ontarioparks.ca/images/8f125783-894f-4a9e-96a5-a723643ca250.jpg,,,
-2147457404,200 - Cranberry Bay,Cranberry Bay,,-2147483641,2,-32736,5000,,1,9,1,,Body of Water,No,,,,No,,"East, South",Regular Rate,Rocks,Yes,Front Centre,"Soil, Rock(s)",5,"Rock(s), Tree(s)",,,Slight,,No,Good,,Good,,,,,Easy,,,,Partial Shade,,,"Weeds Present, Rock Shoreline",,,Privy Box,,,,,,,,
-2147459641,181 - David Lake,David Lake,,-2147483641,2,-32736,4810,4,1,9,1,,Body of Water,No,,,,No,,West,Regular Rate,Rocks,Yes,Centre,"Soil, Rock(s)",3,"Tree(s), Hill",,,Slight,,No,Good,,Good,"Tents Only, Generator Free",,,,Easy,,,,Partial Shade - PM Sun,,,Rock Shoreline,,,Privy Box,,,https://reservations.ontarioparks.ca/images/86ac1660-60b1-4ec8-8bed-a8972bdbc7af.jpg,https://reservations.ontarioparks.ca/images/bba51f2f-4bc8-480c-8c8a-22f36b53d758.jpg,https://reservations.ontarioparks.ca/images/b2d893ee-fcd1-4247-90aa-79f153075019.jpg,,,
-2147459640,182 - David Lake,David Lake,,-2147483641,2,-32736,4820,4,1,9,1,,Body of Water,No,,,,No,,West,Regular Rate,Rocks,Yes,Centre,Soil,4,"Tree(s), Stumps",,,None,,No,Good,,Good,"Tents Only, Generator Free",,,,Easy,,,,Partial Shade - PM Sun,,,"Rock Shoreline, Soft Bottom",,,Privy Box,,,https://reservations.ontarioparks.ca/images/732c3812-0c41-4949-bc37-89a05df5a79a.jpg,https://reservations.ontarioparks.ca/images/4cdff618-80a3-4556-9402-019ce27955fd.jpg,https://reservations.ontarioparks.ca/images/d224bc90-1c75-4fc2-9c7e-0891cc8ddc84.jpg,,,
-2147459639,183 - David Lake,David Lake,,-2147483641,2,-32736,4830,4,1,9,1,,Body of Water,No,,,,No,,East,Regular Rate,Rocks,Yes,Centre,Rock(s),4,"Rock(s), Hill",,,Moderate,,No,Good,,Good,"Tents Only, Generator Free",,,,Easy,,,,Partial Shade - AM Sun,,,Rock Shoreline,,,Privy Box,,,https://reservations.ontarioparks.ca/images/31eeee91-b7df-4a04-855a-3e62e43cda64.jpg,https://reservations.ontarioparks.ca/images/5a1cc926-ab68-4d0a-9555-dda0c0672221.jpg,https://reservations.ontarioparks.ca/images/6673136a-81bd-47d8-a90a-48ffac607ed1.jpg,,,
-2147459638,184 - David Lake,David Lake,,-2147483641,2,-32736,4840,4,1,9,1,,Body of Water,No,,,,No,,North,Regular Rate,Rocks,Yes,Centre,"Soil, Rock(s)",4,"Tree(s), Root(s)",,,None,,No,Good,,Good,"Tents Only, Generator Free",,,,Easy,,,,Full Shade,,,"Weeds Present, Rock Shoreline",,,Privy Box,,,https://reservations.ontarioparks.ca/images/c00460d2-1f57-4c43-beb9-ed4d135edc49.jpg,https://reservations.ontarioparks.ca/images/b2db5e73-b50f-4474-8028-4d72136d7b32.jpg,https://reservations.ontarioparks.ca/images/e7d5aa22-421a-4183-a4b9-98dc1226c8ca.jpg,,,
-2147459637,185 - David Lake,David Lake,,-2147483641,2,-32736,4850,4,1,9,1,,Body of Water,No,,,,No,,West,Regular Rate,Rocks,Yes,Centre,Soil,4,"Tree(s), Root(s)",,,None,,No,Good,,Good,"Tents Only, Generator Free",,,,Easy,,,,Partial Shade - PM Sun,,,"Weeds Present, Soft Bottom",,,Privy Box,,,https://reservations.ontarioparks.ca/images/3154b1ea-a46b-40a5-80de-e7f8700d4147.jpg,https://reservations.ontarioparks.ca/images/939eaef4-322e-4bbd-bd2b-17ffaf629d6a.jpg,https://reservations.ontarioparks.ca/images/b176715a-0fee-4fea-a152-e97d90237adc.jpg,,,
-2147459636,186 - David Lake,David Lake,,-2147483641,2,-32736,4860,4,1,9,1,,Body of Water,No,,,,No,,West,Regular Rate,Rocks,Yes,Centre,"Soil, Rock(s)",5,Tree(s),,,None,Yes,No,Good,,Good,"Tents Only, Generator Free",,,,Easy,,,,Partial Shade - PM Sun,,,Rock Shoreline,,,Privy Box,,,https://reservations.ontarioparks.ca/images/4cac9b0b-774e-4332-8fa2-11485c7fd2d0.jpg,https://reservations.ontarioparks.ca/images/ab27649a-fa1f-400b-b78c-06bbdf051c10.jpg,https://reservations.ontarioparks.ca/images/15d27905-3d06-4817-928c-393d20dce4a6.jpg,,,
-2147459635,187 - David Lake,David Lake,,-2147483641,2,-32736,4870,4,1,9,1,,Body of Water,No,,,,No,,South,Regular Rate,Rocks,Yes,Centre,"Soil, Rock(s)",3,"Tree(s), Root(s)",,,None,,No,Good,,Good,"Tents Only, Generator Free",,,,Easy,,,,Partial Shade,,,Rock Shoreline,,,Privy Box,,,https://reservations.ontarioparks.ca/images/c2acc433-b114-4200-9fd6-80cde66cbd7e.jpg,https://reservations.ontarioparks.ca/images/087c4967-8475-4a4c-be19-e4b668e25e57.jpg,https://reservations.ontarioparks.ca/images/fe664dae-e710-4176-99df-3030c20c5cf2.jpg,,,
-2147459634,188 - David Lake,David Lake,,-2147483641,2,-32736,4880,4,1,9,1,,Body of Water,No,Island Site,,,No,,North,Regular Rate,Rocks,Yes,Front Centre,"Soil, Rock(s)",4,Tree(s),,,None,,No,Good,,Good,"Tents Only, Generator Free",,,,Easy,,,,Partial Shade,,,Rock Shoreline,,,Privy Box,,,https://reservations.ontarioparks.ca/images/6dc0276f-a7ce-4caf-b8ab-911d28b8b6a3.jpg,https://reservations.ontarioparks.ca/images/1477b49f-cef6-4eae-be7d-1cca42ef88d2.jpg,https://reservations.ontarioparks.ca/images/27e40f73-04b1-4e68-9d55-1a8e1ee41e2f.jpg,https://reservations.ontarioparks.ca/images/fa2573d6-3104-4334-9656-773cc9aa71f4.jpg,https://reservations.ontarioparks.ca/images/63d40cde-6272-4687-94e6-f53501023188.jpg,
-2147459633,189 - David Lake,David Lake,,-2147483641,2,-32736,4890,4,1,9,1,,Body of Water,No,Island Site,,,No,,"North, East",Regular Rate,Rocks,Yes,Centre,"Soil, Rock(s)",4,"Tree(s), Root(s)",,,Slight,,No,Good,,Good,"Tents Only, Generator Free",,,,Easy,,,,Partial Shade - AM Sun,,,Rock Shoreline,,,Privy Box,,,https://reservations.ontarioparks.ca/images/905f00c4-e9f3-499e-be95-ae56799fadf6.jpg,https://reservations.ontarioparks.ca/images/c88fd15f-458a-44e6-8cae-2c043c486663.jpg,https://reservations.ontarioparks.ca/images/54a4f082-2b89-4730-916d-ffc1f46a1fc0.jpg,https://reservations.ontarioparks.ca/images/583edc3a-9b25-4ab3-94c0-4954fd38b905.jpg,,
-2147459632,190 - David Lake,David Lake,,-2147483641,2,-32736,4900,4,1,9,1,,Body of Water,No,,,,No,,West,Regular Rate,Rocks,Yes,Centre,"Soil, Rock(s)",4,"Tree(s), Hill",,,Slight,,No,Good,,Good,"Tents Only, Generator Free",,,,Easy,,,,Partial Shade - PM Sun,,,Rock Shoreline,,,Privy Box,,,https://reservations.ontarioparks.ca/images/c4e8b4a4-9201-4ada-b6e4-118db69b495b.jpg,https://reservations.ontarioparks.ca/images/f0618e59-0902-40d8-87a9-417cfe77a790.jpg,https://reservations.ontarioparks.ca/images/f0ae257f-cdaa-4fe3-b3e2-5cbfcd70fbd5.jpg,,,
-2147459631,191 - David Lake,David Lake,,-2147483641,2,-32736,4910,4,1,9,1,,Body of Water,No,Split Level Site,,,No,,"East, South",Regular Rate,Rocks,Yes,Back Centre,"Soil, Rock(s)",4,"Rock(s), Hill",,,Slight,,No,Good,,Good,"Tents Only, Generator Free",,,,Moderate,,,,Partial Shade - AM Sun,,,Rock Shoreline,,,Privy Box,,,https://reservations.ontarioparks.ca/images/5f4f5101-8895-4611-94cc-811589d28401.jpg,https://reservations.ontarioparks.ca/images/75ee811d-1305-46cc-afa4-1f32879ef09f.jpg,https://reservations.ontarioparks.ca/images/2c6d2089-e611-4705-87ee-7882ae83c2fd.jpg,,,
-2147459630,192 - David Lake,David Lake,,-2147483641,2,-32736,4920,4,1,9,1,,Body of Water,No,,,,No,,"North, West",Regular Rate,Rocks,Yes,Centre,"Soil, Rock(s)",4,"Tree(s), Root(s)",,,Slight,,No,Good,,Good,"Tents Only, Generator Free",,,,Easy,,,,Partial Shade - PM Sun,,,Rock Shoreline,,,Privy Box,,,https://reservations.ontarioparks.ca/images/0d2ca793-b329-40cc-97e7-02f740a8de65.jpg,https://reservations.ontarioparks.ca/images/c3fb74aa-a597-403a-b7b9-3e486652e4ee.jpg,https://reservations.ontarioparks.ca/images/9c2642fd-7166-470d-9dd9-123a0e4650bb.jpg,https://reservations.ontarioparks.ca/images/3c56a233-fc59-440d-a125-7c227472cef3.jpg,,
-2147459629,193 - David Lake,David Lake,,-2147483641,2,-32736,4930,4,1,9,1,,Body of Water,No,,,,No,,North,Regular Rate,Rocks,Yes,Front Centre,"Soil, Rock(s)",4,Tree(s),,,Slight,,No,Good,,Good,"Tents Only, Generator Free",,,,Easy,,,,Partial Shade,,,Rock Shoreline,,,Privy Box,,,https://reservations.ontarioparks.ca/images/b27f596e-18a9-4d35-9548-07ed9466498e.jpg,https://reservations.ontarioparks.ca/images/eae9bda6-c5f7-4e5e-9e3c-6caf617759c9.jpg,https://reservations.ontarioparks.ca/images/364f77f7-7bae-425e-a882-41563fa6ad9d.jpg,,,
-2147459628,194 - David Lake,David Lake,,-2147483641,2,-32736,4940,4,1,9,1,,Body of Water,No,,,,No,,"North, West",Regular Rate,Rocks,Yes,Centre,"Soil, Rock(s)",4,"Tree(s), Root(s)",,,Slight,,No,Good,,Good,"Tents Only, Generator Free",,,,Easy,,,,Partial Shade - PM Sun,,,Rock Shoreline,,,Privy Box,,,https://reservations.ontarioparks.ca/images/79e67281-2438-4bc3-bc48-c5f57472666f.jpg,https://reservations.ontarioparks.ca/images/fd7a7af3-e1a5-474b-aa44-1b74f202297b.jpg,https://reservations.ontarioparks.ca/images/3eb0d12e-226d-4a22-8913-8a9a11997197.jpg,,,
-2147459626,196 - David Lake,David Lake,,-2147483641,2,-32736,4960,4,1,9,1,,Body of Water,No,,,,No,,"North, East",Regular Rate,Rocks,Yes,Back Centre,"Soil, Rock(s)",3,"Tree(s), Hill",,,Slight,,No,Good,,Good,"Tents Only, Generator Free",,,,Moderate,,,,Partial Shade,,,Rock Shoreline,,,Privy Box,,,https://reservations.ontarioparks.ca/images/1eb069e8-3b34-4edd-bbeb-ae778a01e1d9.jpg,https://reservations.ontarioparks.ca/images/a6534e64-6141-42ff-8fce-ba032bfdfb00.jpg,https://reservations.ontarioparks.ca/images/b4f6fac7-5262-46fe-9c9d-5ecc163ea91a.jpg,https://reservations.ontarioparks.ca/images/355654dd-8025-41c2-bb87-5f404564a86c.jpg,https://reservations.ontarioparks.ca/images/14d5696e-943f-4e2f-aeec-3fd85f9b6286.jpg,
-2147475206,H34 David Lake,David Lake,,-2147483640,2,-32736,9340,,1,6,1,,"Body of Water, Sentier multi-usage",No,,,,No,,"East, South",Regular Rate,Rocks,Yes,Front Left,"Soil, Rock(s)",3,"Rock(s), Tree(s), Root(s)",,,None,,No,Average,,Average,"Tents Only, Generator Free",,,,Easy,,,,Partial Shade - AM Sun,,,Rock Shoreline,,,Privy Box,,,https://reservations.ontarioparks.ca/images/c4601565-e2be-46c7-81f8-c1f6a5cf01af.jpg,https://reservations.ontarioparks.ca/images/1a15959a-716a-41d1-95a1-f8cc5e5f6045.jpg,https://reservations.ontarioparks.ca/images/56bd1b3a-c3ce-470c-8148-3a8d73f42ea3.jpg,,,
-2147459651,161 - Deacon Lake,Deacon Lake,,-2147483641,2,-32736,4610,,1,9,1,,Body of Water,No,Island Site,,,No,,West,Regular Rate,Rocks,Yes,Front Centre,"Soil, Rock(s)",4,"Tree(s), Root(s)",,,Slight,,No,Good,,Good,"Tents Only, Generator Free",,,,Easy,,,,Partial Shade - PM Sun,,,Rock Shoreline,,,Privy Box,,,https://reservations.ontarioparks.ca/images/c15bc9a3-507d-48a8-9193-43e75294bf0b.jpg,https://reservations.ontarioparks.ca/images/a1660cc2-7e88-4503-b442-60e5bb9d2470.jpg,https://reservations.ontarioparks.ca/images/fc6437e5-ff7a-40ea-a989-dc392b1903c2.jpg,,,
-2147459649,162 - Deacon Lake,Deacon Lake,,-2147483641,2,-32736,4620,,1,9,1,,Body of Water,No,,,,No,,South,Regular Rate,Rocks,Yes,Centre,Soil,3,"Tree(s), Root(s)",,,Slight,,No,Good,,Good,"Tents Only, Generator Free",,,,Easy,,,,Full Shade,,,Weeds Present,,,Privy Box,,,https://reservations.ontarioparks.ca/images/824b747a-4dcd-45b5-9677-4317f1e98cf1.jpg,https://reservations.ontarioparks.ca/images/25b1e034-afe3-430b-a085-728339f0faa0.jpg,,,,
-2147475352,Out of Park - East,East,,-2147483641,2,-32364,8020,,1,9,999,,,No,,,,No,,,,,Yes,,,,,,,,,,,,,,,,,,,,,,,,,,,,,,,,,,,
-2147459598,237 - Fish Lake,Fish Lake,,-2147483641,2,-32736,5370,,1,9,1,,Body of Water,No,,,,No,,East,Regular Rate,Rocks,Yes,Centre,"Soil, Rock(s)",4,"Tree(s), Root(s)",,,Slight,,No,Good,,Good,"Tents Only, Generator Free",,,,Easy,,,,Partial Shade - AM Sun,,,Rock Shoreline,,,Privy Box,,,https://reservations.ontarioparks.ca/images/7c35059f-fde8-4f6f-9f77-a56d8f0be5ce.jpg,https://reservations.ontarioparks.ca/images/24c4dd5f-8f8c-4d13-8861-c0029040baef.jpg,https://reservations.ontarioparks.ca/images/64d33196-b651-437e-8b62-b60975adb41a.jpg,,,
-2147459597,238 - Fish Lake,Fish Lake,,-2147483641,2,-32736,5380,,1,9,1,,Body of Water,No,Island Site,,,No,,East,Regular Rate,Rocks,Yes,Front Centre,"Soil, Rock(s)",3,"Tree(s), Root(s)",,,Slight,,No,Good,,Good,"Tents Only, Generator Free",,,,Easy,,,,Partial Shade - AM Sun,,,Rock Shoreline,,,Privy Box,,,https://reservations.ontarioparks.ca/images/6020bc2f-8a41-4f4f-aee4-1488e12a16ba.jpg,https://reservations.ontarioparks.ca/images/3dd66777-a81d-4442-b18e-fb27c022ba27.jpg,https://reservations.ontarioparks.ca/images/c1c2a73b-2d24-4a55-be34-50b101e32a7a.jpg,,,
-2147459650,163 - Fox Lake,Fox Lake,,-2147483641,2,-32736,4630,,1,9,1,,Body of Water,No,,,,No,,"North, East",Regular Rate,Rocks,Yes,Centre,"Soil, Rock(s)",3,"Tree(s), Root(s)",,,None,,No,Good,,Good,"Tents Only, Generator Free",,,,Easy,,,,Partial Shade - AM Sun,,,Rock Shoreline,,,Privy Box,,,https://reservations.ontarioparks.ca/images/7a0dae33-b909-4eb5-b2e1-d6e40b602726.jpg,https://reservations.ontarioparks.ca/images/c0ab459e-17f8-4332-8440-4995f9695caa.jpg,https://reservations.ontarioparks.ca/images/e579c346-5238-4b4e-b74a-65b5352413b5.jpg,,,
-2147459593,244 - Gail Lake,Gail Lake,,-2147483641,2,-32736,5440,,1,9,1,,Body of Water,No,,,,No,,West,Regular Rate,Rocks,Yes,Front Centre,Rock(s),4,"Tree(s), Root(s)",,,Slight,,No,Good,,Good,"Tents Only, Generator Free",,,,Easy,,,,Partial Shade - PM Sun,,,Rock Shoreline,,,Privy Box,,,https://reservations.ontarioparks.ca/images/a308a8ee-f905-40a8-97c7-8bd585f8c17f.jpg,https://reservations.ontarioparks.ca/images/d908e882-518d-4a38-ae6d-dc3ecd335749.jpg,https://reservations.ontarioparks.ca/images/dd7a2909-b4d5-4953-a354-26c30631954e.jpg,,,
-2147459726,1 - George Lake,George Lake,,-2147483641,2,-32736,3010,4,1,9,1,,Body of Water,No,Split Level Site,,,No,,East,Regular Rate,Rocks,Yes,Front Centre,"Gravel, Sand",3,Root(s),,,Slight,,No,Good,,Good,"Tents Only, Generator Free",,,,Easy,,,,Partial Shade - AM Sun,,,Rock Shoreline,,,Privy Box,,,https://reservations.ontarioparks.ca/images/9a7958c2-d0f2-4786-a2c7-7f1efcec5cfc.jpg,https://reservations.ontarioparks.ca/images/8537f0e1-972c-420f-aec6-3450daba24aa.jpg,https://reservations.ontarioparks.ca/images/e0b4af76-4d7b-499d-bb5e-ec693a0f8037.jpg,https://reservations.ontarioparks.ca/images/8e194399-406a-49ed-b1f6-65186244af44.jpg,https://reservations.ontarioparks.ca/images/8badef6e-7a54-48d0-839a-a0718683f950.jpg,
-2147459725,2 - George Lake,George Lake,,-2147483641,2,-32736,3020,4,1,9,1,,Body of Water,No,,,,No,,South,Regular Rate,Rocks,Yes,Front Centre,Soil,5,Tree(s),,,Slight,,No,Good,,Good,"Tents Only, Generator Free",,,,Easy,,,,Full Shade,,,Rock Shoreline,,,Privy Box,,,https://reservations.ontarioparks.ca/images/acc85c31-08d3-423c-93dc-20297696c06b.jpg,https://reservations.ontarioparks.ca/images/d42b1e07-cd38-4bb2-8d32-8468ec9738c1.jpg,https://reservations.ontarioparks.ca/images/f5bc6d7b-ff23-405e-979a-a979ba5d3633.jpg,https://reservations.ontarioparks.ca/images/82b95b3b-ba1f-47bd-bcb9-92997551506c.jpg,,
-2147459724,3 - George Lake,George Lake,,-2147483641,2,-32736,3030,4,1,9,1,,Body of Water,No,,,,No,,South,Regular Rate,Rocks,Yes,Front Centre,Soil,4,Tree(s),,,Moderate,,No,Good,,Good,"Tents Only, Generator Free",,,,Easy,,,,Partial Shade,,,Rock Shoreline,,,Privy Box,,,https://reservations.ontarioparks.ca/images/611968b0-6425-4a00-8f4c-b9e9e63a07ec.jpg,https://reservations.ontarioparks.ca/images/60457e97-a832-4e99-a16b-e0f8b18808e0.jpg,https://reservations.ontarioparks.ca/images/c5b8ff74-750c-4b47-91cd-683f2fbdd6b1.jpg,,,
-2147459723,4 - George Lake,George Lake,,-2147483641,2,-32736,3040,4,1,9,1,,Body of Water,No,Windy,,,No,,West,Regular Rate,Rocks,Yes,Back Centre,"Gravel, Soil",4,Tree(s),,,Slight,,No,Good,,Good,"Tents Only, Generator Free",,,,Easy,,,,Partial Shade - PM Sun,,,Rock Shoreline,,,Privy Box,,,https://reservations.ontarioparks.ca/images/73d74ce5-762d-4904-9974-cc4515658ef4.jpg,https://reservations.ontarioparks.ca/images/0ac8cfea-38fa-469c-8f34-c79398064147.jpg,https://reservations.ontarioparks.ca/images/98812ed2-694b-4601-9e68-6d3386a7409c.jpg,https://reservations.ontarioparks.ca/images/f9342c68-9782-450c-8999-5517b342740a.jpg,,
-2147459722,5 - George Lake,George Lake,,-2147483641,2,-32736,3050,4,1,9,1,,Body of Water,No,,,,No,,"North, West",Regular Rate,Rocks,Yes,Centre,Soil,4,"Rock(s), Tree(s)",,,None,,No,Good,,Good,"Tents Only, Generator Free",,,,Easy,,,,Partial Shade,,,Rock Shoreline,,,Privy Box,,,https://reservations.ontarioparks.ca/images/5e72c73b-fc0a-4dcf-973c-4d3baebbe7e5.jpg,https://reservations.ontarioparks.ca/images/a166db33-fd65-4e28-b072-54aa67333935.jpg,https://reservations.ontarioparks.ca/images/b9a19e7a-532a-45ec-a387-0c1a151cc618.jpg,,,
-2147459132,DVP - George Lake,George Lake,"This permit is valid only from 8:00 am to the posted day-use closing time.  This permit is not transferrable between other locations in the park including The Crack and Chikanishing Access Points.

Cranberry Bog Trail 4 km (2.5 hours) moderate.

Hikers along the trail pass some of the park’s loveliest scenery. Bogs, marshes and swamps are home to Sundew, Leatherleaf, Pitcher Plant and Cranberry. Beaver feed piles can be seen along the way. Many birds frequent this trail’s habitats and Blanding’s Turtles make an occasional appearance in Cranberry Bog. Look for evidence of glaciation—smooth rock surfaces, striations, and chatter marks.",-2147483585,2,-31568,10040,1,,,15,,,,,,,,,,,,,,,,,,,,,,,,,,,,,,,,,,,,,,,,,,https://reservations.ontarioparks.ca/images/c1dc145c-5514-489a-942c-04b0a1bae96b.png,,,,,
-2147459110,DVP InPark - George Lake,George Lake,,-2147483586,2,-31568,11040,1,,,999,,,,,,,,,,,,,,,,,,,,,,,,,,,,,,,,,,,,,,,,,,,,,,,
-2147475209,1,George Lake - A,,-2147483648,0,-32684,10,,1,6,,-32768/-32768; -32768/-32767; -32768/-32766; -32768/-32765,Vehicle Parking,No,"Above Avg. Vehicular Traffic, Above Avg. Pedestrian Traffic",,,No,,,Premium Rate,,,Middle Right,Gravel,,Tree(s),Unlimited,1,Slight,,,Poor,No,Average,,,,Non-Electric,,,,14.0,Partial Shade - PM Sun,9.0,,,,,,,,https://reservations.ontarioparks.ca/images/b4948e40-47c5-49b4-a77c-acc748a6fd88.jpg,https://reservations.ontarioparks.ca/images/f74f45c8-2319-4d59-a797-0bbf272dc2d2.jpg,https://reservations.ontarioparks.ca/images/91465dfa-04b1-4822-a789-4aec619cd988.jpg,,,
-2147475174,2,George Lake - A,"Site renumbered for 2026, previously was campsite 35.",-2147483648,0,-32684,20,,1,6,,-32768/-32768; -32768/-32767; -32768/-32766; -32768/-32765,,Yes,"Above Avg. Vehicular Traffic, Above Avg. Pedestrian Traffic",,,No,,,Premium Rate,,,Middle Left,Gravel,,Tree(s),Unlimited,1,Slight,,,Average,No,Average,,,,Non-Electric,,,,12.0,Partial Shade - PM Sun,10.0,,,,,,,,https://reservations.ontarioparks.ca/images/85e81e74-9595-4e3c-a832-3a5fafd24a24.png,https://reservations.ontarioparks.ca/images/02a8ffb2-6fdd-46ce-8331-cc662b7d6ee0.jpg,https://reservations.ontarioparks.ca/images/31122770-4730-4116-9b82-8aaef5cd9cc7.jpg,,,
-2147475167,3,George Lake - A,,-2147483648,0,-32684,30,,1,6,,-32768/-32768; -32768/-32767; -32768/-32766; -32768/-32765,Vehicle Parking,No,"Above Avg. Vehicular Traffic, Above Avg. Pedestrian Traffic, Corner Site",,,No,,,Premium Rate,,,Middle Left,Gravel,,,Unlimited,1,Slight,,,Poor,No,Average,,,,Non-Electric,,,,10.0,Partial Shade - PM Sun,9.0,,,,,,,,https://reservations.ontarioparks.ca/images/fb2478ee-0491-4fd4-8999-58b28741023d.jpg,https://reservations.ontarioparks.ca/images/29b5c877-4b2b-491e-ba18-87d4af915307.jpg,https://reservations.ontarioparks.ca/images/05e216d8-ccfe-4583-b5c8-7bb5cd9e36cd.jpg,,,
-2147475313,4,George Lake - A,,-2147483648,0,-32684,40,,1,6,,-32768/-32768; -32768/-32767; -32768/-32766; -32768/-32765,Vehicle Parking,No,"Above Avg. Vehicular Traffic, Above Avg. Pedestrian Traffic",,,No,,,Premium Rate,,,Middle Left,Gravel,,Tree(s),Unlimited,1,None,,,Poor,No,Average,,,,Non-Electric,,,,12.0,Partial Shade - PM Sun,10.0,,,,,,,,https://reservations.ontarioparks.ca/images/ad3152ac-7ca6-4bb8-a583-c20c4a553cf4.jpg,https://reservations.ontarioparks.ca/images/c0c0effc-8daa-4103-a08b-4ea088c81b26.jpg,https://reservations.ontarioparks.ca/images/9487e5dc-9773-44a5-b28e-492fcfe67afd.jpg,,,
-2147475152,5,George Lake - A,,-2147483648,0,-32684,50,,1,6,,-32768/-32768; -32768/-32767; -32768/-32766; -32768/-32765,Vehicle Parking,No,"Above Avg. Vehicular Traffic, Above Avg. Pedestrian Traffic",,,No,,,Premium Rate,,,Back Centre,Gravel,,,Unlimited,1,Slight,,,Average,No,Average,,,,Non-Electric,,,,8.0,Partial Shade - PM Sun,12.0,,,,,,,,https://reservations.ontarioparks.ca/images/b4742a07-62d1-4192-9475-6b77bc94a453.jpg,https://reservations.ontarioparks.ca/images/303d52ab-59ae-4859-bf7c-1bd5ff84311d.jpg,,,,
-2147475276,6,George Lake - A,,-2147483648,0,-32684,60,,1,6,,-32768/-32768; -32768/-32767; -32768/-32766; -32768/-32765,Vehicle Parking,No,"Above Avg. Vehicular Traffic, Above Avg. Pedestrian Traffic",,,No,,,Premium Rate,,,Middle Left,Gravel,,,Unlimited,1,Slight,,,Average,No,Average,,,,Non-Electric,,,,6.0,Full Shade,9.0,,,,,,,,https://reservations.ontarioparks.ca/images/7010174e-ba4f-4007-9ce4-11f3a0cb83bf.jpg,https://reservations.ontarioparks.ca/images/d3add628-d1b0-4aa4-ab34-f55e8cb3e5aa.jpg,https://reservations.ontarioparks.ca/images/6867bc21-3b1a-4f0d-b8ac-1f529e0af15f.jpg,,,
-2147475173,7,George Lake - A,,-2147483648,0,-32684,70,,1,6,,-32768/-32768; -32768/-32767; -32768/-32766; -32768/-32765,,No,Above Avg. Pedestrian Traffic,,,No,,,Premium Rate,,,Middle Left,Gravel,,,Unlimited,1,Slight,,,Average,No,Average,,,,Non-Electric,,,,7.0,Partial Shade - PM Sun,10.0,,,,,,,,https://reservations.ontarioparks.ca/images/2c7e05ff-da73-4772-a011-2eeccc3a275a.jpg,https://reservations.ontarioparks.ca/images/c298230e-fd81-4501-99b0-c411d25cb253.jpg,,,,
-2147475329,8,George Lake - A,,-2147483648,0,-32684,80,,1,6,,-32768/-32768; -32768/-32767; -32768/-32766; -32768/-32765,,No,Above Avg. Pedestrian Traffic,,,No,,,Premium Rate,,,Middle Left,Gravel,,,Unlimited,1,Slight,,,Average,No,Good,,,,Non-Electric,,,,9.0,Partial Shade - PM Sun,13.0,,,,,,,,https://reservations.ontarioparks.ca/images/92365e5b-0cc7-4f71-a9ef-12a7517a25f7.jpg,https://reservations.ontarioparks.ca/images/219daca8-b181-4cb7-9354-ecc5dd8bd21e.jpg,https://reservations.ontarioparks.ca/images/ef4dd975-4684-4569-9daa-c1c78db2f17f.jpg,,,
-2147475234,10,George Lake - A,,-2147483648,0,-32684,100,,1,6,,-32768/-32768; -32768/-32767; -32768/-32766; -32768/-32765; -32768/-32764; -32768/-32763,"Privy, Beach",No,Above Avg. Pedestrian Traffic,,,No,,,Premium Rate,,,Middle Left,Gravel,,,Unlimited,1,None,,,Average,No,Good,,,,Non-Electric,,,,10.0,Partial Shade - PM Sun,12.0,,,,,,,,https://reservations.ontarioparks.ca/images/510bde26-d16e-419e-8133-1660f288cd0d.jpg,https://reservations.ontarioparks.ca/images/fbacdefa-3305-48a8-b0ab-f2f8c02443e3.jpg,,,,
-2147475296,11,George Lake - A,,-2147483648,0,-32684,110,,1,6,,-32768/-32768; -32768/-32767; -32768/-32766; -32768/-32765,"Privy, Water Tap",No,,,,No,,,Premium Rate,,,Middle Left,Gravel,,Tree(s),Unlimited,1,Slight,,,Average,No,Good,,,,Non-Electric,,,,11.0,Partial Shade - PM Sun,9.0,,,,,,,,https://reservations.ontarioparks.ca/images/1c5e0e20-8e1c-43d3-8a7e-bddb38c873ba.jpg,https://reservations.ontarioparks.ca/images/089a3bfb-70a1-4cba-a492-3358857b67ea.jpg,,,,
-2147475317,12,George Lake - A,,-2147483648,0,-32684,120,,1,6,,-32768/-32768; -32768/-32767; -32768/-32766,,No,,,,No,,,Premium Rate,,,Middle Left,Gravel,,,Unlimited,1,None,,,Average,No,Good,,,,Non-Electric,,,,8.0,Partial Shade - PM Sun,9.0,,,,,,,,https://reservations.ontarioparks.ca/images/e96e5eea-799b-45e6-879c-25a842de2c7f.jpg,https://reservations.ontarioparks.ca/images/4975ecc0-da2a-49c4-85db-b790ab3d30d1.jpg,,,,
-2147475202,13,George Lake - A,,-2147483648,0,-32684,130,,1,6,,-32768/-32768; -32768/-32767; -32768/-32766; -32768/-32765,,No,,,,No,,,Premium Rate,,,Middle Left,Gravel,,,Unlimited,1,None,,,Average,No,Good,,,,Non-Electric,,,,7.0,Full Shade,11.0,,,,,,,,https://reservations.ontarioparks.ca/images/3880e8a8-f42f-4fa8-847d-e1bc9050908d.jpg,https://reservations.ontarioparks.ca/images/24adfe63-8a45-4cbd-83b7-f9354e83d5fe.jpg,https://reservations.ontarioparks.ca/images/64ce4703-aecf-466a-a888-f8d931a831a4.jpg,,,
-2147475299,14,George Lake - A,,-2147483648,0,-32684,140,,1,6,,-32768/-32768; -32768/-32767; -32768/-32766; -32768/-32765,,No,,,,No,,,Premium Rate,,,Middle Left,Gravel,,,Unlimited,1,Slight,,,Average,No,Good,,,,Non-Electric,,,,11.0,Full Shade,8.0,,,,,,,,https://reservations.ontarioparks.ca/images/794ebbad-4756-4b03-b467-347022cd7726.jpg,https://reservations.ontarioparks.ca/images/0f13af67-a352-4466-87ec-a31d1a934deb.jpg,https://reservations.ontarioparks.ca/images/97f44af3-7ccf-423a-8c51-03e9d8bdb050.jpg,,,
-2147475319,15,George Lake - A,,-2147483648,0,-32684,150,,1,6,,-32768/-32768; -32768/-32767; -32768/-32766; -32768/-32765,Water Tap,No,,,,No,,,Premium Rate,,,Middle Left,Gravel,,Tree(s),Unlimited,1,Slight,,,Average,No,Good,,,,Non-Electric,,,,9.0,Full Shade,10.0,,,,,,,,https://reservations.ontarioparks.ca/images/ad541ed6-3104-414a-9688-84d37c8aa11f.jpg,https://reservations.ontarioparks.ca/images/17fa04a8-2c1a-4a34-9db0-ee7d92b905b8.jpg,,,,
-2147475200,16,George Lake - A,,-2147483648,0,-32684,160,,1,6,,-32768/-32768; -32768/-32767; -32768/-32766; -32768/-32765,,No,,,,No,,,Premium Rate,,,Middle Left,Gravel,,Tree(s),Unlimited,1,None,,,Average,No,Good,,,,Non-Electric,,,,9.0,Full Shade,11.0,,,,,,,,https://reservations.ontarioparks.ca/images/22cabe99-9219-410f-971f-0ac06f2635a2.jpg,https://reservations.ontarioparks.ca/images/18ade0b2-46b4-4a3e-a669-eca7d04aaa86.jpg,,,,
-2147475305,17,George Lake - A,,-2147483648,0,-32684,170,,1,6,,-32768/-32768; -32768/-32767; -32768/-32766; -32768/-32765,Privy,No,,,,No,,,Premium Rate,,,Middle Left,Gravel,,,Unlimited,1,None,,,Average,No,Good,,,,Non-Electric,,,,10.0,Partial Shade - PM Sun,11.0,,,,,,,,https://reservations.ontarioparks.ca/images/843bde31-1ed2-4558-a158-9d5015f65cb9.jpg,https://reservations.ontarioparks.ca/images/8e7c5d49-f3de-4f86-b675-d1913f918a4a.jpg,https://reservations.ontarioparks.ca/images/524acce3-991b-4017-bc86-c6f8179f043a.jpg,,,
-2147475248,18,George Lake - A,,-2147483648,0,-32684,180,,1,6,,-32768/-32768; -32768/-32767; -32768/-32766; -32768/-32765,,No,,,,No,,,Premium Rate,,,Middle Left,Gravel,,,Unlimited,1,Slight,,,Average,No,Good,,,,Non-Electric,,,,14.0,Partial Shade - PM Sun,8.0,,,,,,,,https://reservations.ontarioparks.ca/images/62197ae1-f01b-4347-b61b-ddbb5a4238ac.jpg,https://reservations.ontarioparks.ca/images/25e726d3-ef27-499d-8231-8693db00a538.jpg,,,,
-2147475275,19,George Lake - A,,-2147483648,0,-32684,190,,1,6,,-32768/-32768; -32768/-32767; -32768/-32766; -32768/-32765,,No,,,,No,,,Premium Rate,,,Middle Left,Gravel,,,Unlimited,1,Slight,,,Average,No,Good,,,,Non-Electric,,,,10.0,Partial Shade - PM Sun,10.0,,,,,,,,https://reservations.ontarioparks.ca/images/cddebf1f-7866-4e34-99aa-60a874eff730.jpg,https://reservations.ontarioparks.ca/images/9f73876e-aa39-42d6-942a-152e599284f1.jpg,,,,
-2147475251,20,George Lake - A,,-2147483648,0,-32684,200,,1,6,,-32768/-32768; -32768/-32767; -32768/-32766; -32768/-32765,,No,,,,No,,,Premium Rate,,,Middle Right,Gravel,,,Unlimited,1,Slight,,,Average,No,Good,,,,Non-Electric,,,,9.0,Partial Shade - PM Sun,10.0,,,,,,,,https://reservations.ontarioparks.ca/images/a6e51414-81b1-4b2b-9be8-c03a5175e99f.jpg,https://reservations.ontarioparks.ca/images/040bbff0-57d3-428f-93ac-5826b5c3a45a.jpg,,,,
-2147475254,21,George Lake - A,,-2147483648,0,-32684,210,,1,6,,-32768/-32768; -32768/-32767; -32768/-32766; -32768/-32765,,No,,,,No,,,Premium Rate,,,Middle Left,Gravel,,,Unlimited,1,Slight,,,Average,No,Good,,,,Non-Electric,,,,8.0,Partial Shade - PM Sun,12.0,,,,,,,,https://reservations.ontarioparks.ca/images/255692d2-1182-4a61-848b-1503a82b4b1d.jpg,https://reservations.ontarioparks.ca/images/f79dd4d2-278c-484b-9874-7654308ac5e4.jpg,,,,
-2147475219,22,George Lake - A,,-2147483648,0,-32684,220,,1,6,,-32768/-32768; -32768/-32767; -32768/-32766; -32768/-32765,Water Tap,No,,,,No,,,Premium Rate,,,Middle Left,Gravel,,,Unlimited,1,Slight,,,Average,No,Good,,,,Non-Electric,,,,9.0,Partial Shade - PM Sun,11.0,,,,,,,,https://reservations.ontarioparks.ca/images/dc7e9bd4-10aa-4458-9711-181fcaf3f63a.jpg,https://reservations.ontarioparks.ca/images/3c32884a-f7ea-40be-b300-afd550a08763.jpg,,,,
-2147475153,23,George Lake - A,,-2147483648,0,-32684,230,,1,6,,-32768/-32768; -32768/-32767; -32768/-32766; -32768/-32765,Water Tap,No,,,,No,,,Premium Rate,,,Middle Left,Gravel,,,Unlimited,1,Slight,,,Good,No,Good,,,,Non-Electric,,,,10.0,Full Shade,9.0,,,,,,,,https://reservations.ontarioparks.ca/images/ef681a00-0937-4e21-b86b-ba4834ffd0f5.jpg,https://reservations.ontarioparks.ca/images/480b37a7-cb79-484c-9efb-666fd19f1222.jpg,,,,
-2147475226,24,George Lake - A,,-2147483648,0,-32684,240,,1,6,,-32768/-32768; -32768/-32767; -32768/-32766; -32768/-32765,,No,,,,No,,,Premium Rate,,,Middle Left,Gravel,,,Unlimited,1,Slight,,,Good,No,Good,,,,Non-Electric,,,,9.0,Full Shade,9.0,,,,,,,,https://reservations.ontarioparks.ca/images/6923032a-f98f-4c6f-88ea-d90ee3068462.jpg,https://reservations.ontarioparks.ca/images/9a3183d9-2122-4969-a720-a4c473b4303c.jpg,,,,
-2147475236,25,George Lake - A,,-2147483648,0,-32684,250,,1,6,,-32768/-32768; -32768/-32767; -32768/-32766; -32768/-32765,,No,,,,No,,,Premium Rate,,,Middle Left,Gravel,,,Unlimited,1,Slight,,,Good,No,Good,,,,Non-Electric,,,,9.0,Partial Shade - PM Sun,12.0,,,,,,,,https://reservations.ontarioparks.ca/images/cc3e55a8-006e-4f51-9a56-e3c641079fe8.jpg,https://reservations.ontarioparks.ca/images/098b94de-742f-4e82-842a-3d68560b5cd7.jpg,https://reservations.ontarioparks.ca/images/5c41fc40-a410-4956-9b07-126a87113b64.jpg,,,
-2147475159,26,George Lake - A,,-2147483648,0,-32684,260,,1,6,,-32768/-32768; -32768/-32767; -32768/-32766; -32768/-32765,,No,,,,No,,,Premium Rate,,,Middle Left,Gravel,,,Unlimited,1,None,,,Good,No,Good,,,,Non-Electric,,,,10.0,Full Shade,8.0,,,,,,,,https://reservations.ontarioparks.ca/images/1f2b3e03-b2b5-48df-ba8a-0808ef1dfb49.jpg,https://reservations.ontarioparks.ca/images/cd59b9ae-d467-438a-9b9c-ba52004e2715.jpg,https://reservations.ontarioparks.ca/images/df84db15-cdbb-499e-820a-2c23e440cef3.jpg,,,
-2147475350,27,George Lake - A,,-2147483648,0,-32684,270,,1,6,,-32768/-32768; -32768/-32767; -32768/-32766; -32768/-32765,"Privy, Water Tap",No,,,,No,,,Premium Rate,,,Middle Left,Gravel,,Tree(s),Unlimited,1,Slight,,,Good,No,Good,,,,Non-Electric,,,,12.0,Full Shade,7.0,,,,,,,,https://reservations.ontarioparks.ca/images/1faa7fcd-2b53-4666-bf9d-4be742941125.jpg,https://reservations.ontarioparks.ca/images/c5436220-cf1b-4e9c-b956-705e6b473405.jpg,https://reservations.ontarioparks.ca/images/72f7592e-ca75-4bfe-b97f-9ce2dab3033b.jpg,,,
-2147475151,28,George Lake - A,,-2147483648,0,-32684,280,,1,6,,-32768/-32768; -32768/-32767; -32768/-32766; -32768/-32765,,No,,,,No,,,Premium Rate,,,Middle Left,Gravel,,,Unlimited,1,Slight,,,Good,No,Good,,,,Non-Electric,,,,10.0,Full Shade,9.0,,,,,,,,https://reservations.ontarioparks.ca/images/874f6021-8cb5-47c7-979c-2981cbca6d6a.jpg,https://reservations.ontarioparks.ca/images/8dfd9c76-8b52-4367-9dd5-8ed1e66173dd.jpg,https://reservations.ontarioparks.ca/images/0f25f731-efdb-497a-b901-ba4be3f4f05d.jpg,,,
-2147475263,29,George Lake - A,,-2147483648,0,-32684,290,,1,6,,-32768/-32768; -32768/-32767; -32768/-32766; -32768/-32765,,No,,,,No,,,Premium Rate,,,Middle Left,Gravel,,Root(s),Unlimited,1,None,,,Good,No,Good,,,,Non-Electric,,,,10.0,Full Shade,8.0,,,,,,,,https://reservations.ontarioparks.ca/images/22f9a635-0b20-451f-8bd0-8f412f65b9e7.jpg,https://reservations.ontarioparks.ca/images/6b17868d-49e6-43c9-a4bc-b29cbc723703.jpg,,,,
-2147475197,37,George Lake - A,"Site renumbered for 2026, previously was campsite 31.",-2147483648,0,-32684,370,,1,6,,-32768/-32768; -32768/-32767; -32768/-32766; -32768/-32765; -32768/-32764; -32768/-32763,"Water Tap, Vehicle Parking",No,"Above Avg. Vehicular Traffic, Above Avg. Pedestrian Traffic",,,No,,,Premium Rate,,,Middle Left,Gravel,,,Unlimited,1,None,,,Poor,No,Average,,,,Non-Electric,,,,12.0,Partial Shade - PM Sun,10.0,,,,,,,,https://reservations.ontarioparks.ca/images/7a6b1f72-f262-4995-9383-e36614926aed.jpg,https://reservations.ontarioparks.ca/images/e75e8064-d780-4850-b084-f3bdaab57049.jpg,,,,
-2147475252,38,George Lake - A,"Site renumbered for 2026, previously was campsite 32.",-2147483648,0,-32684,380,,1,6,,-32768/-32768; -32768/-32767; -32768/-32766; -32768/-32765,"Water Tap, Vehicle Parking",No,"Above Avg. Vehicular Traffic, Above Avg. Pedestrian Traffic",,,No,,,Premium Rate,,,Middle Left,Gravel,,Tree(s),Unlimited,1,Slight,,,Poor,No,Average,,,,Non-Electric,,,,9.0,Partial Shade - PM Sun,10.0,,,,,,,,https://reservations.ontarioparks.ca/images/ec09ed4d-4a4f-460f-a35c-60c2d260e2df.jpg,https://reservations.ontarioparks.ca/images/2e9a3484-ba32-446c-97f3-edf110e1079d.jpg,,,,
-2147475262,39,George Lake - A,"Site renumbered for 2026, previously was campsite 33.",-2147483648,0,-32684,390,,1,6,,-32768/-32768; -32768/-32767; -32768/-32766; -32768/-32765,"Refuse Disposal, Vehicle Parking",No,"Above Avg. Vehicular Traffic, Above Avg. Pedestrian Traffic, Corner Site",,,No,,,Premium Rate,,,Middle Left,Gravel,,,Unlimited,1,Slight,,,Poor,No,Average,,,,Non-Electric,,,,12.0,Partial Shade - PM Sun,6.0,,,,,,,,https://reservations.ontarioparks.ca/images/b906afbb-c26a-44a0-b08e-7f0788ef85b8.jpg,https://reservations.ontarioparks.ca/images/cf1ee1a6-5a00-4b7e-8ce9-1a4aa75f0382.jpg,,,,
-2147475295,W1,George Lake - A (Winter),"Parking at campsite post. Short walk into site required.
Site renumbered for 2026, previously was campsite 30.",-2147483648,0,-32684,300,,1,6,,-32768/-32768; -32768/-32767; -32768/-32766,,No,,,,No,,,Premium Rate,,,Middle Right,Gravel,,Tree(s),Unlimited,1,None,,,Good,No,Good,Walk In,,,Non-Electric,,,,8.0,Full Shade,10.0,,,,,,,,https://reservations.ontarioparks.ca/images/a5b7d799-85d2-4dd0-a801-af4b5ecbcfe8.jpg,https://reservations.ontarioparks.ca/images/316622dc-aa86-4802-8ab1-fcc6f09dada9.jpg,,,,
-2147475277,Y1,George Lake - A (Yurt),"Biome Yurt.

Walk-in (50m in summer, 500m in winter).",-2147483646,0,-32344,2010,,,6,,,,,,Outdoor,No,No,15 Amps,,Regular Rate,,,Front Right,"Gravel, Soil",,,2,,None,,,Good,,Good,"Walk In, No Motorboats",No,1.0,Electric,,300.0,Outdoor,4.0,Full Shade,4.0,Two Single/Double Bunk Beds,,Outdoor,70.0,,Outdoor,37.0,https://reservations.ontarioparks.ca/images/d224a618-3250-44d7-a2bf-d1ce6b7b062f.jpg,https://reservations.ontarioparks.ca/images/f78f53af-2f44-4811-9568-c11c8a6fe5c6.jpg,https://reservations.ontarioparks.ca/images/45d7dc8b-515a-4611-9949-dc175410c06c.jpg,https://reservations.ontarioparks.ca/images/b1f0167d-bbba-4dc5-a137-272f24c96e28.jpg,https://reservations.ontarioparks.ca/images/651ea660-ba90-455a-acb2-02c9fde9d6bb.jpg,
-2147475265,Y2,George Lake - A (Yurt),"Biome Yurt.

Walk-in (100m in summer, 500m in winter).",-2147483646,0,-32344,2020,,,6,,,,,,Outdoor,No,No,15 Amps,,Regular Rate,,,Front Right,"Gravel, Soil",,,2,,None,,,Good,,Good,"Walk In, No Motorboats",No,1.0,Electric,,350.0,Outdoor,4.0,Full Shade,4.0,Two Single/Double Bunk Beds,,Outdoor,116.0,,Outdoor,30.0,https://reservations.ontarioparks.ca/images/583cb826-af8c-4f93-8d07-8ec0782a7162.jpg,https://reservations.ontarioparks.ca/images/af4a90d0-4082-46af-ac3c-2c2b3182b8e8.jpg,https://reservations.ontarioparks.ca/images/d5f29416-aa2d-4193-b498-3b7bec3fd388.jpg,https://reservations.ontarioparks.ca/images/56338b9d-d6ec-4359-bad5-145a61309f69.jpg,https://reservations.ontarioparks.ca/images/845f2a90-c1dc-4000-93ac-bf66ea8e681b.jpg,
-2147475201,Y3,George Lake - A (Yurt),"Walk-in (50m to 150m in summer, 500m in winter).",-2147483646,0,-32344,2030,,,6,,,,,,Outdoor,No,No,15 Amps,,Regular Rate,,,Front Right,"Gravel, Soil",,,2,,None,,,Good,,Good,"Walk In, No Motorboats",No,1.0,Electric,,400.0,Outdoor,4.0,Full Shade,4.0,Two Single/Double Bunk Beds,,Outdoor,170.0,,Outdoor,82.0,https://reservations.ontarioparks.ca/images/35ea0628-1b76-4180-b4bd-ccef789ef64d.jpg,https://reservations.ontarioparks.ca/images/78b2ea1f-bc5a-4757-948a-79d60ef8b812.jpg,https://reservations.ontarioparks.ca/images/2a636b05-2670-464c-84a7-e5aa0d5182d3.jpg,https://reservations.ontarioparks.ca/images/31c27306-7efd-4986-bcdc-43b93467949d.jpg,https://reservations.ontarioparks.ca/images/7e9e4bdf-4946-40c9-bf0e-ad6a7080eff1.jpg,
-2147475180,Y4,George Lake - A (Yurt),"Walk-in (50m to 150m in summer, 500m in winter).",-2147483646,0,-32344,2040,,,6,,,,,,Outdoor,No,No,15 Amps,,Regular Rate,,,Front Right,"Gravel, Soil",,,2,,None,,,Good,,Good,"Walk In, No Motorboats",No,1.0,Electric,,440.0,Outdoor,4.0,Full Shade,4.0,Two Single/Double Bunk Beds,,Outdoor,200.0,,Outdoor,120.0,https://reservations.ontarioparks.ca/images/5c4a9472-66ba-4654-9dbb-17aa30eaceb9.jpg,https://reservations.ontarioparks.ca/images/44261b7d-4188-4482-8fd9-d1f0ace204b6.jpg,https://reservations.ontarioparks.ca/images/391687a6-4309-44c2-bce0-6ca84720111e.jpg,https://reservations.ontarioparks.ca/images/27a80435-f4d4-4d59-81eb-b56fab16cf26.jpg,https://reservations.ontarioparks.ca/images/958b0794-6f0c-462b-af3c-feaad2d9e192.jpg,
-2147475281,Y5,George Lake - A (Yurt),"Walk-in (50m to 150m in summer, 500m in winter).",-2147483646,0,-32344,2050,,,6,,,,,,Outdoor,No,No,15 Amps,,Regular Rate,,,Front Right,"Gravel, Soil",,,2,,None,,,Good,,Good,"Walk In, No Motorboats",No,1.0,Electric,,375.0,Outdoor,4.0,Full Shade,4.0,Two Single/Double Bunk Beds,,Outdoor,140.0,,Outdoor,55.0,https://reservations.ontarioparks.ca/images/e1489339-e740-4786-8ce2-ef85a967932b.jpg,https://reservations.ontarioparks.ca/images/24e1b553-a07d-4eb7-ac4a-cacd8ac28afc.jpg,https://reservations.ontarioparks.ca/images/c33a7ed0-489b-4203-9e2f-ce6736f9a958.jpg,https://reservations.ontarioparks.ca/images/9d13dd14-0ee3-47ff-a710-092d523971ec.jpg,https://reservations.ontarioparks.ca/images/2eb305d5-3c48-4135-883b-238bcda4447c.jpg,
-2147475288,Y6,George Lake - A (Yurt),"Walk-in (50m to 150m in summer, 500m in winter).",-2147483646,0,-32344,2060,,,6,,,,,,Outdoor,Yes,No,15 Amps,,Regular Rate,,,Front Right,"Gravel, Soil",,,2,,None,,,Good,,Good,Walk In,No,1.0,Electric,,320.0,Outdoor,4.0,Full Shade,4.0,Two Single/Double Bunk Beds,,Outdoor,90.0,,Outdoor,57.0,https://reservations.ontarioparks.ca/images/942474d5-c997-42d7-a980-1336477c4853.jpg,https://reservations.ontarioparks.ca/images/614a60ec-d6d6-4cdb-b2a7-bfb3732f33f1.jpg,https://reservations.ontarioparks.ca/images/267b2d1b-2493-4461-b684-1313480d513b.jpg,https://reservations.ontarioparks.ca/images/5be2c361-935b-4368-99a3-d6929b680230.jpg,,
-2147475286,40,George Lake - B,"Site renumbered for 2026, previously was campsite 36.",-2147483648,0,-32684,400,,1,6,,-32768/-32768; -32768/-32767; -32768/-32766; -32768/-32765,,Yes,"Above Avg. Vehicular Traffic, Above Avg. Pedestrian Traffic",,,No,,,Premium Rate,,,Middle Left,Gravel,,Tree(s),Unlimited,1,Slight,,,Average,No,Average,,,,Non-Electric,,,,14.0,Partial Shade - PM Sun,8.0,,,,,,,,https://reservations.ontarioparks.ca/images/1e978985-5e5e-46db-9fb3-686b7e7d6c9d.png,https://reservations.ontarioparks.ca/images/9fa97254-b69c-4ec9-b44a-e1fac65e586f.jpg,https://reservations.ontarioparks.ca/images/aed22358-6e6d-461b-a1aa-d023eaf57b09.jpg,https://reservations.ontarioparks.ca/images/4aa22b05-83e7-4ead-aaa3-78523987e606.jpg,,
-2147475231,41,George Lake - B,"Site renumbered for 2026, previously was campsite 38.",-2147483648,0,-32684,410,,1,6,,-32768/-32768; -32768/-32767; -32768/-32766; -32768/-32765,,No,"Above Avg. Vehicular Traffic, Above Avg. Pedestrian Traffic, Corner Site",,,No,,,Premium Rate,,,Middle Left,Gravel,,Tree(s),Unlimited,1,None,,,Average,No,Average,,,,Non-Electric,,,,9.0,Partial Shade - PM Sun,10.0,,,,,,,,https://reservations.ontarioparks.ca/images/477f6629-cfbd-41a0-98a6-16f4277fa4cf.jpg,https://reservations.ontarioparks.ca/images/a69cd799-fb21-44aa-9dc6-539a8c556ecc.jpg,https://reservations.ontarioparks.ca/images/61eb9d5f-d0ea-411d-b6f2-f69247d946d9.jpg,,,
-2147475315,42,George Lake - B,"Site renumbered for 2026, previously was campsite 37.",-2147483648,0,-32684,420,,1,6,,-32768/-32768; -32768/-32767,,No,"Above Avg. Vehicular Traffic, Above Avg. Pedestrian Traffic",,,No,,,Premium Rate,,,Middle Left,Gravel,,Tree(s),Unlimited,1,Slight,,,Average,No,Average,,,,Non-Electric,,,,12.0,Partial Shade - PM Sun,9.0,,,,,,,,https://reservations.ontarioparks.ca/images/35af50cc-11ce-4d7f-a2ce-db1b3a4b57eb.jpg,https://reservations.ontarioparks.ca/images/bae95118-d47f-4342-b990-2b1ba6f6b702.jpg,https://reservations.ontarioparks.ca/images/3bf184ce-5550-4c06-9f6d-975dbce08fe2.jpg,,,
-2147475235,43,George Lake - B,"Site renumbered for 2026, previously was campsite 40.",-2147483648,0,-32684,430,,1,6,,-32768/-32768; -32768/-32767; -32768/-32766; -32768/-32765,,No,,,,No,,,Premium Rate,,,Middle Left,Gravel,,,Unlimited,1,Slight,,,Good,No,Good,,,,Non-Electric,,,,13.0,Partial Shade - PM Sun,10.0,,,,,,,,https://reservations.ontarioparks.ca/images/f0a43350-346d-41d2-9004-45a5b4404998.jpg,https://reservations.ontarioparks.ca/images/964c2ca4-7471-4d26-b1f6-6dd47389c3b9.jpg,,,,
-2147475301,44,George Lake - B,"Site renumbered for 2026, previously was campsite 42.",-2147483648,0,-32684,440,,1,6,,-32768/-32768; -32768/-32767; -32768/-32766; -32768/-32765,,No,,,,No,,,Premium Rate,,,Middle Left,Gravel,,Tree(s),Unlimited,1,Slight,,,Good,No,Good,,,,Non-Electric,,,,11.0,Partial Shade - PM Sun,10.0,,,,,,,,https://reservations.ontarioparks.ca/images/89fa4eac-a6af-4727-89db-ce89e17673fb.jpg,https://reservations.ontarioparks.ca/images/5780d895-d96e-416a-b2f0-5278c5453723.jpg,,,,
-2147475176,45,George Lake - B,,-2147483648,0,-32684,450,,1,6,,-32768/-32768; -32768/-32767; -32768/-32766,Privy,No,"Above Avg. Vehicular Traffic, Above Avg. Pedestrian Traffic",,,No,,,Premium Rate,,,Middle Left,Gravel,,Tree(s),Unlimited,1,Moderate,,,Poor,No,Average,,,,Non-Electric,,,,11.0,Partial Shade - PM Sun,9.0,,,,,,,,https://reservations.ontarioparks.ca/images/f3295ca5-a28e-4657-87be-a6911fd36554.jpg,https://reservations.ontarioparks.ca/images/528e569e-8c28-4aa4-a58f-e6beeaa8e563.jpg,https://reservations.ontarioparks.ca/images/81800067-d0fc-409e-869b-ff14b0869cb2.jpg,,,
-2147475244,46,George Lake - B,,-2147483648,0,-32684,460,,1,6,,-32768/-32768; -32768/-32767; -32768/-32766,Privy,No,"Above Avg. Vehicular Traffic, Above Avg. Pedestrian Traffic",,,No,,,Premium Rate,,,Middle Left,Gravel,,,Unlimited,1,Slight,,,Poor,No,Average,,,,Non-Electric,,,,7.0,Partial Shade - PM Sun,8.0,,,,,,,,https://reservations.ontarioparks.ca/images/acf42861-efc7-42d2-a254-c88c1ea634fc.jpg,https://reservations.ontarioparks.ca/images/8dc5d6db-84ad-4eed-9ebc-17ec47984b9d.jpg,https://reservations.ontarioparks.ca/images/7497e71e-4f42-4c36-906b-627072180f4d.jpg,,,
-2147475177,47,George Lake - B,,-2147483648,0,-32684,470,,1,6,,-32768/-32768; -32768/-32767,Water Tap,No,"Above Avg. Vehicular Traffic, Above Avg. Pedestrian Traffic",,,No,,,Premium Rate,,,Front Centre,Gravel,,,Unlimited,1,Slight,,,Average,No,Poor,,,,Non-Electric,,,,7.0,Partial Shade - PM Sun,7.0,,,,,,,,https://reservations.ontarioparks.ca/images/75dc168b-8eae-4796-935a-7d85901a77ca.jpg,https://reservations.ontarioparks.ca/images/36c13305-bb9b-4bb0-b453-1c627bab87b8.jpg,https://reservations.ontarioparks.ca/images/32a212d0-e6c7-4cd2-8298-2c47a6c3facc.jpg,,,
-2147475204,48,George Lake - B,,-2147483648,0,-32684,480,,1,6,,-32768/-32768; -32768/-32767; -32768/-32766; -32768/-32765,Water Tap,No,"Above Avg. Vehicular Traffic, Above Avg. Pedestrian Traffic",,,No,,,Premium Rate,,,Middle Right,Gravel,,Tree(s),Unlimited,1,Slight,,,Average,No,Good,,,,Non-Electric,,,,12.0,Full Shade,7.0,,,,,,,,https://reservations.ontarioparks.ca/images/79b86dbd-7dd9-4a8e-8e58-494c5d5592d0.jpg,https://reservations.ontarioparks.ca/images/72e7fd6b-d821-4de0-9bd1-68d0e5939dff.jpg,,,,
-2147475323,49,George Lake - B,,-2147483648,0,-32684,490,,1,6,,-32768/-32768; -32768/-32767; -32768/-32766; -32768/-32765,,No,,,,No,,,Premium Rate,,,Middle Right,Gravel,,,Unlimited,1,Slight,,,Good,No,Good,,,,Non-Electric,,,,11.0,Partial Shade - PM Sun,7.0,,,,,,,,https://reservations.ontarioparks.ca/images/08b1fb78-8fd8-4efb-bd81-ad208c6060ff.jpg,https://reservations.ontarioparks.ca/images/7a55d885-d509-4075-9810-69b8b953275a.jpg,,,,
-2147475250,50,George Lake - B,,-2147483648,0,-32684,500,,1,6,,-32768/-32768; -32768/-32767; -32768/-32766; -32768/-32765; -32768/-32764; -32768/-32763,Water Tap,No,"Above Avg. Vehicular Traffic, Above Avg. Pedestrian Traffic",,,No,,,Premium Rate,,,Middle Left,Gravel,,,Unlimited,1,Slight,,,Average,No,Average,,,,Non-Electric,,,,12.0,Partial Shade - PM Sun,6.0,,,,,,,,https://reservations.ontarioparks.ca/images/f6248af9-4501-427e-bda2-96c6e43a6acc.jpg,https://reservations.ontarioparks.ca/images/046113c2-a223-4359-9fb2-9ddeee66a8c2.jpg,https://reservations.ontarioparks.ca/images/4426ddfc-ff14-458b-8525-c864afda19d9.jpg,,,
-2147475168,51,George Lake - B,,-2147483648,0,-32684,510,,1,6,,-32768/-32768; -32768/-32767; -32768/-32766; -32768/-32765,Water Tap,No,"Above Avg. Vehicular Traffic, Above Avg. Pedestrian Traffic",,,No,,,Premium Rate,,,Middle Right,Gravel,,Tree(s),Unlimited,1,None,,,Poor,No,Average,,,,Non-Electric,,,,9.0,Partial Shade - PM Sun,8.0,,,,,,,,https://reservations.ontarioparks.ca/images/b87f8254-e15f-47a3-a991-2ea2072213be.jpg,https://reservations.ontarioparks.ca/images/fc4bf849-4afb-447a-af5b-035fbc5b86ea.jpg,,,,
-2147475232,52,George Lake - B,,-2147483648,0,-32684,520,,1,6,,-32768/-32768; -32768/-32767; -32768/-32766; -32768/-32765; -32768/-32764; -32768/-32763,,No,"Above Avg. Vehicular Traffic, Above Avg. Pedestrian Traffic",,,No,,,Premium Rate,,,Middle Left,Gravel,,,Unlimited,1,None,,,Average,No,Average,,,,Non-Electric,,,,11.0,Partial Shade - PM Sun,6.0,,,,,,,,https://reservations.ontarioparks.ca/images/1af72997-e58b-4f58-b592-961c7e3fcc57.jpg,https://reservations.ontarioparks.ca/images/54c2b0a3-9791-4913-96dd-7c103754a5ae.jpg,https://reservations.ontarioparks.ca/images/478c4f16-012f-46c4-baaf-41952113d4c1.jpg,,,
-2147475227,53,George Lake - B,,-2147483648,0,-32684,530,,1,6,,-32768/-32768; -32768/-32767; -32768/-32766; -32768/-32765,,No,,,,No,,,Premium Rate,,,Middle Left,Gravel,,,Unlimited,1,Slight,,,Average,No,Good,,,,Non-Electric,,,,11.0,Partial Shade - PM Sun,9.0,,,,,,,,https://reservations.ontarioparks.ca/images/10d749d0-288e-428b-b1e3-fc330b9453ee.jpg,https://reservations.ontarioparks.ca/images/f50deb8b-4841-4031-beb6-e2ea07ac0d82.jpg,https://reservations.ontarioparks.ca/images/0c400fd7-00bd-4e50-829f-7c7639bc3e42.jpg,,,
-2147475194,54,George Lake - B,,-2147483648,0,-32684,540,,1,6,,-32768/-32768; -32768/-32767; -32768/-32766; -32768/-32765,,No,,,,No,,,Premium Rate,,,Middle Left,Gravel,,Tree(s),Unlimited,1,Slight,,,Average,No,Good,,,,Non-Electric,,,,11.0,Partial Shade - PM Sun,8.0,,,,,,,,https://reservations.ontarioparks.ca/images/e219d379-a229-465f-a1f4-e53e0f816855.jpg,https://reservations.ontarioparks.ca/images/34893c7d-b8c7-43c8-a5b1-e48a4948977c.jpg,https://reservations.ontarioparks.ca/images/57ba83f8-9ec7-476d-be5a-20fa7f270e99.jpg,,,
-2147475292,55,George Lake - B,Parking at campsite post. Short walk into site required.,-2147483648,0,-32684,550,,1,6,,-32768/-32768; -32768/-32767; -32768/-32766,,No,,,,No,,,Premium Rate,,,Middle Left,Gravel,,Tree(s),Unlimited,1,Moderate,,,Good,No,Average,Walk In,,,Non-Electric,,,,8.0,Partial Shade - PM Sun,9.0,,,,,,,,https://reservations.ontarioparks.ca/images/5d71d0a5-5f68-4703-875f-081b046a6c0e.jpg,https://reservations.ontarioparks.ca/images/d173ec00-10b1-495a-a6f0-b22f437fb140.jpg,https://reservations.ontarioparks.ca/images/78aac95e-ab7f-4c14-af9f-c14784ea31eb.jpg,,,
-2147475245,56,George Lake - B,,-2147483648,0,-32684,560,,1,6,,-32768/-32768; -32768/-32767; -32768/-32766,,No,,,,No,,,Premium Rate,,,Middle Right,Gravel,,Tree(s),Unlimited,1,Moderate,,,Average,No,Average,,,,Non-Electric,,,,7.0,Partial Shade - PM Sun,11.0,,,,,,,,https://reservations.ontarioparks.ca/images/51591d85-2e83-45c4-a1c0-100c4a80b6a8.jpg,https://reservations.ontarioparks.ca/images/7a6bba2b-1b3b-4295-b7c8-a113c68edb82.jpg,https://reservations.ontarioparks.ca/images/042dce07-9f56-4aba-86e7-0a9079c9245a.jpg,,,
-2147475307,57,George Lake - B,,-2147483648,0,-32684,570,,1,6,,-32768/-32768; -32768/-32767; -32768/-32766; -32768/-32765,Vehicle Parking,No,"Above Avg. Vehicular Traffic, Above Avg. Pedestrian Traffic",,,No,,,Premium Rate,,,Middle Left,Gravel,,Tree(s),Unlimited,1,None,,,Average,No,Average,,,,Non-Electric,,,,9.0,Full Shade,8.0,,,,,,,,https://reservations.ontarioparks.ca/images/d7c52f0d-cbfe-4f06-8f7b-e0cedce1fdbc.jpg,https://reservations.ontarioparks.ca/images/8268dd6c-5711-4eda-8ef1-0b7a000513e2.jpg,https://reservations.ontarioparks.ca/images/083f124e-efa8-46c9-ba94-65fbcb40912e.jpg,,,
-2147475195,58,George Lake - B,,-2147483648,0,-32684,580,,1,6,,-32768/-32768; -32768/-32767; -32768/-32766; -32768/-32765; -32768/-32764; -32768/-32763,,No,,,,No,,,Premium Rate,,,Middle Right,Gravel,,,Unlimited,1,None,,,Average,No,Good,,,,Non-Electric,,,,11.0,Partial Shade - PM Sun,7.0,,,,,,,,https://reservations.ontarioparks.ca/images/5cdfa718-4910-422a-9213-f7320c5c2f1a.jpg,https://reservations.ontarioparks.ca/images/3e0cdab9-c246-4471-b55b-ceb5dba47311.jpg,https://reservations.ontarioparks.ca/images/042938cb-8841-4576-a420-7fd8ac53fca4.jpg,,,
-2147475246,59,George Lake - B,,-2147483648,0,-32684,590,,1,6,,-32768/-32768; -32768/-32767; -32768/-32766; -32768/-32765,,No,,,,No,,,Premium Rate,,,Middle Right,Gravel,,Tree(s),Unlimited,1,Slight,,,Average,No,Average,,,,Non-Electric,,,,10.0,Full Shade,8.0,,,,,,,,https://reservations.ontarioparks.ca/images/923ba3c2-5ebc-4558-8fd8-b40e784dd4ab.jpg,https://reservations.ontarioparks.ca/images/b926ba81-eee7-43a6-9d02-ded212fa5238.jpg,https://reservations.ontarioparks.ca/images/80b9d839-98dc-47f5-9526-48e280e45029.jpg,,,
-2147475321,60,George Lake - B,,-2147483648,0,-32684,600,,1,6,,-32768/-32768; -32768/-32767; -32768/-32766; -32768/-32765,,No,,,,No,,,Premium Rate,,,Middle Right,Gravel,,Tree(s),Unlimited,1,Moderate,,,Average,No,Good,,,,Non-Electric,,,,10.0,Partial Shade - PM Sun,9.0,,,,,,,,https://reservations.ontarioparks.ca/images/97bb0663-db21-4300-beaa-d79723726144.jpg,https://reservations.ontarioparks.ca/images/d6981018-d1ae-4db3-9aad-50cfa5cd5ee8.jpg,,,,
-2147475312,61,George Lake - B,,-2147483648,0,-32684,610,,1,6,,-32768/-32768,,No,,,,No,,,Premium Rate,,,Middle Right,Gravel,,Tree(s),Unlimited,1,Moderate,,,Poor,No,Poor,,,,Non-Electric,,,,9.0,Partial Shade - PM Sun,7.0,,,,,,,,https://reservations.ontarioparks.ca/images/4eb2b330-2174-471f-97b8-6b397ad728d8.jpg,https://reservations.ontarioparks.ca/images/737a831a-2518-415d-8767-f94758576edd.jpg,https://reservations.ontarioparks.ca/images/809d586a-1a5d-408a-a6fe-e14ae10cbc78.jpg,,,
-2147475154,62,George Lake - B,,-2147483648,0,-32684,620,,1,6,,-32768/-32768; -32768/-32767; -32768/-32766; -32768/-32765,,No,Above Avg. Pedestrian Traffic,,,No,,,Premium Rate,,,Middle Left,Gravel,,Tree(s),Unlimited,1,Slight,,,Average,No,Average,,,,Non-Electric,,,,12.0,Partial Shade - PM Sun,8.0,,,,,,,,,,,,,
-2147475318,63,George Lake - B,Parking at campsite post. Short walk into site required.,-2147483648,0,-32684,630,,1,6,,-32768/-32768; -32768/-32767; -32768/-32766,,No,Above Avg. Pedestrian Traffic,,,No,,,Premium Rate,,,Middle Right,Gravel,,Tree(s),Unlimited,1,Slight,,,Good,No,Good,Walk In,,,Non-Electric,,,,11.0,Partial Shade - PM Sun,9.0,,,,,,,,https://reservations.ontarioparks.ca/images/b9c39c26-1860-43f6-a250-64d609684cbd.jpg,https://reservations.ontarioparks.ca/images/a01c466e-f719-4e0f-b9a9-d0bbfff0801a.jpg,https://reservations.ontarioparks.ca/images/f0536e55-5b56-49b6-95be-00e5f6d50c53.jpg,,,
-2147475303,64,George Lake - B,,-2147483648,0,-32684,640,,1,6,,-32768/-32768; -32768/-32767; -32768/-32766; -32768/-32765,"Privy, Water Tap",No,,,,No,,,Premium Rate,,,Middle Right,Gravel,,,Unlimited,1,None,,,Average,No,Average,,,,Non-Electric,,,,13.0,Full Shade,6.0,,,,,,,,https://reservations.ontarioparks.ca/images/628121f6-1a41-4cf0-9393-b5bf8ee12cad.jpg,https://reservations.ontarioparks.ca/images/78f2ed7f-870d-4e5c-abb5-f2bfca2e226f.jpg,https://reservations.ontarioparks.ca/images/29c5cda8-3063-4eab-a9c9-07bb070410e4.jpg,,,
-2147475228,65,George Lake - B,,-2147483648,0,-32684,650,,1,6,,-32768/-32768; -32768/-32767; -32768/-32766; -32768/-32765,Water Tap,No,"Above Avg. Vehicular Traffic, Above Avg. Pedestrian Traffic",,,No,,,Premium Rate,,,Middle Right,Gravel,,Root(s),Unlimited,1,Slight,,,Average,No,Good,,,,Non-Electric,,,,9.0,Full Shade,10.0,,,,,,,,https://reservations.ontarioparks.ca/images/a8a3db85-9694-41ab-bb3c-63173ab976a0.jpg,https://reservations.ontarioparks.ca/images/d2d5af4d-2088-44dc-88ab-aed794e74dfe.jpg,https://reservations.ontarioparks.ca/images/5b590257-2f0e-4eac-ba36-483f51dd7374.jpg,,,
-2147475258,66,George Lake - B,,-2147483648,0,-32684,660,,1,6,,-32768/-32768; -32768/-32767; -32768/-32766; -32768/-32765,,No,,,,No,,,Premium Rate,,,Middle Left,Gravel,,Tree(s),Unlimited,1,Slight,,,Good,No,Good,,,,Non-Electric,,,,10.0,Partial Shade - PM Sun,9.0,,,,,,,,https://reservations.ontarioparks.ca/images/8c1df526-7de7-4999-8961-fcd28800f452.jpg,https://reservations.ontarioparks.ca/images/a7f1dd08-e5a0-4915-93ae-291d47a96474.jpg,https://reservations.ontarioparks.ca/images/6802dc3a-e801-40c8-9ebc-c2b8dd7ae7a3.jpg,,,
-2147475163,67,George Lake - B,,-2147483648,0,-32684,670,,1,6,,-32768/-32768; -32768/-32767; -32768/-32766,,No,,,,No,,,Premium Rate,,,Middle Right,Gravel,,,Unlimited,1,Slight,,,Average,No,Average,,,,Non-Electric,,,,10.0,Partial Shade - PM Sun,7.0,,,,,,,,https://reservations.ontarioparks.ca/images/b48c6ebd-851f-44b0-84f4-892237d68a30.jpg,https://reservations.ontarioparks.ca/images/a1c5cadc-c1a0-444f-87fb-ae3f3f8362b1.jpg,https://reservations.ontarioparks.ca/images/125d50ac-89ae-446b-a632-f5f2ad86bf7d.jpg,,,
-2147475260,68,George Lake - B,,-2147483648,0,-32684,680,,1,6,,-32768/-32768; -32768/-32767; -32768/-32766; -32768/-32765,,No,,,,No,,,Premium Rate,,,Back Centre,Gravel,,Tree(s),Unlimited,1,Moderate,,,Average,No,Average,,,,Non-Electric,,,,10.0,No Shade/Full Sun,8.0,,,,,,,,https://reservations.ontarioparks.ca/images/6c338278-b2c1-4dd3-a119-6ab954e6d724.jpg,https://reservations.ontarioparks.ca/images/a26f9311-f749-43eb-b006-3c63eeff4d55.jpg,,,,
-2147475155,69,George Lake - B,,-2147483648,0,-32684,690,,1,6,,-32768/-32768; -32768/-32767,,No,,,,No,,,Premium Rate,,,Middle Left,Gravel,,Tree(s),Unlimited,1,Moderate,,,Average,No,Average,,,,Non-Electric,,,,5.0,Full Shade,10.0,,,,,,,,https://reservations.ontarioparks.ca/images/a11b5abc-44fb-4760-8a2c-c6e03b2ad997.jpg,https://reservations.ontarioparks.ca/images/a401ba44-b20d-4b3e-ad1e-d5f015d56540.jpg,https://reservations.ontarioparks.ca/images/846f944e-bc76-4267-b27f-ca163034433b.jpg,,,
-2147475327,70,George Lake - B,,-2147483648,0,-32684,700,,1,6,,-32768/-32768; -32768/-32767; -32768/-32766; -32768/-32765,,No,,,,No,,,Premium Rate,,,Middle Right,Gravel,,,Unlimited,1,Slight,,,Good,No,Good,,,,Non-Electric,,,,12.0,Partial Shade - PM Sun,8.0,,,,,,,,https://reservations.ontarioparks.ca/images/28f55f14-de01-40a6-a3dd-cee7c6243537.jpg,https://reservations.ontarioparks.ca/images/7a0c4c8b-46de-43ce-ba07-25add4a65ae3.jpg,https://reservations.ontarioparks.ca/images/84d61ff4-a9fb-411a-8ec0-8ef02d05c61d.jpg,,,
-2147475148,71,George Lake - B,,-2147483648,0,-32684,710,,1,6,,-32768/-32768; -32768/-32767; -32768/-32766; -32768/-32765,,No,,,,No,,,Premium Rate,,,Middle Left,Gravel,,,Unlimited,1,None,,,Good,No,Good,,,,Non-Electric,,,,10.0,Full Shade,6.0,,,,,,,,https://reservations.ontarioparks.ca/images/e4bcc62d-e2d3-46d7-8f0e-4cb2d5531a7a.jpg,https://reservations.ontarioparks.ca/images/0289eeec-e152-41dd-a1a9-9aefb0024fd6.jpg,https://reservations.ontarioparks.ca/images/950b0822-42a7-458f-85eb-168b838f4011.jpg,,,
-2147475267,72,George Lake - B,,-2147483648,0,-32684,720,,1,6,,-32768/-32768; -32768/-32767; -32768/-32766; -32768/-32765,,No,"Above Avg. Vehicular Traffic, Above Avg. Pedestrian Traffic",,,No,,,Premium Rate,,,Back Centre,Gravel,,,Unlimited,1,Slight,,,Poor,No,Poor,,,,Non-Electric,,,,7.0,Full Shade,9.0,,,,,,,,https://reservations.ontarioparks.ca/images/b6e6b96f-b42b-4ad4-9bfd-124c3671db83.jpg,https://reservations.ontarioparks.ca/images/96599f49-36f1-4c63-b8f6-7eb86f385b6c.jpg,,,,
-2147475161,73,George Lake - B,,-2147483648,0,-32684,730,,1,6,,-32768/-32768; -32768/-32767; -32768/-32766; -32768/-32765,,No,"Above Avg. Vehicular Traffic, Above Avg. Pedestrian Traffic",,,No,,,Premium Rate,,,Middle Left,Gravel,,Tree(s),Unlimited,1,Slight,,,Average,No,Average,,,,Non-Electric,,,,9.0,Full Shade,9.0,,,,,,,,https://reservations.ontarioparks.ca/images/390d8f86-a3e3-4048-8a04-118a0b184b29.jpg,https://reservations.ontarioparks.ca/images/3dcda431-dde5-42d4-93bc-db9c5dc4315e.jpg,https://reservations.ontarioparks.ca/images/b758ba92-26f0-46d4-8c33-f00105491520.jpg,,,
-2147475222,74,George Lake - B,,-2147483648,0,-32684,740,,1,6,,-32768/-32768; -32768/-32767; -32768/-32766; -32768/-32765,,No,,,,No,,,Premium Rate,,,Middle Left,Gravel,,,Unlimited,1,Slight,,,Good,No,Good,,,,Non-Electric,,,,9.0,Full Shade,9.0,,,,,,,,https://reservations.ontarioparks.ca/images/9070188d-0116-48fa-81f8-68e7022ce34b.jpg,https://reservations.ontarioparks.ca/images/dc287ac8-3879-44bb-a87a-1723cb4ac5b3.jpg,,,,
-2147475334,75,George Lake - B,,-2147483648,0,-32684,750,,1,6,,-32768/-32768; -32768/-32767; -32768/-32766; -32768/-32765; -32768/-32764; -32768/-32763,Water Tap,No,"Above Avg. Vehicular Traffic, Above Avg. Pedestrian Traffic, Corner Site",,,No,,,Premium Rate,,,Middle Left,Gravel,,,Unlimited,1,Slight,,,Poor,No,Average,,,,Non-Electric,,,,10.0,No Shade/Full Sun,8.0,,,,,,,,https://reservations.ontarioparks.ca/images/b8f14a9f-d446-45d2-8acd-ef698068f047.jpg,https://reservations.ontarioparks.ca/images/e6496384-2cbb-4270-b69e-7af6c722661b.jpg,https://reservations.ontarioparks.ca/images/1c3f92ba-024d-4bcc-acda-85e04dcc30ef.jpg,,,
-2147475156,76,George Lake - B,,-2147483648,0,-32684,760,,1,6,,-32768/-32768; -32768/-32767; -32768/-32766; -32768/-32765,,No,"Above Avg. Vehicular Traffic, Above Avg. Pedestrian Traffic",,,No,,,Premium Rate,,,Middle Left,Gravel,,,Unlimited,1,Slight,,,Poor,No,Average,,,,Non-Electric,,,,10.0,Full Shade,7.0,,,,,,,,https://reservations.ontarioparks.ca/images/bb5e242e-41e4-4d26-8ee7-49b40207659e.jpg,https://reservations.ontarioparks.ca/images/000f4f65-be4b-41a9-a109-a6d1dd5ffc78.jpg,,,,
-2147475347,77,George Lake - B,,-2147483648,0,-32684,770,,1,6,,-32768/-32768; -32768/-32767; -32768/-32766; -32768/-32765,,No,,,,No,,,Premium Rate,,,Middle Left,Gravel,,,Unlimited,1,Slight,,,Average,No,Average,,,,Non-Electric,,,,9.0,Partial Shade - PM Sun,8.0,,,,,,,,https://reservations.ontarioparks.ca/images/139febda-1d27-460b-b1b2-2ec845cccc57.jpg,https://reservations.ontarioparks.ca/images/2c029fa1-cf2d-42e2-aa4a-1464367a6a07.jpg,,,,
-2147475225,78,George Lake - B,,-2147483648,0,-32684,780,,1,6,,-32768/-32768; -32768/-32767,,No,,,,No,,,Premium Rate,,,Middle Left,Gravel,,,Unlimited,1,Moderate,,,Poor,No,Average,,,,Non-Electric,,,,7.0,Partial Shade - PM Sun,10.0,,,,,,,,https://reservations.ontarioparks.ca/images/6977da1b-06d4-4dac-8c0e-9ecf9281bfa1.jpg,https://reservations.ontarioparks.ca/images/55cb8162-9019-48a7-a62d-270abc2f3dfb.jpg,https://reservations.ontarioparks.ca/images/892500e6-6344-4519-8625-fc4951fcf8f9.jpg,,,
-2147475187,79,George Lake - B,,-2147483648,0,-32684,790,,1,6,,-32768/-32768; -32768/-32767; -32768/-32766,,No,,,,No,,,Premium Rate,,,Middle Right,Gravel,,Tree(s),Unlimited,1,Moderate,,,Average,No,Average,,,,Non-Electric,,,,5.0,Partial Shade - PM Sun,11.0,,,,,,,,https://reservations.ontarioparks.ca/images/c9f2dbeb-c2f2-4570-9f5d-1a737f091063.jpg,https://reservations.ontarioparks.ca/images/666bf563-3c52-4da5-9753-5ec3b05ee5b6.jpg,,,,
-2147475268,80,George Lake - B,Parking at campsite post. Short walk into site required.,-2147483648,0,-32684,800,,1,6,,-32768/-32768,,No,,,,No,,,Premium Rate,,,Front Centre,Gravel,,Root(s),Unlimited,1,Moderate,,,Good,No,Poor,Walk In,,,Non-Electric,,,,9.0,Full Shade,5.0,,,,,,,,https://reservations.ontarioparks.ca/images/52b08dc8-0fae-4166-b7bc-20b78df32383.jpg,https://reservations.ontarioparks.ca/images/7fd8af1f-ce6a-44b4-9a34-c7568ac151b1.jpg,,,,
-2147475188,81,George Lake - B,Parking at campsite post. Short walk into site required.,-2147483648,0,-32684,810,,1,6,,-32768/-32768; -32768/-32767; -32768/-32766,,No,,,,No,,,Premium Rate,,,Middle Right,Gravel,,,Unlimited,1,Slight,,,Good,No,Average,Walk In,,,Non-Electric,,,,10.0,Partial Shade - PM Sun,6.0,,,,,,,,https://reservations.ontarioparks.ca/images/3474d402-8f91-443b-9227-7e4a023fbc3d.jpg,https://reservations.ontarioparks.ca/images/527ebe23-12dd-4310-83e9-f1a833007a9b.jpg,https://reservations.ontarioparks.ca/images/95b8fc9f-42c1-417d-a4b9-3138eac54ba4.jpg,,,
-2147475283,115,George Lake - B,,-2147483648,0,-32684,1150,,1,6,,-32768/-32768; -32768/-32767; -32768/-32766; -32768/-32765,,No,,,,No,,,Premium Rate,,,Middle Left,Gravel,,,Unlimited,1,Slight,,,Average,No,Average,,,,Non-Electric,,,,8.0,Partial Shade - AM Sun,10.0,,,,,,,,https://reservations.ontarioparks.ca/images/42f78e6a-0b27-4c06-b3c3-560df88670a5.jpg,https://reservations.ontarioparks.ca/images/39286de2-ed42-4e89-81df-4ffc28b06b84.jpg,https://reservations.ontarioparks.ca/images/f87543a0-395b-48ab-8691-bc942cc1eee6.jpg,,,
-2147475255,116,George Lake - B,,-2147483648,0,-32684,1160,,1,6,,-32768/-32768; -32768/-32767; -32768/-32766; -32768/-32765,,No,,,,No,,,Premium Rate,,,Middle Left,Gravel,,,Unlimited,1,Slight,,,Average,No,Good,,,,Non-Electric,,,,11.0,Partial Shade - AM Sun,7.0,,,,,,,,https://reservations.ontarioparks.ca/images/3720575c-e565-423a-bc22-8c0971ee4881.jpg,https://reservations.ontarioparks.ca/images/630e9368-33fd-4557-a7bf-52071d087d8b.jpg,https://reservations.ontarioparks.ca/images/39ca144a-16b1-4c64-baf6-b882785484be.jpg,,,
-2147475284,117,George Lake - B,,-2147483648,0,-32684,1170,,1,6,,-32768/-32768; -32768/-32767; -32768/-32766; -32768/-32765,,No,,,,No,,,Premium Rate,,,Middle Right,Gravel,,,Unlimited,1,Slight,,,Poor,No,Good,,,,Non-Electric,,,,9.0,Partial Shade - AM Sun,11.0,,,,,,,,https://reservations.ontarioparks.ca/images/e3016106-201d-4f7f-87e4-74cf41b12251.jpg,https://reservations.ontarioparks.ca/images/4134d4e8-f323-4f77-81c2-7461dc00b689.jpg,https://reservations.ontarioparks.ca/images/83753b79-84eb-4dfe-bbfa-6fb806448c72.jpg,,,
-2147475186,118,George Lake - B,,-2147483648,0,-32684,1180,,1,6,,-32768/-32768; -32768/-32767; -32768/-32766; -32768/-32765,,No,,,,No,,,Premium Rate,,,Middle Right,Gravel,,Stumps,Unlimited,1,Slight,,,Good,No,Good,,,,Non-Electric,,,,12.0,Partial Shade - AM Sun,9.0,,,,,,,,https://reservations.ontarioparks.ca/images/0d855655-f663-4088-b5bc-db554be36437.jpg,https://reservations.ontarioparks.ca/images/433b5811-2ab2-42e0-b469-81dd72c90291.jpg,,,,
-2147475330,119,George Lake - B,,-2147483648,0,-32684,1190,,1,6,,-32768/-32768; -32768/-32767; -32768/-32766; -32768/-32765,,No,"Above Avg. Vehicular Traffic, Above Avg. Pedestrian Traffic",,,No,,,Premium Rate,,,Middle Right,Gravel,,Root(s),Unlimited,1,Slight,,,Average,No,Average,,,,Non-Electric,,,,7.0,Partial Shade - AM Sun,10.0,,,,,,,,https://reservations.ontarioparks.ca/images/e04ef682-625e-4f91-ac20-7665d46fbc35.jpg,https://reservations.ontarioparks.ca/images/251b9f5b-877e-40bf-91fd-938caa522283.jpg,https://reservations.ontarioparks.ca/images/6c3a66c8-9eb7-40d4-bbb9-d0b45714e201.jpg,,,
-2147475150,155,George Lake - B,"Site renumbered for 2026, previously was campsite 144.",-2147483648,0,-32684,1260,,1,6,,-32768/-32768; -32768/-32767; -32768/-32766; -32768/-32765; -32768/-32764; -32768/-32763,,No,,,,No,,,Premium Rate,,,Back Left,Grass,,,Unlimited,1,Slight,Yes,,Good,No,Good,,,,Non-Electric,,,,16.0,Partial Shade,9.0,,,,,,,,https://reservations.ontarioparks.ca/images/592207c4-f2a4-4d51-9243-f816fc55f666.jpg,https://reservations.ontarioparks.ca/images/7b158395-5dd7-4e35-8103-c37b7120bfe8.jpg,https://reservations.ontarioparks.ca/images/9b91a864-a81b-4f21-9a54-269d3ab4ff7e.jpg,,,
-2147475249,130,George Lake - B,"Site renumbered for 2026, previously was campsite 120.",-2147483648,0,-32684,1300,,1,6,,-32768/-32768; -32768/-32767; -32768/-32766,Water Tap,No,"Above Avg. Vehicular Traffic, Above Avg. Pedestrian Traffic",,,No,,,Premium Rate,,,Middle Left,Gravel,,,Unlimited,1,Slight,,,Poor,No,Poor,,,,Non-Electric,,,,9.0,Partial Shade - AM Sun,7.0,,,,,,,,https://reservations.ontarioparks.ca/images/0fad745d-48af-4f66-bcb9-749e3d990f1d.jpg,https://reservations.ontarioparks.ca/images/4468138e-6f32-47b2-aa17-450c4549dcd5.jpg,https://reservations.ontarioparks.ca/images/394946f3-b5d8-4394-adde-0f178c8d00ff.jpg,,,
-2147475160,131,George Lake - B,"Parking at campsite post. Short walk into site required.
Site renumbered for 2026, previously was campsite 121.",-2147483648,0,-32684,1310,,1,6,,-32768/-32768,,No,,,,No,,,Premium Rate,,,Middle Left,Gravel,,,Unlimited,1,Slight,,,Good,No,Average,Walk In,,,Non-Electric,,,,5.0,Partial Shade - AM Sun,7.0,,,,,,,,https://reservations.ontarioparks.ca/images/fae6dec1-482d-4220-8e77-1d7f12451eea.jpg,https://reservations.ontarioparks.ca/images/681f8085-c1ba-4652-84d6-394d3ccc3e55.jpg,https://reservations.ontarioparks.ca/images/c57d8e6d-2c4c-4215-adee-203a79a55318.jpg,,,
-2147475278,132,George Lake - B,"Site renumbered for 2026, previously was campsite 125.",-2147483648,0,-32684,1320,,1,6,,-32768/-32768,,No,,,,No,,,Premium Rate,,,Middle Right,Gravel,,,Unlimited,1,Moderate,,,Average,No,Average,,,,Non-Electric,,,,7.0,Partial Shade - AM Sun,6.0,,,,,,,,https://reservations.ontarioparks.ca/images/ff4350eb-84cf-4fd2-bd72-cc1c6808a9e4.jpg,https://reservations.ontarioparks.ca/images/f1a0332e-ff7a-4168-a92b-46da6336e3b7.jpg,https://reservations.ontarioparks.ca/images/d454981d-01db-4171-8541-5f3fde17af14.jpg,,,
-2147475353,133,George Lake - B,"Parking at campsite post. Short walk into site required.
Site renumbered for 2026, previously was campsite 122.",-2147483648,0,-32684,1330,,1,6,,-32768/-32768; -32768/-32767,,No,,,,No,,,Premium Rate,,,Middle Right,Gravel,,,Unlimited,1,Slight,,,Average,No,Average,Walk In,,,Non-Electric,,,,6.0,Partial Shade - AM Sun,7.0,,,,,,,,https://reservations.ontarioparks.ca/images/f3d3d8fa-b45a-49f7-b5c1-4ed57ee8a156.jpg,https://reservations.ontarioparks.ca/images/0e6d1a98-7e8e-4a84-87d3-2378790959fe.jpg,,,,
-2147475181,134,George Lake - B,"Site renumbered for 2026, previously was campsite 123.",-2147483648,0,-32684,1340,,1,6,,-32768/-32768; -32768/-32767; -32768/-32766,,No,,,,No,,,Premium Rate,,,Middle Right,Gravel,,Tree(s),Unlimited,1,Slight,,,Good,No,Average,,,,Non-Electric,,,,12.0,Partial Shade - AM Sun,5.0,,,,,,,,https://reservations.ontarioparks.ca/images/bb22e9a4-96df-41ae-b12d-18d946914363.jpg,https://reservations.ontarioparks.ca/images/e89d732b-aba4-4794-87b7-d0d5f5551e32.jpg,https://reservations.ontarioparks.ca/images/83ae0b65-298c-4849-a6b6-ce2b81b674ba.jpg,,,
-2147475149,135,George Lake - B,"Site renumbered for 2026, previously was campsite 124.",-2147483648,0,-32684,1350,,1,6,,-32768/-32768,,No,,,,No,,,Premium Rate,,,Middle Left,Gravel,,Tree(s),Unlimited,1,Slight,,,Good,No,Average,,,,Non-Electric,,,,5.0,Full Shade,7.0,,,,,,,,https://reservations.ontarioparks.ca/images/29cddcee-0f28-4a0b-bd97-7c6a2ed83210.jpg,https://reservations.ontarioparks.ca/images/2ec7e3f8-bb30-455c-b2c3-188e3f93cd65.jpg,,,,
-2147475208,136,George Lake - B,"Site renumbered for 2026, previously was campsite 139.",-2147483648,0,-32684,1360,,1,6,,-32768/-32768; -32768/-32767,,No,,,,No,,,Premium Rate,,,Back Centre,Gravel,,Tree(s),Unlimited,1,Moderate,,,Average,No,Poor,,,,Non-Electric,,,,7.0,Partial Shade - AM Sun,11.0,,,,,,,,https://reservations.ontarioparks.ca/images/f3f7be9c-4d3a-468f-b5a4-94574f35dd3f.jpg,https://reservations.ontarioparks.ca/images/a17e3824-1af7-4f47-97d1-f785b70332c2.jpg,,,,
-2147475306,137,George Lake - B,"Site renumbered for 2026, previously was campsite 140.",-2147483648,0,-32684,1370,,1,6,,-32768/-32768,,No,,,,No,,,Premium Rate,,,Middle Left,Gravel,,Tree(s),Unlimited,1,Moderate,,,Average,No,Average,,,,Non-Electric,,,,10.0,Partial Shade - AM Sun,6.0,,,,,,,,https://reservations.ontarioparks.ca/images/e90095c3-1510-4950-9603-e241d0059848.jpg,https://reservations.ontarioparks.ca/images/fa54b58b-7ddc-41e6-8657-0cf676ec0e3c.jpg,https://reservations.ontarioparks.ca/images/48a4b7d1-bb78-478b-9a5b-2591ef180b4c.jpg,,,
-2147475237,138,George Lake - B,"Site renumbered for 2026, previously was campsite 141.",-2147483648,0,-32684,1380,,1,6,,-32768/-32768,,No,,,,No,,,Premium Rate,,,Back Centre,Gravel,,,Unlimited,1,Slight,,,Average,No,Average,,,,Non-Electric,,,,5.0,Partial Shade - AM Sun,10.0,,,,,,,,https://reservations.ontarioparks.ca/images/9fc5e588-22cd-4607-b37f-cb41788e2b6b.jpg,https://reservations.ontarioparks.ca/images/913139e6-56cc-4037-83b8-711ae632ccf8.jpg,https://reservations.ontarioparks.ca/images/0f631e10-0ced-4e19-852c-edd16785835d.jpg,,,
-2147475243,139,George Lake - B,"Site renumbered for 2026, previously was campsite 142.",-2147483648,0,-32684,1390,,1,6,,-32768/-32768; -32768/-32767; -32768/-32766; -32768/-32765,,No,,,,No,,,Premium Rate,,,Middle Left,Gravel,,,Unlimited,1,Slight,,,Average,No,Average,,,,Non-Electric,,,,8.0,Partial Shade - AM Sun,8.0,,,,,,,,https://reservations.ontarioparks.ca/images/35c2660e-2da4-47be-b9d1-2f52e505149e.jpg,https://reservations.ontarioparks.ca/images/faff7a72-c8de-4343-a518-e559cb29720c.jpg,,,,
-2147475203,141,George Lake - B,"Site renumbered for 2026, previously was campsite 126.",-2147483648,0,-32684,1410,,1,6,,-32768/-32768; -32768/-32767; -32768/-32766; -32768/-32765,,No,,,,No,,,Premium Rate,,,Middle Left,Gravel,,Tree(s),Unlimited,1,Slight,,,Good,No,Average,,,,Non-Electric,,,,8.0,Full Shade,8.0,,,,,,,,https://reservations.ontarioparks.ca/images/bad6344b-37fa-4ed6-9b03-7598cbd6920e.jpg,https://reservations.ontarioparks.ca/images/aa12b8d4-0ac5-436a-9a71-ecc8c67bc650.jpg,,,,
-2147475289,142,George Lake - B,"Site renumbered for 2026, previously was campsite 127.",-2147483648,0,-32684,1420,,1,6,,-32768/-32768; -32768/-32767; -32768/-32766; -32768/-32765,,No,,,,No,,,Premium Rate,,,Middle Right,Gravel,,,Unlimited,1,None,,,Poor,Yes,Poor,,,,Non-Electric,,,,11.0,Partial Shade - AM Sun,5.0,,,,,,,,https://reservations.ontarioparks.ca/images/da2d0a9a-ac48-41a2-909f-698efe15475d.jpg,https://reservations.ontarioparks.ca/images/107a275e-4b8e-48b2-af01-adcf296d975a.jpg,,,,
-2147475308,143,George Lake - B,"Site renumbered for 2026, previously was campsite 128.",-2147483648,0,-32684,1430,,1,6,,-32768/-32768; -32768/-32767; -32768/-32766; -32768/-32765; -32768/-32764; -32768/-32763,Water Tap,No,,,,No,,,Premium Rate,,,Middle Right,Gravel,,,Unlimited,1,None,,,Average,Yes,Average,,,,Non-Electric,,,,14.0,Partial Shade - AM Sun,4.0,,,,,,,,https://reservations.ontarioparks.ca/images/e92a3ba8-da9b-49a0-8c16-56d17d4c5fae.jpg,https://reservations.ontarioparks.ca/images/7696d08f-8159-498e-b161-900fd93a5e43.jpg,,,,
-2147475214,144,George Lake - B,"Site renumbered for 2026, previously was campsite 129.",-2147483648,0,-32684,1440,,1,6,,-32768/-32768; -32768/-32767; -32768/-32766; -32768/-32765; -32768/-32764; -32768/-32763,,No,,,,No,,,Premium Rate,,,Middle Right,Gravel,,,Unlimited,1,Slight,,,Average,Yes,Average,,,,Non-Electric,,,,16.0,Partial Shade - AM Sun,5.0,,,,,,,,https://reservations.ontarioparks.ca/images/fbec2a60-b12a-4da1-850c-a4c1f75cf1ea.jpg,https://reservations.ontarioparks.ca/images/a3af4870-5a6d-48a1-bb5b-0cdb040a890f.jpg,,,,
-2147475309,145,George Lake - B,"Site renumbered for 2026, previously was campsite 130.",-2147483648,0,-32684,1450,,1,6,,-32768/-32768; -32768/-32767; -32768/-32766; -32768/-32765,,No,"Above Avg. Vehicular Traffic, Above Avg. Pedestrian Traffic",,,No,,,Premium Rate,,,Middle Right,Gravel,,Rock(s),Unlimited,1,Slight,,,Average,Yes,Average,,,,Non-Electric,,,,14.0,Partial Shade - AM Sun,5.0,,,,,,,,https://reservations.ontarioparks.ca/images/43936e7f-d197-4275-afee-8d6142f50291.jpg,,,,,
-2147475356,146,George Lake - B,"Site renumbered for 2026, previously was campsite 131.",-2147483648,0,-32684,1460,,1,6,,-32768/-32768; -32768/-32767; -32768/-32766; -32768/-32765; -32768/-32764; -32768/-32763,Water Tap,No,,,,No,,,Premium Rate,,,Middle Right,Gravel,,,Unlimited,1,None,,,Average,Yes,Average,,,,Non-Electric,,,,18.0,Partial Shade - AM Sun,4.0,,,,,,,,https://reservations.ontarioparks.ca/images/dd6217d2-2e53-478e-ae8e-439181018b3e.jpg,https://reservations.ontarioparks.ca/images/53991b04-9a99-4ca5-89e2-2b11d5f7f3dc.jpg,https://reservations.ontarioparks.ca/images/c4ef3b86-4ac9-4ea2-9c73-1a38d3ca7f6c.jpg,,,
-2147475238,147,George Lake - B,"Site renumbered for 2026, previously was campsite 132.",-2147483648,0,-32684,1470,,1,6,,-32768/-32768; -32768/-32767; -32768/-32766; -32768/-32765; -32768/-32764; -32768/-32763,,No,,,,No,,,Premium Rate,,,Middle Right,Gravel,,,Unlimited,1,Slight,,,Average,Yes,Average,,,,Non-Electric,,,,13.0,Partial Shade - AM Sun,4.0,,,,,,,,https://reservations.ontarioparks.ca/images/6d0b7300-10a7-43ba-82e6-05a786b774ba.jpg,https://reservations.ontarioparks.ca/images/9a66d58a-be3c-4b17-adf8-c25e3a16a250.jpg,,,,
-2147475342,148,George Lake - B,"Site renumbered for 2026, previously was campsite 133.",-2147483648,0,-32684,1480,,1,6,,-32768/-32768; -32768/-32767; -32768/-32766; -32768/-32765; -32768/-32764; -32768/-32763,,No,,,,No,,,Premium Rate,,,Middle Right,Gravel,,,Unlimited,1,None,,,Average,Yes,Average,,,,Non-Electric,,,,13.0,Partial Shade - AM Sun,5.0,,,,,,,,https://reservations.ontarioparks.ca/images/2ede0993-9614-4bb9-9f33-162356d0f402.jpg,https://reservations.ontarioparks.ca/images/11c23cd4-be95-4abd-873d-ef749230bc1c.jpg,,,,
-2147475341,149,George Lake - B,"Site renumbered for 2026, previously was campsite 134.",-2147483648,0,-32684,1490,,1,6,,-32768/-32768; -32768/-32767; -32768/-32766; -32768/-32765,,No,"Above Avg. Vehicular Traffic, Above Avg. Pedestrian Traffic",,,No,,,Premium Rate,,,Middle Right,Gravel,,,Unlimited,1,None,,,Average,Yes,Average,,,,Non-Electric,,,,12.0,Partial Shade - AM Sun,5.0,,,,,,,,https://reservations.ontarioparks.ca/images/0cff0949-5a16-4bf7-9e95-ae556a57de2e.jpg,https://reservations.ontarioparks.ca/images/a1f7bda1-2afb-4aca-89e3-521ccb2d87bf.jpg,https://reservations.ontarioparks.ca/images/30ea022a-f7f6-4019-ba1c-9af97f386926.jpg,,,
-2147475166,150,George Lake - B,"Site renumbered for 2026, previously was campsite 135.",-2147483648,0,-32684,1500,,1,6,,-32768/-32768; -32768/-32767; -32768/-32766; -32768/-32765; -32768/-32764; -32768/-32763,Water Tap,No,,,,No,,,Premium Rate,,,Middle Right,Gravel,,,Unlimited,1,Slight,,,Average,Yes,Average,,,,Non-Electric,,,,11.0,Partial Shade - AM Sun,5.0,,,,,,,,,,,,,
-2147475273,151,George Lake - B,"Site renumbered for 2026, previously was campsite 136.",-2147483648,0,-32684,1510,,1,6,,-32768/-32768; -32768/-32767; -32768/-32766; -32768/-32765,,No,,,,No,,,Premium Rate,,,Middle Right,Gravel,,,Unlimited,1,None,,,Average,Yes,Average,,,,Non-Electric,,,,13.0,Partial Shade - AM Sun,5.0,,,,,,,,https://reservations.ontarioparks.ca/images/4ae70fdb-9544-46d3-9fac-53902fd88c07.jpg,https://reservations.ontarioparks.ca/images/96c0915f-7fc2-4692-bd87-e40f8fa1d1ce.jpg,https://reservations.ontarioparks.ca/images/a8476ee8-9669-410f-a9e2-5a20bd0c5097.jpg,,,
-2147475253,152,George Lake - B,"Site renumbered for 2026, previously was campsite 143.",-2147483648,0,-32684,1520,,1,6,,-32768/-32768,,No,,,,No,,,Premium Rate,,,Back Left,Gravel,,,Unlimited,1,None,,,Poor,No,Poor,,,,Non-Electric,,,,8.0,Partial Shade,7.0,,,,,,,,https://reservations.ontarioparks.ca/images/e040278b-6145-4fe8-a1e2-168048343f0b.jpg,https://reservations.ontarioparks.ca/images/0312cd70-dbe6-49b4-b218-1ee0a428fe4b.jpg,https://reservations.ontarioparks.ca/images/e59cd152-a6da-4ba1-8939-5a7908ef3e65.jpg,,,
-2147475355,C1,George Lake - B (Cabin),"Amenities: Propane fireplace, mini fridge, coffee maker, microwave, gas barbeque. Walk-in 300m in winter.<br>Site renumbered for 2026, previously was campsite 137.",-2147483645,0,-32755,2510,,,5,,,,,,Outdoor,No,No,15 Amps,,Regular Rate,,,,Gravel,,,,,,,,Good,,Average,"No Pets, No Motorboats",No,1.0,Electric,,180.0,Outdoor,11.0,,9.0,"Queen Bed, Single/Double Bunk Bed",,Outdoor,180.0,,Outdoor,100.0,https://reservations.ontarioparks.ca/images/67b875ab-a12f-4642-92f9-b33bea25fbaf.jpg,https://reservations.ontarioparks.ca/images/ed64a68e-73b2-4093-a639-38c21634d2be.jpg,https://reservations.ontarioparks.ca/images/49a54a6d-75ca-47f7-8b66-9da82ea713f5.jpg,https://reservations.ontarioparks.ca/images/82116402-60c5-4b15-b0c7-c44dcba21c61.jpg,https://reservations.ontarioparks.ca/images/0bcf5812-3da8-4b9b-a75c-be571e5fa5e0.jpg,
-2147475157,C2,George Lake - B (Cabin),"Amenities: Propane fireplace, mini fridge, coffee maker, microwave, gas barbeque.  Walk-in 300m in winter.<br>Site renumbered for 2026, previously was campsite 138.",-2147483645,0,-32755,2520,,,5,,,,,,Outdoor,Yes,No,15 Amps,,Regular Rate,,,Middle Left,Gravel,,,,,,,,Good,,Average,No Pets,No,1.0,Electric,,150.0,Outdoor,13.0,Partial Shade - AM Sun,6.0,"Queen Bed, Single/Double Bunk Bed",,Outdoor,150.0,,Outdoor,70.0,https://reservations.ontarioparks.ca/images/a67d45cb-b0ce-4274-8d99-7c74adbbc968.jpg,https://reservations.ontarioparks.ca/images/9d1ae56a-131b-452a-86d3-de6573d9aed9.jpg,https://reservations.ontarioparks.ca/images/10a8672d-fa27-4ee4-93ff-9a19ea86cb2c.jpg,https://reservations.ontarioparks.ca/images/be4e0682-a92c-4f2b-9510-498c508a9b8e.jpg,,
-2147475142,82,George Lake - C,,-2147483648,0,-32684,820,,1,6,,-32768/-32768; -32768/-32767; -32768/-32766,Water Tap,No,"Above Avg. Vehicular Traffic, Above Avg. Pedestrian Traffic, Corner Site",,,No,,,Premium Rate,,,Middle Left,Gravel,,Tree(s),Unlimited,1,Slight,,,Poor,No,Average,No Tents,,,Non-Electric,,,,8.0,Partial Shade - PM Sun,8.0,,,,,,,,https://reservations.ontarioparks.ca/images/eb6451a2-75fc-4d93-b0e5-5973d3bcbb0e.jpg,https://reservations.ontarioparks.ca/images/5a3fff0a-75e4-4321-819d-f792f2793e29.jpg,https://reservations.ontarioparks.ca/images/dc706564-0f4c-4835-83ef-10a06f341a06.jpg,,,
-2147475261,83,George Lake - C,,-2147483648,0,-32684,830,,1,6,,-32768/-32768; -32768/-32767; -32768/-32766,,No,,,,No,,,Premium Rate,,,Back Centre,Gravel,,,Unlimited,1,Moderate,,,Average,No,Average,No Tents,,,Non-Electric,,,,6.0,Partial Shade - PM Sun,10.0,,,,,,,,https://reservations.ontarioparks.ca/images/dfb41bc7-df7a-4cdf-9f41-1f9866288b6f.jpg,https://reservations.ontarioparks.ca/images/d35a4b6d-948b-4ef0-9273-9fb8b6418fd3.jpg,https://reservations.ontarioparks.ca/images/e450452c-ed54-4c9f-8b9e-48b8a62a86ba.jpg,,,
-2147475322,84,George Lake - C,,-2147483648,0,-32684,840,,1,6,,-32768/-32768; -32768/-32767; -32768/-32766,,No,,,,No,,,Premium Rate,,,Back Centre,Gravel,,Tree(s),Unlimited,1,Slight,,,Good,No,Good,No Tents,,,Non-Electric,,,,8.0,Full Shade,12.0,,,,,,,,https://reservations.ontarioparks.ca/images/4f06f655-d190-4e38-8ac3-f709593172fc.jpg,https://reservations.ontarioparks.ca/images/b4378639-5ffd-4459-8ebf-bba8988c5ec5.jpg,https://reservations.ontarioparks.ca/images/5c141cde-1a1c-4fe5-aa1a-5bae4796fbf8.jpg,,,
-2147475189,91,George Lake - C,"Site renumbered for 2026, previously was campsite 87.",-2147483648,0,-32684,910,,1,6,,-32768/-32768,"Beach, Body of Water",No,,,,No,,,Premium Rate,,,Back Centre,Gravel,,,Unlimited,1,Slight,,,Poor,No,Good,No Tents,,,Non-Electric,,,,7.0,Partial Shade,7.0,,,,,,,,https://reservations.ontarioparks.ca/images/c3dbc9c3-c044-44fe-9cf0-dd709954bb8c.jpg,https://reservations.ontarioparks.ca/images/17f2927d-c873-4066-b976-4e317d0e4f65.jpg,https://reservations.ontarioparks.ca/images/d493de11-d130-4f5b-ab34-5e099613c315.jpg,,,
-2147475144,92,George Lake - C,"Site renumbered for 2026, previously was campsite 88.",-2147483648,0,-32684,920,,1,6,,-32768/-32768; -32768/-32767; -32768/-32766,Body of Water,No,Windy,,,No,,,Premium Rate,,,Middle Left,Gravel,,Tree(s),Unlimited,1,Slight,,,Average,No,Good,No Tents,,,Non-Electric,,,,7.0,Partial Shade,9.0,,,,,,,,https://reservations.ontarioparks.ca/images/3b411ce7-8720-4efe-9e66-0a6e3253fad8.jpg,https://reservations.ontarioparks.ca/images/f6120a81-8361-4888-b8bf-4afaf4290a9c.jpg,https://reservations.ontarioparks.ca/images/2c412951-f8dc-406e-bdaf-a54d409a2f5a.jpg,,,
-2147475191,93,George Lake - C,"Site renumbered for 2026, previously was campsite 89.",-2147483648,0,-32684,930,,1,6,,-32768/-32768; -32768/-32767; -32768/-32766,Body of Water,No,Windy,,,No,,,Premium Rate,,,Middle Right,Gravel,,Stumps,Unlimited,1,Slight,,,Average,No,Good,No Tents,,,Non-Electric,,,,6.0,Full Shade,11.0,,,,,,,,https://reservations.ontarioparks.ca/images/03a88457-49f0-493f-b815-6108eb10831a.jpg,https://reservations.ontarioparks.ca/images/7b3dd05a-26cf-45e4-9185-fb4c4ba1a18a.jpg,https://reservations.ontarioparks.ca/images/ec5513a2-305b-4286-98ad-753a46209490.jpg,,,
-2147475290,94,George Lake - C,"Site renumbered for 2026, previously was campsite 90.",-2147483648,0,-32684,940,,1,6,,-32768/-32768; -32768/-32767; -32768/-32766,,No,,,,No,,,Premium Rate,,,Middle Left,Gravel,,Tree(s),Unlimited,1,Slight,,,Average,No,Good,No Tents,,,Non-Electric,,,,8.0,Partial Shade,10.0,,,,,,,,https://reservations.ontarioparks.ca/images/723ddadc-f3c0-4bc9-a7f0-d82573f913c5.jpg,https://reservations.ontarioparks.ca/images/b0cf9d2c-d76b-4444-a733-eb1a49949ffe.jpg,,,,
-2147475270,95,George Lake - C,"Site renumbered for 2026, previously was campsite 91.",-2147483648,0,-32684,950,,1,6,,-32768/-32768; -32768/-32767; -32768/-32766,,No,,,,No,,,Premium Rate,,,Middle Left,Gravel,,,Unlimited,1,Slight,,,Average,No,Good,No Tents,,,Non-Electric,,,,7.0,Partial Shade,6.0,,,,,,,,https://reservations.ontarioparks.ca/images/43181193-2bbd-440e-995c-b3af1ef3cfae.jpg,https://reservations.ontarioparks.ca/images/845c662c-4321-4897-b44f-b9952fb56975.jpg,https://reservations.ontarioparks.ca/images/bd7f8f5a-47f6-43ff-9c54-92e514d7464a.jpg,,,
-2147475198,96,George Lake - C,"Site renumbered for 2026, previously was campsite 92.",-2147483648,0,-32684,960,,1,6,,-32768/-32768,,No,,,,No,,,Premium Rate,,,Middle Left,Gravel,,Tree(s),Unlimited,1,Moderate,,,Average,No,Good,No Tents,,,Non-Electric,,,,8.0,Partial Shade,8.0,,,,,,,,https://reservations.ontarioparks.ca/images/7383ec59-aa30-41b4-801c-f44773569eec.jpg,https://reservations.ontarioparks.ca/images/aa5ca943-cd84-4f60-9ee1-bbd4ef27a3bb.jpg,https://reservations.ontarioparks.ca/images/c8c242a8-44dc-4159-9dd4-2110fe9c9c47.jpg,,,
-2147475171,97,George Lake - C,"Site renumbered for 2026, previously was campsite 93.",-2147483648,0,-32684,970,,1,6,,-32768/-32768; -32768/-32767; -32768/-32766,"Privy, Water Tap, Wetland/Marsh",No,,,,No,,,Premium Rate,,,Middle Left,Gravel,,,Unlimited,1,Slight,,,Average,No,Average,No Tents,,,Non-Electric,,,,7.0,Partial Shade,10.0,,,,,,,,https://reservations.ontarioparks.ca/images/88120c1d-4cef-4b51-ba87-b90dbc59f295.jpg,https://reservations.ontarioparks.ca/images/747a29ef-5c88-4b0f-837a-95eaf2d82e02.jpg,https://reservations.ontarioparks.ca/images/33270ee9-b826-4da5-ab33-aaaf5fb25efd.jpg,,,
-2147475247,98,George Lake - C,"Site renumbered for 2026, previously was campsite 97.",-2147483648,0,-32684,980,,1,6,,-32768/-32768; -32768/-32767; -32768/-32766,Wetland/Marsh,No,,,,No,,,Premium Rate,,,Back Centre,Gravel,,Root(s),Unlimited,1,Slight,,,Good,No,Good,No Tents,,,Non-Electric,,,,5.0,Partial Shade - AM Sun,15.0,,,,,,,,https://reservations.ontarioparks.ca/images/90ec8ca9-25a4-4402-9661-8c9504b85ff1.jpg,https://reservations.ontarioparks.ca/images/2aab3223-56e0-44bf-b860-1f2bc9d23566.jpg,,,,
-2147475351,99,George Lake - C,Parking at campsite post. Short walk into site required.,-2147483648,0,-32684,990,,1,6,,-32768/-32768,Wetland/Marsh,No,,,,No,,,Premium Rate,,,Middle Right,Gravel,,,Unlimited,1,Slight,,,Poor,No,Average,"Walk In, No Tents",,,Non-Electric,,,,8.0,Partial Shade,6.0,,,,,,,,https://reservations.ontarioparks.ca/images/98f1d8f9-644a-42d9-93bd-7ef1d4a58507.jpg,https://reservations.ontarioparks.ca/images/96788599-48e3-4d7b-a870-042b0e4f5bf4.jpg,https://reservations.ontarioparks.ca/images/9009a091-fb3a-43cd-8144-32860e3ad9d9.jpg,,,
-2147475297,100,George Lake - C,,-2147483648,0,-32684,1000,,1,6,,-32768/-32768,Privy,No,"Above Avg. Vehicular Traffic, Above Avg. Pedestrian Traffic",,,No,,,Premium Rate,,,Middle Left,Gravel,,Rock(s),Unlimited,1,Moderate,,,Poor,No,Poor,No Tents,,,Non-Electric,,,,10.0,Partial Shade - AM Sun,6.0,,,,,,,,https://reservations.ontarioparks.ca/images/f542f905-7869-4345-a990-c2b19824c2a4.jpg,https://reservations.ontarioparks.ca/images/ecd3014b-9078-4df4-8c3a-bba6236c5992.jpg,,,,
-2147475224,101,George Lake - C,,-2147483648,0,-32684,1010,,1,6,,-32768/-32768; -32768/-32767,Wetland/Marsh,No,"Above Avg. Vehicular Traffic, Above Avg. Pedestrian Traffic",,,No,,,Premium Rate,,,Middle Right,Gravel,,,Unlimited,1,Slight,,,Poor,No,Average,No Tents,,,Non-Electric,,,,7.0,Partial Shade - PM Sun,10.0,,,,,,,,https://reservations.ontarioparks.ca/images/f3acb840-2ff4-4e3a-b1d0-abf78c5a5c14.jpg,https://reservations.ontarioparks.ca/images/6ff47fde-6914-46c7-aad5-e3aa4ce3c223.jpg,https://reservations.ontarioparks.ca/images/a888924a-a24a-4716-8062-e5799f5c653a.jpg,,,
-2147475230,102,George Lake - C,,-2147483648,0,-32684,1020,,1,6,,-32768/-32768; -32768/-32767; -32768/-32766,Wetland/Marsh,No,"Above Avg. Vehicular Traffic, Above Avg. Pedestrian Traffic",,,No,,,Premium Rate,,,Back Centre,Gravel,,Tree(s),Unlimited,1,Slight,,,Poor,No,Average,No Tents,,,Non-Electric,,,,8.0,Full Shade,10.0,,,,,,,,https://reservations.ontarioparks.ca/images/52934589-0f87-453f-8d82-0ad0b73da61b.jpg,https://reservations.ontarioparks.ca/images/34f698cf-b769-4790-8d30-6083ac076d86.jpg,https://reservations.ontarioparks.ca/images/e6f4b0a4-d19d-4ce6-b755-7521e1d5fe0a.jpg,,,
-2147475269,103,George Lake - C,,-2147483648,0,-32684,1030,,1,6,,-32768/-32768; -32768/-32767; -32768/-32766; -32768/-32765,Water Tap,No,"Above Avg. Vehicular Traffic, Above Avg. Pedestrian Traffic, Corner Site",,,No,,,Premium Rate,,,Back Centre,Gravel,,Root(s),Unlimited,1,,,,Poor,No,Average,No Tents,,,Non-Electric,,,,7.0,Partial Shade - AM Sun,9.0,,,,,,,,https://reservations.ontarioparks.ca/images/a50467ec-612f-4c34-b867-e093a0753e95.jpg,https://reservations.ontarioparks.ca/images/c0718472-e078-4dcc-bf52-9e7645d5c047.jpg,https://reservations.ontarioparks.ca/images/641569c1-17ad-459c-8126-1cec804c1054.jpg,,,
-2147475239,104,George Lake - C,,-2147483648,0,-32684,1040,,1,6,,-32768/-32768; -32768/-32767; -32768/-32766; -32768/-32765,,No,"Above Avg. Vehicular Traffic, Above Avg. Pedestrian Traffic",,,No,,,Premium Rate,,,Middle Left,Gravel,,,Unlimited,1,Slight,,,Average,No,Average,No Tents,,,Non-Electric,,,,8.0,Partial Shade - AM Sun,10.0,,,,,,,,https://reservations.ontarioparks.ca/images/7ec04f91-90a4-48ae-b6c6-a2729b1e80c5.jpg,https://reservations.ontarioparks.ca/images/2d203ed7-d403-4233-aac5-b43df80559c8.jpg,https://reservations.ontarioparks.ca/images/1d555151-a2e3-47fb-aa60-0100632e4a15.jpg,,,
-2147475344,105,George Lake - C,,-2147483648,0,-32684,1050,,1,6,,-32768/-32768; -32768/-32767; -32768/-32766; -32768/-32765,Water Tap,No,"Above Avg. Vehicular Traffic, Above Avg. Pedestrian Traffic",,,No,,,Premium Rate,,,Middle Left,Gravel,,,Unlimited,1,Slight,,,Average,No,Average,No Tents,,,Non-Electric,,,,9.0,Partial Shade - AM Sun,9.0,,,,,,,,https://reservations.ontarioparks.ca/images/4e249ba2-fc09-4310-b047-6a2d0959dabe.jpg,https://reservations.ontarioparks.ca/images/d3eff259-b055-4109-b0a0-8c4915371bad.jpg,,,,
-2147475335,106,George Lake - C,,-2147483648,0,-32684,1060,,1,6,,-32768/-32768; -32768/-32767; -32768/-32766; -32768/-32765,Water Tap,No,"Above Avg. Vehicular Traffic, Above Avg. Pedestrian Traffic",,,No,,,Premium Rate,,,Middle Left,Gravel,,,Unlimited,1,Slight,,,Average,No,Average,No Tents,,,Non-Electric,,,,8.0,Partial Shade - AM Sun,10.0,,,,,,,,https://reservations.ontarioparks.ca/images/36538c3f-fdf8-4d77-ac84-60e1e91b3191.jpg,https://reservations.ontarioparks.ca/images/b92afb4b-fbc2-4da4-8a02-0be7dc5d13bb.jpg,https://reservations.ontarioparks.ca/images/0c5ba06a-1c70-4066-a08d-e8c0f1a8c2ab.jpg,,,
-2147475170,107,George Lake - C,,-2147483648,0,-32684,1070,,1,6,,-32768/-32768; -32768/-32767; -32768/-32766; -32768/-32765,,No,"Above Avg. Vehicular Traffic, Above Avg. Pedestrian Traffic",,,No,,,Premium Rate,,,Middle Right,Gravel,,,Unlimited,1,Moderate,,,Average,No,Average,No Tents,,,Non-Electric,,,,12.0,Full Shade,7.0,,,,,,,,https://reservations.ontarioparks.ca/images/f1ca01d4-0cdc-4c5f-a8d2-a392c5624927.jpg,https://reservations.ontarioparks.ca/images/72c21caf-82e8-451d-af11-6db197af187a.jpg,,,,
-2147475256,108,George Lake - C,Parking at campsite post. Short walk into site required.,-2147483648,0,-32684,1080,,1,6,,-32768/-32768; -32768/-32767,,No,,,,No,,,Premium Rate,,,Middle Left,Gravel,,Tree(s),Unlimited,1,Moderate,,,Good,No,Average,"Walk In, No Tents",,,Non-Electric,,,,6.0,Partial Shade - AM Sun,10.0,,,,,,,,https://reservations.ontarioparks.ca/images/7e5296b2-7915-44e6-b9db-b310b4ccf458.jpg,https://reservations.ontarioparks.ca/images/be27bec7-d1dd-4a0b-81c5-797b1bfd5566.jpg,https://reservations.ontarioparks.ca/images/b25593b4-e295-48e4-b190-6f32af6610a7.jpg,,,
-2147475316,109,George Lake - C,"Site renumbered for 2026, previously was campsite 111.",-2147483648,0,-32684,1090,,1,6,,-32768/-32768; -32768/-32767; -32768/-32766,,No,,,,No,,,Premium Rate,,,Middle Left,Gravel,,,Unlimited,1,None,,,Good,No,Good,No Tents,,,Non-Electric,,,,5.0,Full Shade,9.0,,,,,,,,https://reservations.ontarioparks.ca/images/5344de7e-cfae-407b-9e8f-20ac212cf9e3.jpg,https://reservations.ontarioparks.ca/images/b0d3ba4c-88b5-4b5c-80bd-478fb723f435.jpg,https://reservations.ontarioparks.ca/images/67212da6-22d1-45b0-8d09-e78a9d2634a2.jpg,,,
-2147475298,110,George Lake - C,"Site renumbered for 2026, previously was campsite 112.",-2147483648,0,-32684,1100,,1,6,,-32768/-32768; -32768/-32767; -32768/-32766,,No,,,,No,,,Premium Rate,,,Middle Right,Gravel,,Tree(s),Unlimited,1,Slight,,,Good,No,Good,No Tents,,,Non-Electric,,,,11.0,Full Shade,9.0,,,,,,,,https://reservations.ontarioparks.ca/images/3449cd38-e52d-4cb4-ab6f-ce47ad142b39.jpg,https://reservations.ontarioparks.ca/images/4c885e63-bb35-428c-9c14-8d31f2846a5c.jpg,,,,
-2147475240,111,George Lake - C,"Site renumbered for 2026, previously was campsite 113.",-2147483648,0,-32684,1110,,1,6,,-32768/-32768; -32768/-32767; -32768/-32766; -32768/-32765,,No,,,,No,,,Premium Rate,,,Back Centre,Gravel,,Tree(s),Unlimited,1,Slight,,,Good,No,Good,No Tents,,,Non-Electric,,,,12.0,Partial Shade - AM Sun,6.0,,,,,,,,https://reservations.ontarioparks.ca/images/a96fd97c-215a-4120-a10e-7e46af8aa8e3.jpg,https://reservations.ontarioparks.ca/images/b41bb0e3-2bd7-4073-b1f4-3a7fb29b5d16.jpg,,,,
-2147459625,201 - Grace Lake,Grace Lake,,-2147483641,2,-32736,5010,,1,9,1,,Body of Water,No,,,,No,,East,Regular Rate,Rocks,Yes,Centre,"Soil, Rock(s)",4,"Tree(s), Root(s)",,,Slight,,No,Good,,Good,"Tents Only, Generator Free",,,,Easy,,,,Partial Shade - AM Sun,,,Rock Shoreline,,,Privy Box,,,https://reservations.ontarioparks.ca/images/fdd09ee2-ea09-4ba3-8ef7-b00f629f2e42.jpg,https://reservations.ontarioparks.ca/images/c4eaec81-0d8c-4997-b1fc-385d048b60db.jpg,https://reservations.ontarioparks.ca/images/500c0278-608d-4fb6-a69a-80ceae2c9445.jpg,https://reservations.ontarioparks.ca/images/119ea239-907b-4f7c-abb5-6b73fd09a5b9.jpg,,
-2147459624,202 - Grace Lake,Grace Lake,,-2147483641,2,-32736,5020,,1,9,1,,Body of Water,No,,,,No,,South,Regular Rate,Rocks,Yes,Front Centre,"Soil, Rock(s)",4,"Tree(s), Root(s)",,,Slight,,No,Good,,Good,"Tents Only, Generator Free",,,,Easy,,,,Partial Shade - PM Sun,,,Rock Shoreline,,,Privy Box,,,https://reservations.ontarioparks.ca/images/c2b00ab7-ff1f-4413-aeef-1321646137e6.jpg,https://reservations.ontarioparks.ca/images/0dba44a5-06c5-4ea0-b7a6-1cc0843311cb.jpg,https://reservations.ontarioparks.ca/images/1f7675d5-55a6-4a7e-87d0-642e0a887a76.jpg,https://reservations.ontarioparks.ca/images/a7ea9ff6-a1a3-4a4f-8480-35746538e118.jpg,https://reservations.ontarioparks.ca/images/5efef237-a951-474d-b4ea-3a4aa665356e.jpg,
-2147459623,203 - Grace Lake,Grace Lake,,-2147483641,2,-32736,5030,,1,9,1,,Body of Water,No,,,,No,,West,Regular Rate,Rocks,Yes,Centre,"Soil, Rock(s)",4,"Tree(s), Root(s)",,,Slight,,No,Good,,Good,"Tents Only, Generator Free",,,,Easy,,,,Partial Shade - PM Sun,,,Rock Shoreline,,,Privy Box,,,https://reservations.ontarioparks.ca/images/846e5b4b-8098-4e4f-8bf2-b4b7003b3e96.jpg,https://reservations.ontarioparks.ca/images/456214b5-cfed-4128-8731-b6c6c2e23dd7.jpg,https://reservations.ontarioparks.ca/images/84af6ccf-d3a1-49ce-8e2c-584c32883cac.jpg,,,
-2147459131,DVP - Granite Ridge,Granite Ridge,"This permit is valid only from 8:00 am to the posted day-use closing time.  This permit is not transferrable between other locations in the park including The Crack and Chikanishing Access Points.

This parking area is located directly across the highway from the Park Office and can be used to access the George Lake Campground and the beaches therein.

Granite Ridge Trail 2 km (1 hour) moderate.

Providing views of the unique La Cloche Mountains for which Killarney is renowned the trail winds through old fields and forests and climbs to a ridge with two lookouts over the park. To the south, your eye moves along the shore from Collin’s Inlet and Philip Edward Island to the expanse of Georgian Bay. To the north, see the spectacular La Cloche Mountains.",-2147483585,2,-31568,10050,1,,,20,,,,,,,,,,,,,,,,,,,,,,,,,,,,,,,,,,,,,,,,,,https://reservations.ontarioparks.ca/images/242213bd-c2ac-4bd9-8ca0-b6c4b11896b1.png,,,,,
-2147459109,DVP InPark - Granite Ridge,Granite Ridge,,-2147483586,2,-31568,11050,1,,,999,,,,,,,,,,,,,,,,,,,,,,,,,,,,,,,,,,,,,,,,,,,,,,,
-2147459596,241 - Great Mountain Lake,Great Mountain Lake,,-2147483641,2,-32736,5410,,1,9,1,,Body of Water,No,Split Level Site,,,No,,South,Regular Rate,Rocks,Yes,Centre,"Soil, Rock(s)",4,"Tree(s), Hill",,,None,,No,Good,,Good,"Tents Only, Generator Free",,,,Easy,,,,Partial Shade - AM Sun,,,Rock Shoreline,,,Privy Box,,,https://reservations.ontarioparks.ca/images/dbd6ea6c-3deb-4cf9-bf16-c6b89a9e7804.jpg,https://reservations.ontarioparks.ca/images/bbdb1330-0616-46f6-a470-998be917eba1.jpg,https://reservations.ontarioparks.ca/images/42b64ed7-ff33-4926-96e6-64655c6620e4.jpg,,,
-2147459595,242 - Great Mountain Lake,Great Mountain Lake,,-2147483641,2,-32736,5420,,1,9,1,,Body of Water,No,Island Site,,,No,,West,Regular Rate,Rocks,Yes,Centre,"Soil, Rock(s)",3,"Rock(s), Tree(s)",,,Slight,,No,Good,,Good,"Tents Only, Generator Free",,,,Easy,,,,Partial Shade - PM Sun,,,Rock Shoreline,,,Privy Box,,,https://reservations.ontarioparks.ca/images/00dfde7b-2a7b-44df-b923-433d53eafa77.jpg,https://reservations.ontarioparks.ca/images/5dae0aa9-9486-4c9e-9f48-9537a3d528a6.jpg,https://reservations.ontarioparks.ca/images/69137666-e555-4c2d-be04-fb32e769a685.jpg,,,
-2147459594,243 - Great Mountain Lake,Great Mountain Lake,,-2147483641,2,-32736,5430,,1,9,1,,Body of Water,No,,,,No,,East,Regular Rate,Rocks,Yes,Centre,"Soil, Rock(s)",4,"Tree(s), Root(s)",,,None,,No,Good,,Good,"Tents Only, Generator Free",,,,Easy,,,,Full Shade,,,Rock Shoreline,,,Privy Box,,,https://reservations.ontarioparks.ca/images/3269637c-4e8e-4cd4-b614-fa515c125878.jpg,https://reservations.ontarioparks.ca/images/07367276-69fd-4b37-af7f-4ca687642692.jpg,https://reservations.ontarioparks.ca/images/773a21f4-ea5a-418c-a0fb-670fc42ae27c.jpg,,,
-2147459665,141 - Grey Lake,Grey Lake,,-2147483641,2,-32736,4410,,1,9,1,,Body of Water,No,,,,No,,East,Regular Rate,Rocks,Yes,Back Centre,"Soil, Rock(s)",3,"Rock(s), Hill",,,Slight,,No,Good,,Good,"Tents Only, Generator Free",,,,Easy,,,,Partial Shade - AM Sun,,,"Weeds Present, Rock Shoreline",,,Privy Box,,,https://reservations.ontarioparks.ca/images/bad9fb7a-879a-4725-b77c-b481691beb3d.jpg,https://reservations.ontarioparks.ca/images/f423b3b8-f243-4b87-a2b5-34c5beedb6e7.jpg,https://reservations.ontarioparks.ca/images/201298d6-bafb-43bb-8fdf-b43532db2941.jpg,,,
-2147459664,142 - Grey Lake,Grey Lake,,-2147483641,2,-32736,4420,,1,9,1,,Body of Water,No,,,,No,,West,Regular Rate,Rocks,Yes,Centre,"Soil, Rock(s)",3,"Tree(s), Root(s)",,,Slight,,No,Good,,Good,"Tents Only, Generator Free",,,,Easy,,,,Partial Shade - PM Sun,,,"Weeds Present, Rock Shoreline",,,Privy Box,,,https://reservations.ontarioparks.ca/images/180ea56c-64d1-413f-bb15-47217d181326.jpg,https://reservations.ontarioparks.ca/images/06b9bc03-8dae-4b9f-b3f0-2b8b9e53ef0f.jpg,https://reservations.ontarioparks.ca/images/321936c3-c3c0-4f06-8a96-3d05824e7cf2.jpg,https://reservations.ontarioparks.ca/images/18f1e495-5bf6-4b6b-9ebd-7bec57670f05.jpg,,
-2147459663,143 - Grey Lake,Grey Lake,,-2147483641,2,-32736,4430,,1,9,1,,Body of Water,No,,,,No,,East,Regular Rate,Rocks,Yes,Centre,"Soil, Rock(s)",4,"Tree(s), Root(s)",,,Slight,,No,Good,,Good,"Tents Only, Generator Free",,,,Easy,,,,Partial Shade - AM Sun,,,Rock Shoreline,,,Privy Box,,,https://reservations.ontarioparks.ca/images/b7a2eb9a-f022-439a-9911-710ac9255654.jpg,https://reservations.ontarioparks.ca/images/5d6bed71-b0da-4543-867f-bba19d4b2355.jpg,https://reservations.ontarioparks.ca/images/36f1931e-d25b-4333-861f-e812bc41cbc1.jpg,https://reservations.ontarioparks.ca/images/2f1af2d1-2fc9-4f71-aba1-fcbf8d4fedc8.jpg,,
-2147459662,144 - Grey Lake,Grey Lake,,-2147483641,2,-32736,4440,,1,9,1,,Body of Water,No,,,,No,,"North, West",Regular Rate,Rocks,Yes,Centre,"Soil, Rock(s)",4,"Tree(s), Root(s)",,,Slight,,No,Good,,Good,"Tents Only, Generator Free",,,,Easy,,,,Partial Shade - PM Sun,,,Rock Shoreline,,,Privy Box,,,https://reservations.ontarioparks.ca/images/500ab756-1d60-489c-a3fd-6b01312b566a.jpg,https://reservations.ontarioparks.ca/images/182f7671-b0b1-482a-bff6-15a0287ca8f8.jpg,https://reservations.ontarioparks.ca/images/94f2a321-2f9f-4b4b-b9c8-e43a029a1940.jpg,,,
-2147459600,235 - Grow Lake,Grow Lake,,-2147483641,2,-32736,5350,,1,9,1,,Body of Water,No,,,,No,,West,Regular Rate,Rocks,Yes,Centre,"Soil, Rock(s)",4,"Rock(s), Tree(s)",,,Slight,,No,Good,,Good,"Tents Only, Generator Free",,,,Easy,,,,Partial Shade - PM Sun,,,Rock Shoreline,,,Privy Box,,,https://reservations.ontarioparks.ca/images/36799dc6-f695-4e1a-ba29-059313b7b0e7.jpg,https://reservations.ontarioparks.ca/images/bd7905d9-77d5-4a0e-8c3b-f9f7ce8c8010.jpg,https://reservations.ontarioparks.ca/images/e9fb0d74-ea33-461a-9ccf-e65b56841eb8.jpg,,,
-2147459606,226 - Hanwood Lake,Hanwood Lake,,-2147483641,2,-32736,5260,,1,9,1,,Body of Water,No,,,,No,,South,Regular Rate,Rocks,Yes,Centre,"Soil, Rock(s)",3,"Tree(s), Root(s)",,,Moderate,,No,Good,,Good,"Tents Only, Generator Free",,,,Moderate,,,,Partial Shade,,,Rock Shoreline,,,Privy Box,,,https://reservations.ontarioparks.ca/images/a3e966ec-6146-46e2-9bac-fddd1e6cf6fc.jpg,https://reservations.ontarioparks.ca/images/13643b47-e90b-4faf-b06f-72457af7ece0.jpg,https://reservations.ontarioparks.ca/images/146302b3-8cb3-40c4-bb5e-b02d14e9f7a7.jpg,,,
-2147459605,227 - Hanwood Lake,Hanwood Lake,,-2147483641,2,-32736,5270,,1,9,1,,Body of Water,No,Island Site,,,No,,West,Regular Rate,Rocks,Yes,Back Right,"Soil, Rock(s)",3,Tree(s),,,Slight,,No,Good,,Good,"Tents Only, Generator Free",,,,Easy,,,,Partial Shade - PM Sun,,,"Weeds Present, Rock Shoreline",,,Privy Box,,,https://reservations.ontarioparks.ca/images/18fcc163-e5a1-40f6-b77b-382c470d75de.jpg,https://reservations.ontarioparks.ca/images/cea6f3d3-b718-4eaa-a092-2cf14fb5b653.jpg,https://reservations.ontarioparks.ca/images/2248fb2f-b2f3-4091-bada-22fd3d12ad6f.jpg,,,
-2147459645,171 - Harry Lake,Harry Lake,,-2147483641,2,-32736,4710,,1,9,1,,Body of Water,No,,,,No,,"North, West",Regular Rate,Rocks,Yes,Front Centre,"Soil, Rock(s)",3,"Tree(s), Root(s)",,,Slight,,No,Good,,Good,"Tents Only, Generator Free",,,,Easy,,,,Partial Shade - PM Sun,,,Rock Shoreline,,,Privy Box,,,https://reservations.ontarioparks.ca/images/429f8d6d-a2bd-4fb1-9d78-664cc2a99540.jpg,https://reservations.ontarioparks.ca/images/1cccdc42-2004-483b-9ff1-5808e950bf3b.jpg,https://reservations.ontarioparks.ca/images/603115a2-c808-4d54-8d84-a481306b92a4.jpg,https://reservations.ontarioparks.ca/images/5d4e1271-f195-46ea-a1b4-99f04c7e57e0.jpg,https://reservations.ontarioparks.ca/images/3c593b0a-6ddf-4619-9304-70e93f2e9198.jpg,
-2147459644,172 - Harry Lake,Harry Lake,,-2147483641,2,-32736,4720,,1,9,1,,Body of Water,No,Island Site,,,No,,"North, West",Regular Rate,Rocks,Yes,Centre,"Soil, Rock(s)",3,"Tree(s), Hill",,,None,,No,Good,,Good,"Tents Only, Generator Free",,,,Easy,,,,Partial Shade - PM Sun,,,Rock Shoreline,,,Privy Box,,,https://reservations.ontarioparks.ca/images/47702b47-783d-4b1a-8d74-d4abb429e000.jpg,https://reservations.ontarioparks.ca/images/9903ef96-dee7-415d-8f8c-723bc2f19b73.jpg,https://reservations.ontarioparks.ca/images/1d9f03eb-542c-4550-baca-db7db9e836ff.jpg,https://reservations.ontarioparks.ca/images/424e1630-b15f-40d2-8fe3-a632391293b3.jpg,,
-2147459643,173 - Harry Lake,Harry Lake,,-2147483641,2,-32736,4730,,1,9,1,,Body of Water,No,,,,No,,North,Regular Rate,Rocks,Yes,Centre,"Soil, Rock(s)",4,"Rock(s), Tree(s)",,,Slight,,No,Good,,Good,"Tents Only, Generator Free",,,,Easy,,,,Partial Shade,,,Rock Shoreline,,,Privy Box,,,https://reservations.ontarioparks.ca/images/d61223c0-fb55-4732-9da3-c94dd28327bf.jpg,https://reservations.ontarioparks.ca/images/280bde21-3427-4b52-9ba2-11f3ef211c66.jpg,https://reservations.ontarioparks.ca/images/3c94cb85-8b49-489d-8495-65538576ef22.jpg,https://reservations.ontarioparks.ca/images/d91c22d7-3a86-4405-9902-af3302ac4399.jpg,https://reservations.ontarioparks.ca/images/f1c2d7d9-079e-4ef2-927d-613c2e3a9a86.jpg,
-2147459642,174 - Harry Lake,Harry Lake,,-2147483641,2,-32736,4740,,1,9,1,,Body of Water,No,,,,No,,East,Regular Rate,Rocks,Yes,Back Centre,"Soil, Rock(s)",4,"Rock(s), Tree(s), Hill",,,Slight,,No,Good,,Good,"Tents Only, Generator Free",,,,Easy,,,,Partial Shade - AM Sun,,,"Weeds Present, Rock Shoreline",,,Privy Box,,,https://reservations.ontarioparks.ca/images/73ee4fb5-1529-4f67-b8a8-c210377d240d.jpg,https://reservations.ontarioparks.ca/images/9b780d2b-7fee-47cb-adec-f1c36bb021d9.jpg,https://reservations.ontarioparks.ca/images/9398322d-239d-4baa-a47f-f19fb2e842ca.jpg,https://reservations.ontarioparks.ca/images/252672d7-e000-4cff-896f-8634975922fb.jpg,,
-2147475274,H47 Heaven Lake,Heaven Lake,,-2147483640,2,-32736,9470,1,1,6,1,,"Body of Water, Sentier multi-usage",No,,,,No,,"North, East",Regular Rate,Rocks,Yes,Centre,Rock(s),,"Rock(s), Tree(s), Root(s)",,,None,,No,Average,,Good,"Tents Only, Generator Free",,,,Moderate,,,,No Shade/Full Sun,,,Rock Shoreline,,,Privy Box,,,,,,,,
-2147459619,211 - Helen Lake,Helen Lake,,-2147483641,2,-32736,5110,,1,9,1,,Body of Water,No,,,,No,,West,Regular Rate,Rocks,Yes,Front Centre,"Soil, Rock(s)",4,"Rock(s), Tree(s)",,,Slight,,No,Good,,Good,"Tents Only, Generator Free",,,,Easy,,,,Partial Shade - PM Sun,,,Rock Shoreline,,,Privy Box,,,https://reservations.ontarioparks.ca/images/554be5ee-51bd-4fd4-9106-a4fbf72d35b2.jpg,https://reservations.ontarioparks.ca/images/d14e09c0-76a8-4bad-939b-072e12ed43ac.jpg,https://reservations.ontarioparks.ca/images/9891e426-882b-49e6-9de7-e03f8962ba01.jpg,https://reservations.ontarioparks.ca/images/47fce9c2-02fd-42ab-a03d-3952ded2f253.jpg,https://reservations.ontarioparks.ca/images/bef19abb-b650-4050-88eb-81215f00c291.jpg,
-2147459618,213 - Helen Lake,Helen Lake,,-2147483641,2,-32736,5130,,1,9,1,,Body of Water,No,,,,No,,South,Regular Rate,Rocks,Yes,Centre,"Soil, Rock(s)",4,"Tree(s), Root(s)",,,Slight,,No,Good,,Good,"Tents Only, Generator Free",,,,Easy,,,,Partial Shade - PM Sun,,,Rock Shoreline,,,Privy Box,,,https://reservations.ontarioparks.ca/images/891ec956-23b2-4c9b-817b-6346905ea4db.jpg,https://reservations.ontarioparks.ca/images/08e70462-5d9c-44cb-a2aa-c058e754d61b.jpg,https://reservations.ontarioparks.ca/images/37b6a802-c7b1-4214-92f3-0654e488a9c4.jpg,https://reservations.ontarioparks.ca/images/df44b8a5-4db1-4539-8c3a-218bf79efd25.jpg,,
-2147459646,166 - Hideaway Lake,Hideaway Lake,,-2147483641,2,-32736,4660,,1,9,1,,Body of Water,No,,,,No,,"East, South",Regular Rate,Rocks,Yes,Centre,"Soil, Rock(s)",4,"Tree(s), Root(s)",,,Slight,,No,Good,,Good,"Tents Only, Generator Free",,,,Easy,,,,Partial Shade - AM Sun,,,"Weeds Present, Rock Shoreline",,,Privy Box,,,https://reservations.ontarioparks.ca/images/d2c74cb9-9114-4d46-b1b2-96a26adae7cc.jpg,https://reservations.ontarioparks.ca/images/f5828846-95e0-4a3e-96db-170284757bc5.jpg,https://reservations.ontarioparks.ca/images/ac7da05d-2308-4b99-8735-aab4d0174851.jpg,https://reservations.ontarioparks.ca/images/616c4217-665d-4832-88b5-db61fc5c22e1.jpg,https://reservations.ontarioparks.ca/images/d2283016-f585-4098-9285-7ada891c93d6.jpg,
-2147459549,427 - High Lake,High Lake,,-2147483641,2,-32736,7270,,1,9,1,,Body of Water,No,,,,No,,North,Regular Rate,Rocks,Yes,Front Right,"Soil, Rock(s)",3,"Tree(s), Root(s)",,,Slight,,No,Good,,Good,"Tents Only, Generator Free",,,,Easy,,,,Full Shade,,,"Weeds Present, Rock Shoreline",,,Privy Box,,,https://reservations.ontarioparks.ca/images/9f3d4d02-96ca-44c2-8f7f-355c4ddd22b6.jpg,https://reservations.ontarioparks.ca/images/5db67231-1dd6-435d-8c7d-3c4e1cab4a01.jpg,https://reservations.ontarioparks.ca/images/a44ee4eb-281b-4120-83f7-afc11b2c7253.jpg,https://reservations.ontarioparks.ca/images/700afbbc-bed7-41ad-9bb7-aa96869767c2.jpg,,
-2147475134,Highway 6 Access Point,Highway 6,Hwy 6 Access Point.,-2147483641,3,-32736,5,,1,9,,,,No,,,,No,,,,,,,,,,,,,,,,,,,,,,,,,,,,,,,,,,,,,,,,
-2147461520,George Lake Access Point - Hiking,Hiking,George Lake Access Point.,-2147483640,3,-32736,3,,1,9,,,,No,,,,No,,,,,,,,,,,,,,,,,,,,,,,,,,,,,,,,,,,,,,,,
-2147459548,428 - Horseshoe Lake,Horseshoe Lake,,-2147483641,2,-32736,7280,,1,9,1,,Body of Water,No,,,,No,,"South, West",Regular Rate,Rocks,Yes,Centre,"Soil, Rock(s)",4,"Tree(s), Root(s)",,,None,,No,Good,,Good,"Tents Only, Generator Free",,,,Easy,,,,Partial Shade - PM Sun,,,Rock Shoreline,,,Privy Box,,,https://reservations.ontarioparks.ca/images/a5241a6f-158b-49fc-98b4-47ea658540e0.jpg,https://reservations.ontarioparks.ca/images/8c8e6524-3148-416a-9dc7-4fe9c9ceb689.jpg,https://reservations.ontarioparks.ca/images/1e388fcf-5231-4db1-ac47-ed7d49e13316.jpg,https://reservations.ontarioparks.ca/images/b71fa675-479c-47e0-b30f-f3e5f68d6373.jpg,,
-2147459592,245 - Howry Lake,Howry Lake,,-2147483641,2,-32736,5450,,1,9,1,,Body of Water,No,,,,No,,"East, South",Regular Rate,Rocks,Yes,Centre,"Soil, Rock(s)",4,"Tree(s), Root(s)",,,None,,No,Good,,Good,"Tents Only, Generator Free",,,,Easy,,,,Partial Shade - AM Sun,,,Rock Shoreline,,,Privy Box,,,https://reservations.ontarioparks.ca/images/e0e41545-6121-4c9d-9ef1-fceaf9d5e5c2.jpg,https://reservations.ontarioparks.ca/images/b323a274-6c24-409a-9109-0bb45c102a1b.jpg,https://reservations.ontarioparks.ca/images/54d3f80e-6077-4a70-bd53-a9e2ac4ce2a9.jpg,https://reservations.ontarioparks.ca/images/9bec0644-c683-470c-9a36-01ee210d1163.jpg,,
-2147459591,246 - Howry Lake,Howry Lake,,-2147483641,2,-32736,5460,,1,9,1,,Body of Water,No,,,,No,,South,Regular Rate,Rocks,Yes,Centre,"Gravel, Soil, Rock(s)",4,"Tree(s), Root(s)",,,Slight,,No,Good,,Good,"Tents Only, Generator Free",,,,Easy,,,,Partial Shade,,,"Weeds Present, Rock Shoreline",,,Privy Box,,,https://reservations.ontarioparks.ca/images/5945f898-d28d-49e6-8c6a-83f2217bd18b.jpg,https://reservations.ontarioparks.ca/images/71b99efe-7c0c-4037-b5f7-739ff0691f56.jpg,https://reservations.ontarioparks.ca/images/e8cf9af2-7064-4a5c-8a0a-fcefed59e32e.jpg,https://reservations.ontarioparks.ca/images/c356d719-3745-472c-a540-301848e34331.jpg,,
-2147459617,214 - Ishmael Lake,Ishmael Lake,,-2147483641,2,-32736,5140,,1,9,1,,Body of Water,No,,,,No,,East,Regular Rate,Rocks,Yes,Centre,"Soil, Rock(s)",4,"Tree(s), Root(s)",,,Slight,,No,Good,,Good,"Tents Only, Generator Free",,,,Easy,,,,Partial Shade - PM Sun,,,Rock Shoreline,,,Privy Box,,,https://reservations.ontarioparks.ca/images/1983b42c-5d99-43e0-8b26-a5cb04edd8ce.jpg,https://reservations.ontarioparks.ca/images/8ffba3f8-89c7-46d0-a42d-2ff1d8317188.jpg,https://reservations.ontarioparks.ca/images/63e2cc25-42ca-49bc-a2fc-aee633c7d84a.jpg,https://reservations.ontarioparks.ca/images/2d5c1e99-c967-4d78-9bfe-107ac5714ff3.jpg,https://reservations.ontarioparks.ca/images/ee6e72b8-cc3f-4f04-8448-309b207fc263.jpg,
-2147459616,215 - Ishmael Lake,Ishmael Lake,,-2147483641,2,-32736,5150,,1,9,1,,Body of Water,No,,,,No,,"North, East",Regular Rate,Rocks,Yes,Centre,"Soil, Rock(s)",4,"Tree(s), Root(s)",,,Slight,,No,Good,,Good,"Tents Only, Generator Free",,,,Easy,,,,Partial Shade - AM Sun,,,Rock Shoreline,,,Privy Box,,,https://reservations.ontarioparks.ca/images/29b72a53-db3c-49ee-9073-ef274584d527.jpg,https://reservations.ontarioparks.ca/images/26afaa46-6217-44f8-9158-440e5a304a28.jpg,https://reservations.ontarioparks.ca/images/4cd3c8ee-3c48-4066-8ed9-0a14b29971a3.jpg,,,
-2147459615,216 - Ishmael Lake,Ishmael Lake,,-2147483641,2,-32736,5160,,1,9,1,,Body of Water,No,,,,No,,South,Regular Rate,Rocks,Yes,Centre,"Soil, Rock(s)",4,"Tree(s), Root(s)",,,Slight,,No,Good,,Good,"Tents Only, Generator Free",,,,Easy,,,,Partial Shade - PM Sun,,,Rock Shoreline,,,Privy Box,,,https://reservations.ontarioparks.ca/images/efadce42-4a7f-46a9-96a8-6c89215ce685.jpg,https://reservations.ontarioparks.ca/images/8c8da2ce-0eab-46fb-a5a5-146bc433c878.jpg,https://reservations.ontarioparks.ca/images/df00d6d9-a948-4a46-8fff-6a83a5734099.jpg,https://reservations.ontarioparks.ca/images/9822432a-52e2-4693-9d88-dadbca0a9b2e.jpg,https://reservations.ontarioparks.ca/images/9cbc4969-019c-416f-bcc2-b169f954f24a.jpg,
-2147475136,Johnnie Lake Access Point,Johnnie Lake,Johnnie Access Point.,-2147483641,3,-32736,6,,1,9,,,,No,,,,No,,,,,,,,,,,,,,,,,,,,,,,,,,,,,,,,,,,,,,,,
-2147459686,111 - Johnnie Lake,Johnnie Lake,,-2147483641,2,-32736,4110,,1,9,1,,Body of Water,No,,,,No,,East,Regular Rate,Rocks,Yes,Centre,"Soil, Rock(s)",4,"Tree(s), Root(s)",,,Slight,,No,Good,,Good,"Tents Only, Generator Free",,,,Easy,,,,Partial Shade,,,Rock Shoreline,,,Privy Box,,,https://reservations.ontarioparks.ca/images/66e11438-22b5-4db6-9eaf-b313f4c7ea52.jpg,https://reservations.ontarioparks.ca/images/85af1fa6-4812-4354-9d99-36435374e297.jpg,https://reservations.ontarioparks.ca/images/d9307871-2599-4e7e-ac10-256146a211c1.jpg,,,
-2147459685,112 - Johnnie Lake,Johnnie Lake,,-2147483641,2,-32736,4120,,1,9,1,,Body of Water,No,,,,No,,North,Regular Rate,Rocks,Yes,Centre,"Soil, Rock(s)",4,"Tree(s), Root(s)",,,None,,No,Good,,Good,"Tents Only, Generator Free",,,,Easy,,,,Partial Shade,,,"Weeds Present, Rock Shoreline",,,Privy Box,,,https://reservations.ontarioparks.ca/images/9a8cdf84-d52b-4a67-a308-683d8394ea61.jpg,https://reservations.ontarioparks.ca/images/e561dba9-5d10-4ba5-be01-e9f88dbcb92b.jpg,https://reservations.ontarioparks.ca/images/ae2b3e3d-1da7-4a60-a625-bd4fee89c2be.jpg,,,
-2147459684,113 - Johnnie Lake,Johnnie Lake,,-2147483641,2,-32736,4130,,1,9,1,,Body of Water,No,,,,No,,"East, South",Regular Rate,Rocks,Yes,Front Centre,Soil,4,"Tree(s), Root(s)",,,Slight,,No,Good,,Good,"Tents Only, Generator Free",,,,Easy,,,,Partial Shade - AM Sun,,,"Weeds Present, Soft Bottom",,,Privy Box,,,https://reservations.ontarioparks.ca/images/27605302-2c82-483e-9320-30005050b012.jpg,https://reservations.ontarioparks.ca/images/f89a354d-18a2-4ef4-8302-88b0a2e87808.jpg,https://reservations.ontarioparks.ca/images/9dd39ec8-0ae6-4fb2-ad89-95230444f159.jpg,,,
-2147459683,114 - Johnnie Lake,Johnnie Lake,,-2147483641,2,-32736,4140,,1,9,1,,Body of Water,No,,,,No,,North,Regular Rate,Rocks,Yes,Centre,"Soil, Rock(s)",3,Rock(s),,,Slight,,No,Good,,Good,"Tents Only, Generator Free",,,,Easy,,,,Partial Shade - AM Sun,,,"Weeds Present, Rock Shoreline",,,Privy Box,,,https://reservations.ontarioparks.ca/images/fc288084-4ed9-4180-8447-098cc47ec0a6.jpg,https://reservations.ontarioparks.ca/images/a5188d37-47d4-4223-a261-ae05d1a517cc.jpg,https://reservations.ontarioparks.ca/images/41ff0df0-51f9-44c6-bf45-411b85eeb7df.jpg,,,
-2147459682,115 - Johnnie Lake,Johnnie Lake,,-2147483641,2,-32736,4150,,1,9,1,,Body of Water,No,,,,No,,"North, West",Regular Rate,Rocks,Yes,Centre,"Soil, Rock(s)",4,"Tree(s), Root(s)",,,None,,No,Good,,Good,"Tents Only, Generator Free",,,,Easy,,,,Partial Shade,,,"Weeds Present, Soft Bottom",,,Privy Box,,,https://reservations.ontarioparks.ca/images/fcb38b38-b364-441c-b216-bbbc1dbbac1c.jpg,https://reservations.ontarioparks.ca/images/8c02a6ed-a45e-4072-93c6-6585c3f15f3a.jpg,https://reservations.ontarioparks.ca/images/fbeeaeb1-4793-4d35-85bd-75c6af5304a5.jpg,,,
-2147459681,116 - Johnnie Lake,Johnnie Lake,,-2147483641,2,-32736,4160,,1,9,1,,Body of Water,No,,,,No,,"South, West",Regular Rate,Rocks,Yes,Centre,"Soil, Rock(s)",4,"Tree(s), Root(s)",,,Slight,,No,Good,,Good,"Tents Only, Generator Free",,,,Easy,,,,Partial Shade - PM Sun,,,"Weeds Present, Rock Shoreline",,,Privy Box,,,https://reservations.ontarioparks.ca/images/4e47931b-5ee4-4034-ad5c-5a2c0944afc5.jpg,https://reservations.ontarioparks.ca/images/167ea5a6-05ea-4d78-a4c4-9eaecd8a46f3.jpg,https://reservations.ontarioparks.ca/images/08cb41e4-1bec-445b-bbac-6568ee46ce90.jpg,https://reservations.ontarioparks.ca/images/6d7f160f-b7db-466a-be64-ed2988c17035.jpg,,
-2147459680,117 - Johnnie Lake,Johnnie Lake,,-2147483641,2,-32736,4170,,1,9,1,,Body of Water,No,,,,No,,"South, West",Regular Rate,Rocks,Yes,Centre,"Soil, Rock(s)",4,"Tree(s), Root(s)",,,Slight,,No,Good,,Good,"Tents Only, Generator Free",,,,Easy,,,,Partial Shade - PM Sun,,,"Weeds Present, Rock Shoreline",,,Privy Box,,,https://reservations.ontarioparks.ca/images/47e8b768-6420-4a70-a8f1-dc5cc2a5da8b.jpg,https://reservations.ontarioparks.ca/images/87882ef9-a8f7-4055-8494-4f0e82da0d94.jpg,https://reservations.ontarioparks.ca/images/e663624f-0234-4bce-888b-f3320e37edb0.jpg,https://reservations.ontarioparks.ca/images/36d625de-a76c-43e8-a7f7-7533722887c3.jpg,,
-2147459130,DVP - Johnnie Lake,Johnnie Lake,"This permit is valid only from 8:00 am to the posted day-use closing time.  This permit is not transferrable between other locations in the park including The Crack and Chikanishing Access Points.

Paddle the scenic Johnnie Lake.",-2147483585,2,-31568,10060,1,,,5,,,,,,,,,,,,,,,,,,,,,,,,,,,,,,,,,,,,,,,,,,https://reservations.ontarioparks.ca/images/4c935630-b032-4d43-a1b6-033bbb85b47b.png,,,,,
-2147459108,DVP InPark - Johnnie Lake,Johnnie Lake,,-2147483586,2,-31568,11060,1,,,999,,,,,,,,,,,,,,,,,,,,,,,,,,,,,,,,,,,,,,,,,,,,,,,
-2147459706,51 - Kakakise Lake,Kakakise Lake,,-2147483641,2,-32736,3510,,1,9,1,,Body of Water,No,,,,No,,West,Regular Rate,Rocks,Yes,Centre,Soil,4,"Tree(s), Root(s)",,,None,,No,Good,,Good,"Tents Only, Generator Free",,,,Easy,,,,Full Shade,,,Rock Shoreline,,,Privy Box,,,https://reservations.ontarioparks.ca/images/a77d3604-318a-4291-87f3-c23650cee522.jpg,https://reservations.ontarioparks.ca/images/afa05934-0510-4ba2-b5a1-3f86d4794efb.jpg,https://reservations.ontarioparks.ca/images/59605a32-8319-424a-b496-e42206ef7a8a.jpg,https://reservations.ontarioparks.ca/images/8a6a4597-1bdd-42d2-8233-2118c7593402.jpg,,
-2147459705,52 - Kakakise Lake,Kakakise Lake,,-2147483641,2,-32736,3520,,1,9,1,,Body of Water,No,"Windy, Island Site",,,No,,West,Regular Rate,Rocks,Yes,Centre,"Soil, Rock(s)",3,Tree(s),,,None,,No,Good,,Good,"Tents Only, Generator Free",,,,Easy,,,,Partial Shade - PM Sun,,,Rock Shoreline,,,Privy Box,,,https://reservations.ontarioparks.ca/images/c72a5610-fe14-4b42-84c4-3dd36d96d8d4.jpg,https://reservations.ontarioparks.ca/images/f2eb897f-7320-47e8-ae77-06c772417ac0.jpg,https://reservations.ontarioparks.ca/images/18291c84-c5c9-48f5-938d-f32c02ecdfef.jpg,,,
-2147459721,11 - Killarney Lake,Killarney Lake,,-2147483641,2,-32736,3110,4,1,9,1,,Body of Water,No,,,,No,,"North, East",Regular Rate,Rocks,Yes,Front Left,"Soil, Rock(s)",4,"Tree(s), Root(s)",,,None,,No,Good,,Good,"Tents Only, Generator Free",,,,Easy,,,,Partial Shade,,,"Rock Shoreline, Soft Bottom",,,Privy Box,,,https://reservations.ontarioparks.ca/images/cb69b88a-ec7a-427f-b5cc-0d55bae055b1.jpg,https://reservations.ontarioparks.ca/images/6d07d158-c9ba-4a78-a24f-7bda02fe1c78.jpg,https://reservations.ontarioparks.ca/images/6fa1ae12-a34c-49b1-b63c-f23afd9adaac.jpg,https://reservations.ontarioparks.ca/images/d56cee3b-7fe4-425c-a67e-f3443dfc05d6.jpg,,
-2147459720,12 - Killarney Lake,Killarney Lake,,-2147483641,2,-32736,3120,4,1,9,1,,Body of Water,No,,,,No,,South,Regular Rate,Rocks,Yes,Centre,"Soil, Rock(s)",4,"Tree(s), Hill",,,Slight,,No,Good,,Good,"Tents Only, Generator Free",,,,Easy,,,,Partial Shade,,,"Rock Shoreline, Soft Bottom",,,Privy Box,,,https://reservations.ontarioparks.ca/images/ef5fa46b-8724-4c38-ad28-2c5f538d3e80.jpg,https://reservations.ontarioparks.ca/images/dfcb7fb8-56f3-4c1c-96d8-980560d3a2ec.jpg,https://reservations.ontarioparks.ca/images/00b39843-6fcf-499e-a55c-2122d4a33f7f.jpg,,,
-2147459719,13 - Killarney Lake,Killarney Lake,,-2147483641,2,-32736,3130,4,1,9,1,,Body of Water,No,,,,No,,North,Regular Rate,Rocks,Yes,Centre,"Soil, Rock(s)",4,"Tree(s), Root(s)",,,Slight,,No,Good,,Good,"Tents Only, Generator Free",,,,Easy,,,,Partial Shade,,,Rock Shoreline,,,Privy Box,,,https://reservations.ontarioparks.ca/images/fb92cce6-ae03-47c3-a36a-66b3067055de.jpg,https://reservations.ontarioparks.ca/images/c4626896-0a75-4fd7-8a09-6ffd27911ad0.jpg,https://reservations.ontarioparks.ca/images/a5b01923-b551-49a1-9f5d-2bdfb3d6a8f0.jpg,https://reservations.ontarioparks.ca/images/a8bb9557-4b3a-4c24-bd4d-225940e5cfe6.jpg,,
-2147459718,14 - Killarney Lake,Killarney Lake,,-2147483641,2,-32736,3140,4,1,9,1,,Body of Water,No,Windy,,,No,,"North, West",Regular Rate,Rocks,Yes,Centre,"Soil, Rock(s)",4,"Rock(s), Tree(s), Root(s)",,,None,Yes,No,Good,,Good,"Tents Only, Generator Free",,,,Difficult,,,,Partial Shade - PM Sun,,,Rock Shoreline,,,Privy Box,,,https://reservations.ontarioparks.ca/images/720cc2b5-0b72-45c4-ae76-2367152515ef.jpg,https://reservations.ontarioparks.ca/images/9860afe4-8187-46b3-a777-ec4c566bd710.jpg,https://reservations.ontarioparks.ca/images/5608b697-8ae1-4648-9391-87e789d99e5b.jpg,,,
-2147459717,15 - Killarney Lake,Killarney Lake,,-2147483641,2,-32736,3150,4,1,9,1,,Body of Water,No,,,,No,,"North, East",Regular Rate,Rocks,Yes,Front Centre,"Soil, Rock(s)",4,Tree(s),,,Slight,,No,Good,,Good,"Tents Only, Generator Free",,,,Moderate,,,,Partial Shade - AM Sun,,,Rock Shoreline,,,Privy Box,,,https://reservations.ontarioparks.ca/images/2e13f0ac-1057-4433-a098-20fee2ea8c62.jpg,https://reservations.ontarioparks.ca/images/650954b0-e939-4f76-a292-569b1c398c37.jpg,https://reservations.ontarioparks.ca/images/249992e8-2a01-41f7-9022-91a2f855e2a3.jpg,https://reservations.ontarioparks.ca/images/9f92f147-4a54-4a9d-96d8-b441e8e77df6.jpg,,
-2147459716,16 - Killarney Lake,Killarney Lake,,-2147483641,2,-32736,3160,4,1,9,1,,Body of Water,No,,,,No,,North,Regular Rate,Rocks,Yes,Centre,"Soil, Rock(s)",4,"Tree(s), Root(s)",,,None,,No,Good,,Good,"Tents Only, Generator Free",,,,Easy,,,,Partial Shade,,,"Rock Shoreline, Soft Bottom",,,Privy Box,,,https://reservations.ontarioparks.ca/images/f64968a3-0e9c-45ca-930b-d65e78cc92be.jpg,https://reservations.ontarioparks.ca/images/658d581e-dfe2-4149-bd34-e294369c1576.jpg,https://reservations.ontarioparks.ca/images/997c3ffa-1d27-4a7e-b99a-c175af06c0d7.jpg,,,
-2147459714,17 - Killarney Lake,Killarney Lake,,-2147483641,2,-32736,3170,4,1,9,1,,Body of Water,No,Island Site,,,No,,West,Regular Rate,Rocks,Yes,Front Left,"Soil, Rock(s)",4,"Tree(s), Root(s)",,,None,,No,Good,,Good,"Tents Only, Generator Free",,,,Moderate,,,,Partial Shade - PM Sun,,,Rock Shoreline,,,Privy Box,,,https://reservations.ontarioparks.ca/images/88b100bf-97c5-40f9-bc75-4e810a53b28d.jpg,https://reservations.ontarioparks.ca/images/4eb3079c-6499-49fb-8d16-9299b09a9369.jpg,https://reservations.ontarioparks.ca/images/207d5ab1-77aa-4da9-aec9-1ac3dbb8e6cc.jpg,https://reservations.ontarioparks.ca/images/e65c7f83-f787-41a7-b447-da6b890fe4a3.jpg,,
-2147459715,18 - Killarney Lake,Killarney Lake,,-2147483641,2,-32736,3180,4,1,9,1,,Body of Water,No,Island Site,,,No,,East,Regular Rate,Rocks,Yes,Front Right,"Soil, Rock(s)",4,"Tree(s), Root(s)",,,None,,No,Good,,Good,"Tents Only, Generator Free",,,,Easy,,,,Partial Shade - AM Sun,,,Rock Shoreline,,,Privy Box,,,https://reservations.ontarioparks.ca/images/6961759a-7e5f-4137-9c4e-a6b43ea37422.jpg,https://reservations.ontarioparks.ca/images/7e617f4a-28a0-472f-aa6b-0ef4179d3ab9.jpg,https://reservations.ontarioparks.ca/images/129abca9-22a5-4bb6-8f1e-95f5cbcc9ba4.jpg,,,
-2147459713,19 - Killarney Lake,Killarney Lake,,-2147483641,2,-32736,3190,4,1,9,1,,Body of Water,No,,,,No,,"East, South",Regular Rate,Rocks,Yes,Centre,Rock(s),4,"Rock(s), Tree(s), Hill",,,Slight,,No,Good,,Good,"Tents Only, Generator Free",,,,Moderate,,,,Partial Shade,,,Rock Shoreline,,,Privy Box,,,https://reservations.ontarioparks.ca/images/119c872f-4633-4716-948c-6df5d222989c.jpg,https://reservations.ontarioparks.ca/images/8b2e7322-562f-4b88-8096-62c0296a5526.jpg,https://reservations.ontarioparks.ca/images/faf8bc59-b228-4905-b569-3b2b4fdd9a87.jpg,https://reservations.ontarioparks.ca/images/58f72313-4d11-4918-8120-c1fa5c1d9f4b.jpg,,
-2147459712,20 - Killarney Lake,Killarney Lake,,-2147483641,2,-32736,3200,4,1,9,1,,Body of Water,No,,,,No,,"North, East",Regular Rate,Rocks,Yes,Centre,"Soil, Rock(s)",4,"Tree(s), Root(s)",,,Slight,,No,Good,,Good,"Tents Only, Generator Free",,,,Easy,,,,Partial Shade,,,"Rock Shoreline, Soft Bottom",,,Privy Box,,,https://reservations.ontarioparks.ca/images/825902bc-cae9-44c2-8e96-50ebe768b2c7.jpg,https://reservations.ontarioparks.ca/images/69ec36fc-aacd-4239-9743-a8311fb1ed8d.jpg,https://reservations.ontarioparks.ca/images/669bb6ea-0db7-4ed4-840f-383685a2dfd9.jpg,https://reservations.ontarioparks.ca/images/0ca2e319-84f2-4bb0-a505-0a138ec91ddb.jpg,,
-2147459711,21 - Killarney Lake,Killarney Lake,,-2147483641,2,-32736,3210,4,1,9,1,,Body of Water,No,,,,No,,"North, East, West",Regular Rate,Rocks,Yes,Centre,"Soil, Rock(s)",4,"Tree(s), Root(s)",,,None,,No,Good,,Good,"Tents Only, Generator Free",,,,Easy,,,,Partial Shade,,,"Rock Shoreline, Soft Bottom",,,Privy Box,,,https://reservations.ontarioparks.ca/images/c1b23f75-d62b-45ed-9343-3f417eb3d901.jpg,https://reservations.ontarioparks.ca/images/21354f74-91ee-4469-a723-b27f36d50cb0.jpg,https://reservations.ontarioparks.ca/images/c14e8e59-a311-43dd-bf70-85f642293116.jpg,,,
-2147475131,Lake Panache Access Point,Lake Panache,Panache Access Point.,-2147483641,3,-32736,7,,1,9,,,,No,,,,No,,,,,,,,,,,,,,,,,,,,,,,,,,,,,,,,,,,,,,,,
-2147459129,DVP - Lake of the Woods,Lake of the Woods,"This permit is valid only from 8:00 am to the posted day-use closing time.  This permit is not transferrable between other locations in the park including The Crack and Chikanishing Access Points.

Lake of The Woods Trail 3.5 km (3 hour) moderate to difficult.

This loop trail encircles Lake of the Woods, traveling through a variety of forest types, from old growth stands to elevated rocky outcrops. These outcrops offer excellent views of Silver Peak, six kilometres to the west and Lake of the Woods below. At one point, the trail descends to the lakeshore where a short boardwalk connects to the lake’s only island.",-2147483585,2,-31568,10070,1,,,10,,,,,,,,,,,,,,,,,,,,,,,,,,,,,,,,,,,,,,,,,,https://reservations.ontarioparks.ca/images/168b2661-7c71-4697-b941-f21d11eb9411.png,,,,,
-2147459107,DVP InPark - Lake of the Woods,Lake of the Woods,,-2147483586,2,-31568,11070,1,,,999,,,,,,,,,,,,,,,,,,,,,,,,,,,,,,,,,,,,,,,,,,,,,,,
-2147459608,224 - Leech Lake,Leech Lake,,-2147483641,2,-32736,5240,,1,9,1,,Body of Water,No,,,,No,,North,Regular Rate,Rocks,Yes,Back Centre,Rock(s),4,Rock(s),,,Slight,,No,Average,,Good,"Tents Only, Generator Free",,,,Easy,,,,No Shade/Full Sun,,,"Weeds Present, Rock Shoreline",,,Privy Box,,,https://reservations.ontarioparks.ca/images/831b2fee-e02d-4472-8259-eb4ca6fc23cd.jpg,https://reservations.ontarioparks.ca/images/39a98d1f-bfc3-4baa-9a3c-727117013e9e.jpg,https://reservations.ontarioparks.ca/images/4f41bdff-ccba-4fda-9a10-0666022c3d32.jpg,https://reservations.ontarioparks.ca/images/62214687-c929-4e2a-8219-8b6dda1b9289.jpg,,
-2147459607,225 - Leech Lake,Leech Lake,,-2147483641,2,-32736,5250,,1,9,1,,Body of Water,No,,,,No,,West,Regular Rate,Rocks,Yes,Back Centre,Rock(s),4,"Rock(s), Hill",,,Slight,,No,Good,,Good,"Tents Only, Generator Free",,,,Moderate,,,,Partial Shade - PM Sun,,,Rock Shoreline,,,Privy Box,,,https://reservations.ontarioparks.ca/images/ccd1e4b0-c7d9-4780-8107-c3f7821d5b9f.jpg,https://reservations.ontarioparks.ca/images/aa1b6b9f-129f-4a02-93e7-eff6918d1f51.jpg,https://reservations.ontarioparks.ca/images/0a41f14a-45a2-4394-ba87-8a7b8b40fecc.jpg,https://reservations.ontarioparks.ca/images/809f4a87-8ef3-4f4d-8b70-b73eb836fa2b.jpg,,
-2147475343,H33 Lit. Mountain L.,Lit. Mountain L.,,-2147483640,2,-32736,9330,,1,6,1,,"Body of Water, Sentier multi-usage",No,,,,No,,South,Regular Rate,Rocks,Yes,Front Centre,"Soil, Rock(s)",5,"Rock(s), Tree(s), Root(s)",,,Slight,,No,Good,,Good,"Tents Only, Generator Free",,,,Easy,,,,Partial Shade,,,"Weeds Present, Rock Shoreline",,,Privy Box,,,https://reservations.ontarioparks.ca/images/5c994a34-3312-46c7-8ef9-d89877e961b2.jpg,https://reservations.ontarioparks.ca/images/ee9729f3-fdb2-4095-95e0-4463d37d5402.jpg,,,,
-2147475337,H53 Lit. Sheguiandah,Lit. Sheguiandah,,-2147483640,2,-32736,9530,1,1,6,1,,"Body of Water, Sentier multi-usage",No,,,,No,,North,Regular Rate,Rocks,Yes,Front Left,"Soil, Rock(s)",,"Rock(s), Tree(s), Hill",,,Slight,,No,Average,,Good,"Tents Only, Generator Free",,,,Moderate,,,,Partial Shade,,,Rock Shoreline,,,Privy Box,,,,,,,,
-2147459561,413 - Little Bear Lake,Little Bear Lake,,-2147483641,2,-32736,7130,,1,9,1,,Body of Water,No,,,,No,,West,Regular Rate,Rocks,Yes,Centre,"Soil, Rock(s)",4,"Tree(s), Root(s)",,,Slight,,No,Good,,Good,"Tents Only, Generator Free",,,,Easy,,,,Partial Shade - PM Sun,,,"Weeds Present, Rock Shoreline",,,Privy Box,,,https://reservations.ontarioparks.ca/images/069f7b2f-2183-4a8a-9098-4825c7cd4b34.jpg,https://reservations.ontarioparks.ca/images/09ef8f4c-f7d4-4ab2-886d-61ab5fec934c.jpg,https://reservations.ontarioparks.ca/images/f69a67ac-b4d9-41e6-be87-f9fdcdd3379b.jpg,,,
-2147459560,414 - Little Bear Lake,Little Bear Lake,,-2147483641,2,-32736,7140,,1,9,1,,Body of Water,No,,,,No,,"South, West",Regular Rate,Rocks,Yes,Centre,"Soil, Rock(s)",3,"Tree(s), Root(s)",,,Slight,Yes,No,Good,,Good,"Tents Only, Generator Free",,,,Easy,,,,Partial Shade - PM Sun,,,"Weeds Present, Rock Shoreline",,,Privy Box,,,https://reservations.ontarioparks.ca/images/313374cd-8bcb-41af-9e64-9e32c0bbd094.jpg,https://reservations.ontarioparks.ca/images/f06ee76e-552f-4a86-bc1f-e7cfba62abe7.jpg,https://reservations.ontarioparks.ca/images/950be753-b1e9-4f2f-b41b-cd80247f6534.jpg,https://reservations.ontarioparks.ca/images/227d1fc4-2492-4b15-bcee-a47677e639f7.jpg,https://reservations.ontarioparks.ca/images/cae7a488-7ea9-4432-b4d6-1151595e9a33.jpg,
-2147459559,415 - Little Bear Lake,Little Bear Lake,,-2147483641,2,-32736,7150,,1,9,1,,Body of Water,No,,,,No,,South,Regular Rate,Rocks,Yes,Centre,"Soil, Rock(s)",4,"Rock(s), Tree(s)",,,Slight,,No,Good,,Good,"Tents Only, Generator Free",,,,Easy,,,,Partial Shade,,,Rock Shoreline,,,Privy Box,,,https://reservations.ontarioparks.ca/images/175bb3cf-d0d6-4f48-9cfc-1fea014d497f.jpg,https://reservations.ontarioparks.ca/images/daf0eff4-a2dd-4500-ad7c-e88c18fe7f1e.jpg,https://reservations.ontarioparks.ca/images/ea10c7fc-f90f-4c14-bcbc-e4b7381dbab0.jpg,,,
-2147459558,416 - Little Bear Lake,Little Bear Lake,,-2147483641,2,-32736,7160,,1,9,1,,Body of Water,No,,,,No,,"North, West",Regular Rate,Rocks,Yes,Centre,"Soil, Rock(s)",4,"Rock(s), Tree(s)",,,Slight,,No,Good,,Good,"Tents Only, Generator Free",,,,Easy,,,,Partial Shade - PM Sun,,,Rock Shoreline,,,Privy Box,,,https://reservations.ontarioparks.ca/images/2aa87e31-34d7-4850-985e-408572a787f6.jpg,https://reservations.ontarioparks.ca/images/9f331b47-f1e6-4b59-ae6b-ce392549a15a.jpg,https://reservations.ontarioparks.ca/images/64b19aba-92b6-4063-9a6b-1f620819432b.jpg,,,
-2147459557,417 - Little Bear Lake,Little Bear Lake,,-2147483641,2,-32736,7170,,1,9,1,,Body of Water,No,Above Avg. Vehicular Traffic,,,No,,West,Regular Rate,Rocks,Yes,Front Left,"Soil, Rock(s)",4,"Rock(s), Tree(s)",,,Slight,,No,Average,,Good,"Tents Only, Generator Free",,,,Easy,,,,Partial Shade - PM Sun,,,"Rock Shoreline, Light Current",,,Privy Box,,,https://reservations.ontarioparks.ca/images/0f5fe8f9-e938-4fff-b8ac-051a7ff16ba7.jpg,https://reservations.ontarioparks.ca/images/4cc8f48e-9320-4bdc-b03d-3e731a166740.jpg,https://reservations.ontarioparks.ca/images/c978bffc-2ebd-4df0-a0ed-34e41614cb75.jpg,,,
-2147459652,158 - Little Bell Lake,Little Bell Lake,,-2147483641,2,-32736,4580,,1,9,1,,Body of Water,No,,,,No,,West,Regular Rate,Rocks,Yes,Centre,"Soil, Rock(s)",4,"Tree(s), Root(s)",,,None,,No,Good,,Good,"Tents Only, Generator Free",,,,Easy,,,,Partial Shade - PM Sun,,,"Weeds Present, Soft Bottom",,,Privy Box,,,https://reservations.ontarioparks.ca/images/939366ae-c542-42db-a47c-ff9e796ce01b.jpg,https://reservations.ontarioparks.ca/images/ab4ed3c7-96c0-4d41-9cba-808a692a285d.jpg,https://reservations.ontarioparks.ca/images/9ef63d72-dfc3-46b8-b219-17075c83c1cb.jpg,,,
-2147475185,H49 Little Superior,Little Superior,,-2147483640,2,-32736,9490,1,1,6,1,,"Body of Water, Sentier multi-usage",No,,,,No,,"East, South",Regular Rate,,Yes,Front Centre,Rock(s),4,"Rock(s), Tree(s)",,,Slight,,No,Good,,Good,"Tents Only, Generator Free",,,,Moderate,,,,Partial Shade - AM Sun,,,Rock Shoreline,,,Privy Box,,,https://reservations.ontarioparks.ca/images/6b4a80bf-cc6f-455f-8619-c13b1e799f54.jpg,https://reservations.ontarioparks.ca/images/1230f0cc-d438-4ff5-89fb-198953077db7.jpg,,,,
-2147459614,217 - Low Lake,Low Lake,,-2147483641,2,-32736,5170,,1,9,1,,Body of Water,No,,,,No,,West,Regular Rate,Rocks,Yes,Centre,Rock(s),3,Rock(s),,,Slight,,No,Average,,Good,"Tents Only, Generator Free",,,,Easy,,,,Partial Shade - AM Sun,,,Rock Shoreline,,,Privy Box,,,https://reservations.ontarioparks.ca/images/3171dc14-de39-450b-8865-c38185406291.jpg,https://reservations.ontarioparks.ca/images/48a849e2-3000-4447-9ae2-f0a41466b7e1.jpg,https://reservations.ontarioparks.ca/images/1487cbf4-1b95-41c9-a6d8-c290cc4bdba3.jpg,,,
-2147475346,H1 Lumsden Lake,Lumsden Lake,,-2147483640,2,-32736,9010,1,1,6,1,,"Body of Water, Sentier multi-usage",No,,,,No,,West,Regular Rate,Rocks,Yes,Front Right,"Soil, Rock(s)",3,"Rock(s), Tree(s)",,,Slight,,No,Average,,Average,"Tents Only, Generator Free",,,,Moderate,,,,Partial Shade - PM Sun,,,"Rock Shoreline, Soft Bottom",,,Privy Box,,,,,,,,
-2147475320,H2 Lumsden Lake,Lumsden Lake,,-2147483640,2,-32736,9020,1,1,6,1,,"Body of Water, Sentier multi-usage",No,,,,No,,West,Regular Rate,Rocks,Yes,Back Centre,"Soil, Rock(s)",2,"Rock(s), Tree(s)",,,Slight,,No,Average,,Average,"Tents Only, Generator Free",,,,Moderate,,,,Partial Shade - PM Sun,,,"Rock Shoreline, Soft Bottom",,,Privy Box,,,https://reservations.ontarioparks.ca/images/7af5ecf6-f795-4e9b-952c-7088f9ad4016.jpg,,,,,
-2147459613,218 - McGregor Bay,McGregor Bay,,-2147483641,2,-32736,5180,,1,9,1,,Body of Water,No,,,,No,,South,Regular Rate,Rocks,Yes,Centre,"Soil, Rock(s)",3,"Tree(s), Root(s)",,,Slight,,No,Good,,Good,"Tents Only, Generator Free",,,,Easy,,,,Partial Shade - AM Sun,,,"Rock Shoreline, Light Current",,,Privy Box,,,https://reservations.ontarioparks.ca/images/3dd1be84-17c4-4924-be9b-189551192a89.jpg,https://reservations.ontarioparks.ca/images/a5c3079e-5999-421b-8b62-f5e45176c8d4.jpg,https://reservations.ontarioparks.ca/images/ef897c4b-613c-4f0e-81a8-c1e112098e63.jpg,https://reservations.ontarioparks.ca/images/9039827a-df6c-4ac9-98f4-502744f53354.jpg,,
-2147459612,219 - McGregor Bay,McGregor Bay,,-2147483641,2,-32736,5190,,1,9,1,,Body of Water,No,,,,No,,South,Regular Rate,Rocks,Yes,Centre,"Soil, Rock(s)",3,Tree(s),,,Slight,,No,Good,,Good,"Tents Only, Generator Free",,,,Easy,,,,Partial Shade,,,"Rock Shoreline, Light Current",,,Privy Box,,,https://reservations.ontarioparks.ca/images/a55c91f1-c037-4de2-998b-3597182e72df.jpg,https://reservations.ontarioparks.ca/images/759ad9be-8408-4d01-9e89-9abbd9e0cbc6.jpg,https://reservations.ontarioparks.ca/images/e67080c1-fdcf-47c9-900b-949b1cae3495.jpg,https://reservations.ontarioparks.ca/images/690f6554-96d6-475a-9799-855b4e0b0525.jpg,,
-2147459589,301 - McGregor Bay,McGregor Bay,,-2147483641,2,-32736,6010,,1,9,1,,Body of Water,No,,,,No,,North,Regular Rate,Rocks,Yes,Centre,"Soil, Rock(s)",4,"Rock(s), Tree(s)",,,Slight,,No,Good,,Good,"Tents Only, Generator Free",,,,Easy,,,,Partial Shade,,,"Rock Shoreline, Light Current",,,Privy Box,,,https://reservations.ontarioparks.ca/images/daa2f104-8411-403f-8046-66243a1495fe.jpg,https://reservations.ontarioparks.ca/images/f3d4098b-ebfd-409b-b5ba-643aae55e546.jpg,https://reservations.ontarioparks.ca/images/9e8ce709-a8f3-43d3-9ec5-7b4856359de7.jpg,https://reservations.ontarioparks.ca/images/e6464062-aa8b-4eb6-a709-ea9eaea62b43.jpg,https://reservations.ontarioparks.ca/images/2e7c9603-57f7-47f2-abd2-fdfc7af4407b.jpg,
-2147459588,302 - McGregor Bay,McGregor Bay,,-2147483641,2,-32736,6020,,1,9,1,,Body of Water,No,,,,No,,"North, West",Regular Rate,Rocks,Yes,Centre,"Soil, Rock(s)",4,Rock(s),,,Slight,,No,Good,,Good,"Tents Only, Generator Free",,,,Easy,,,,Partial Shade - PM Sun,,,"Rock Shoreline, Light Current",,,Privy Box,,,https://reservations.ontarioparks.ca/images/b79e1428-2403-43e1-bb79-e882561d07ee.jpg,https://reservations.ontarioparks.ca/images/da2b8055-c034-4610-9d11-f85064775441.jpg,https://reservations.ontarioparks.ca/images/85791084-c649-40b0-b702-e0ccd207f3e6.jpg,https://reservations.ontarioparks.ca/images/41767c37-bdc1-4874-b2d0-9a754968e44f.jpg,https://reservations.ontarioparks.ca/images/1c8ee5f8-2bde-49fd-b5e3-7f8321466e8e.jpg,
-2147459587,303 - McGregor Bay,McGregor Bay,,-2147483641,2,-32736,6030,,1,9,1,,Body of Water,No,,,,No,,"South, West",Regular Rate,Rocks,Yes,Back Centre,"Soil, Rock(s)",4,Rock(s),,,None,,No,Good,,Good,"Tents Only, Generator Free",,,,Easy,,,,Partial Shade - AM Sun,,,Rock Shoreline,,,Privy Box,,,https://reservations.ontarioparks.ca/images/a58854f4-a131-4acd-bd1e-74928bea92fe.jpg,https://reservations.ontarioparks.ca/images/0e76254d-0b6d-43b3-a2de-a893d8baaf0e.jpg,https://reservations.ontarioparks.ca/images/60293fb1-ea87-42ea-93f7-5e51cb0c5b1f.jpg,https://reservations.ontarioparks.ca/images/ae454db0-79f8-468c-bc7f-07aa982786de.jpg,https://reservations.ontarioparks.ca/images/33f3a32d-601c-4557-b70a-64113cb32e11.jpg,
-2147475338,H22 Moose Pass,Moose Pass,,-2147483640,2,-32736,9220,,1,6,1,,,No,,,,No,,,,,Yes,,,,,,,,,,,,,,,,,,,,,,,,,,,,,,,,,,,
-2147475210,H23 Moose Pass,Moose Pass,,-2147483640,2,-32736,9230,,1,6,1,,,No,,,,No,,,,,Yes,,,,,,,,,,,,,,,,,,,,,,,,,,,,,,,,,,,
-2147459699,71 - Muriel Lake,Muriel Lake,,-2147483641,2,-32736,3710,,1,9,1,,Body of Water,No,Split Level Site,,,No,,"South, West",Regular Rate,Rocks,Yes,Centre,"Soil, Rock(s)",3,"Tree(s), Hill",,,Slight,,No,Good,,Good,"Tents Only, Generator Free",,,,Moderate,,,,Partial Shade - PM Sun,,,Rock Shoreline,,,Privy Box,,,https://reservations.ontarioparks.ca/images/0f4b2d6c-0ae9-4d02-b679-8c782a8bab7a.jpg,https://reservations.ontarioparks.ca/images/d3ec3466-4370-49b8-bffc-afb592e56e3e.jpg,https://reservations.ontarioparks.ca/images/07a4af99-e6a5-4d20-8530-07a907007d48.jpg,https://reservations.ontarioparks.ca/images/d475fb1a-098d-429d-96f0-c0efe92e4c7a.jpg,https://reservations.ontarioparks.ca/images/7ca066cf-5590-43ac-bb62-28368c4105ad.jpg,
-2147459698,72 - Muriel Lake,Muriel Lake,,-2147483641,2,-32736,3720,,1,9,1,,Body of Water,No,,,,No,,"East, South",Regular Rate,Rocks,Yes,Front Centre,"Soil, Rock(s)",4,Tree(s),,,None,,No,Good,,Good,"Tents Only, Generator Free",,,,Easy,,,,Partial Shade,,,"Rock Shoreline, Soft Bottom",,,Privy Box,,,https://reservations.ontarioparks.ca/images/e8f71f71-9ec7-4652-85a9-cebec44bfa8d.jpg,https://reservations.ontarioparks.ca/images/708cd7d9-987c-4688-9bc2-6528d952f635.jpg,https://reservations.ontarioparks.ca/images/86cac9e1-f24c-46fc-a510-fad63931c125.jpg,https://reservations.ontarioparks.ca/images/525085e7-3c1a-4ca1-8d1d-651121834c38.jpg,https://reservations.ontarioparks.ca/images/2282b7da-d313-4cad-a531-0dc726ec9da3.jpg,
-2147459611,221 - Murray Lake,Murray Lake,,-2147483641,2,-32736,5210,,1,9,1,,Body of Water,No,,,,No,,East,Regular Rate,Rocks,Yes,Front Centre,"Soil, Rock(s)",4,"Tree(s), Root(s)",,,Slight,,No,Good,,Good,"Tents Only, Generator Free",,,,Easy,,,,Partial Shade - AM Sun,,,"Weeds Present, Rock Shoreline",,,Privy Box,,,https://reservations.ontarioparks.ca/images/3f8d14fe-21d1-4edb-ab2c-1290f853cb1a.jpg,https://reservations.ontarioparks.ca/images/806f40dd-ab6d-44a7-8bde-0882a2c260b0.jpg,https://reservations.ontarioparks.ca/images/3a37b634-36b0-4884-9832-ab4d6a9a1324.jpg,https://reservations.ontarioparks.ca/images/3d7da61a-ce10-4c2b-9ca1-ac6ed403f81a.jpg,,
-2147459610,222 - Murray Lake,Murray Lake,,-2147483641,2,-32736,5220,,1,9,1,,Body of Water,No,,,,No,,South,Regular Rate,Rocks,Yes,Centre,"Soil, Rock(s)",4,"Tree(s), Root(s)",,,None,,No,Good,,Good,"Tents Only, Generator Free",,,,Easy,,,,Partial Shade - PM Sun,,,"Weeds Present, Rock Shoreline",,,Privy Box,,,https://reservations.ontarioparks.ca/images/63808226-cb41-4d31-a447-3630b5bbfeb9.jpg,https://reservations.ontarioparks.ca/images/98470e2b-7e2d-4e78-bfff-be717795ad64.jpg,https://reservations.ontarioparks.ca/images/3b355ed4-4f43-41cc-989f-257e79455a4d.jpg,https://reservations.ontarioparks.ca/images/7f7a3663-151b-4e14-b502-8d56a4c2e412.jpg,,
-2147459609,223 - Murray Lake,Murray Lake,,-2147483641,2,-32736,5230,,1,9,1,,Body of Water,No,,,,No,,"North, West",Regular Rate,Rocks,Yes,Front Centre,"Soil, Rock(s)",3,"Tree(s), Root(s)",,,Moderate,,No,Good,,Good,"Tents Only, Generator Free",,,,Easy,,,,Partial Shade - PM Sun,,,Rock Shoreline,,,Privy Box,,,https://reservations.ontarioparks.ca/images/656dcc94-7f33-4f6e-8d2e-4ba36bfdeb6e.jpg,https://reservations.ontarioparks.ca/images/3f0d4755-fab0-44f7-a379-3bfb35a63a82.jpg,https://reservations.ontarioparks.ca/images/d9561092-24e7-4055-a902-717b3da5a8a6.jpg,,,
-2147459622,204 - Nellie Lake,Nellie Lake,,-2147483641,2,-32736,5040,,1,9,1,,Body of Water,No,,,,No,,West,Regular Rate,Rocks,Yes,Centre,"Soil, Rock(s)",4,"Rock(s), Tree(s)",,,Slight,,No,Good,,Good,"Tents Only, Generator Free",,,,Easy,,,,Partial Shade,,,Rock Shoreline,,,Privy Box,,,https://reservations.ontarioparks.ca/images/da77666c-d1bd-4825-b9b5-25a4f314d720.jpg,https://reservations.ontarioparks.ca/images/8b59f9da-55e1-4b1e-bebb-a9755210c007.jpg,https://reservations.ontarioparks.ca/images/028606f8-22d2-4c62-a261-ad9f6f4cfba8.jpg,https://reservations.ontarioparks.ca/images/a06d37c3-e2c7-4510-b271-7827070f120a.jpg,https://reservations.ontarioparks.ca/images/4a92085c-92fa-4e19-aaba-e121ab1bfbc3.jpg,https://reservations.ontarioparks.ca/images/d0bab313-c893-432f-bcc2-469a7d006649.jpg
-2147459621,205 - Nellie Lake,Nellie Lake,,-2147483641,2,-32736,5050,,1,9,1,,Body of Water,No,,,,No,,South,Regular Rate,Rocks,Yes,Centre,"Gravel, Soil",4,Tree(s),,,None,,No,Good,,Good,"Tents Only, Generator Free",,,,Easy,,,,Partial Shade,,,Rock Shoreline,,,Privy Box,,,https://reservations.ontarioparks.ca/images/f257e6f4-6e39-4402-bd3d-b60c89e1aed0.jpg,https://reservations.ontarioparks.ca/images/21ec6123-a93f-49f2-b18b-5817b4419288.jpg,https://reservations.ontarioparks.ca/images/ac317159-43fd-40aa-a5b0-1c455eb4f4ce.jpg,,,
-2147459620,206 - Nellie Lake,Nellie Lake,,-2147483641,2,-32736,5060,,1,9,1,,Body of Water,No,,,,No,,West,Regular Rate,Rocks,Yes,Centre,"Soil, Rock(s)",4,"Tree(s), Root(s)",,,Slight,,No,Good,,Good,"Tents Only, Generator Free",,,,Easy,,,,Partial Shade - PM Sun,,,Rock Shoreline,,,Privy Box,,,https://reservations.ontarioparks.ca/images/7c18d307-03f8-4192-b5b1-fd7765e11cb8.jpg,https://reservations.ontarioparks.ca/images/a85ecdd1-27fc-4835-a0ce-df18676c673d.jpg,https://reservations.ontarioparks.ca/images/edbcd27a-9195-4226-8cbf-d262ec01729f.jpg,,,
-2147475165,Out of Park - North,North,,-2147483641,2,-32364,8000,,1,9,999,,,No,,,,No,,,,,Yes,,,,,,,,,,,,,,,,,,,,,,,,,,,,,,,,,,,
-2147459710,31 - Norway Lake,Norway Lake,,-2147483641,2,-32736,3310,,1,9,1,,Body of Water,No,,,,No,,East,Regular Rate,Rocks,Yes,Front Centre,"Soil, Rock(s)",3,"Rock(s), Tree(s)",,,Slight,,No,Good,,Good,"Tents Only, Generator Free",,,,Easy,,,,Partial Shade - AM Sun,,,Rock Shoreline,,,Privy Box,,,https://reservations.ontarioparks.ca/images/64899770-2a84-4f91-99d6-2a817b8a15c4.jpg,https://reservations.ontarioparks.ca/images/c25ddd08-baa3-4904-9505-742038b0b346.jpg,https://reservations.ontarioparks.ca/images/b70a680a-6fb0-43ee-9038-da98a9074996.jpg,,,
-2147459709,32 - Norway Lake,Norway Lake,,-2147483641,2,-32736,3320,,1,9,1,,Body of Water,No,Split Level Site,,,No,,West,Regular Rate,Rocks,Yes,Front Left,"Soil, Rock(s)",4,"Rock(s), Tree(s)",,,Slight,,No,Good,,Good,"Tents Only, Generator Free",,,,Moderate,,,,Partial Shade - PM Sun,,,Rock Shoreline,,,Privy Box,,,https://reservations.ontarioparks.ca/images/6a1b70da-9721-4f14-86d5-0de6c8d819ea.jpg,https://reservations.ontarioparks.ca/images/acbe981f-64b7-4de6-882e-9cd3259de763.jpg,https://reservations.ontarioparks.ca/images/61508445-e533-4566-aaf6-5b9f3e26f538.jpg,,,
-2147459708,33 - Norway Lake,Norway Lake,,-2147483641,2,-32736,3330,,1,9,1,,Body of Water,No,,,,No,,"North, West",Regular Rate,Rocks,Yes,Front Centre,Rock(s),3,"Rock(s), Tree(s)",,,Slight,,No,Good,,Good,"Tents Only, Generator Free",,,,Moderate,,,,Partial Shade - PM Sun,,,Rock Shoreline,,,Privy Box,,,https://reservations.ontarioparks.ca/images/b6bc66c5-f868-4e74-9ede-44165a3b414b.jpg,https://reservations.ontarioparks.ca/images/112820de-9c0e-4675-8337-489caeb5a17d.jpg,https://reservations.ontarioparks.ca/images/7bcf1335-93d3-47e4-9cb8-1d77654d8692.jpg,,,
-2147459704,61 - O.S.A. Lake,O.S.A. Lake,,-2147483641,2,-32736,3610,4,1,9,1,,Body of Water,No,,,,No,,"North, West",Regular Rate,Rocks,Yes,Centre,"Sand, Soil, Rock(s)",4,"Tree(s), Root(s)",,,None,,No,Good,,Good,"Tents Only, Generator Free",,,,Moderate,,,,Partial Shade - PM Sun,,,"Sandy Beach, Rock Shoreline",,,Privy Box,,,https://reservations.ontarioparks.ca/images/8e5baad0-32e9-417d-ac0c-e3d690b233e4.jpg,https://reservations.ontarioparks.ca/images/7be6dbd3-e598-4efd-bcda-6ca716315f19.jpg,https://reservations.ontarioparks.ca/images/097a0196-ee48-4b51-af8e-58335e241637.jpg,,,
-2147459703,62 - O.S.A. Lake,O.S.A. Lake,,-2147483641,2,-32736,3620,4,1,9,1,,Body of Water,No,Island Site,,,No,,"North, South, West",Regular Rate,Rocks,Yes,Centre,"Soil, Rock(s)",3,"Tree(s), Root(s)",,,Slight,,No,Good,,Good,"Tents Only, Generator Free",,,,Easy,,,,Partial Shade - AM Sun,,,Rock Shoreline,,,Privy Box,,,https://reservations.ontarioparks.ca/images/cc573d31-06a7-407b-8426-6bc6542c629b.jpg,https://reservations.ontarioparks.ca/images/a1814805-62d8-4b9c-acd6-49653939e592.jpg,https://reservations.ontarioparks.ca/images/01f0dddb-c451-4c2c-962c-625cd8dda202.jpg,https://reservations.ontarioparks.ca/images/bf8b9c06-ce97-48be-8ca7-9b77b7b575e4.jpg,https://reservations.ontarioparks.ca/images/224f2267-42df-48f0-9b2a-ede752f510a7.jpg,
-2147459702,63 - O.S.A. Lake,O.S.A. Lake,,-2147483641,2,-32736,3630,4,1,9,1,,Body of Water,No,,,,No,,South,Regular Rate,Rocks,Yes,Back Centre,"Soil, Rock(s)",4,Tree(s),,,Slight,Yes,No,Good,,Good,"Tents Only, Generator Free",,,,Easy,,,,Partial Shade,,,Rock Shoreline,,,Privy Box,,,https://reservations.ontarioparks.ca/images/d532476f-9389-46d4-95c4-948a7f794017.jpg,https://reservations.ontarioparks.ca/images/14be6c43-0ea7-43eb-97c6-d8ed61171c4f.jpg,https://reservations.ontarioparks.ca/images/cee18a67-18f0-4840-9323-9ceec27f850a.jpg,,,
-2147459701,64 - O.S.A. Lake,O.S.A. Lake,,-2147483641,2,-32736,3640,4,1,9,1,,Body of Water,No,Island Site,,,No,,West,Regular Rate,Rocks,Yes,Front Left,"Soil, Rock(s)",4,Tree(s),,,None,,No,Good,,Good,"Tents Only, Generator Free",,,,Easy,,,,Full Shade,,,Rock Shoreline,,,Privy Box,,,https://reservations.ontarioparks.ca/images/f00f31d7-e299-4f81-b6fd-7d31171029ad.jpg,https://reservations.ontarioparks.ca/images/0c25f455-5832-4ea9-9a97-ba99f77a8a48.jpg,https://reservations.ontarioparks.ca/images/78929b35-102f-480a-8672-e1eceb5be8dd.jpg,https://reservations.ontarioparks.ca/images/17d99228-1a7e-46e1-a75d-1da6befcd03f.jpg,,
-2147459700,65 - O.S.A. Lake,O.S.A. Lake,,-2147483641,2,-32736,3650,4,1,9,1,,Body of Water,No,,,,No,,East,Regular Rate,Rocks,Yes,Centre,"Soil, Rock(s)",4,Tree(s),,,None,,No,Good,,Good,"Tents Only, Generator Free",,,,Moderate,,,,Partial Shade - AM Sun,,,Rock Shoreline,,,Privy Box,,,https://reservations.ontarioparks.ca/images/05bb2896-a3de-4ff4-b407-02d24facc28b.jpg,https://reservations.ontarioparks.ca/images/dec14ba4-16a4-41e2-855b-83024ccb49ad.jpg,https://reservations.ontarioparks.ca/images/4354359e-b447-4bb3-82c9-33f0284b6fb2.jpg,,,
-2147475130,George Lake Access Point - Paddling,Paddling,George Access Point.,-2147483641,3,-32736,4,,1,9,,,,No,,,,No,,,,,,,,,,,,,,,,,,,,,,,,,,,,,,,,,,,,,,,,
-2147459571,401 - Panache Lake,Panache Lake,,-2147483641,2,-32736,7010,,1,9,1,,Body of Water,No,,,,No,,"North, West",Regular Rate,Rocks,Yes,Front Centre,"Soil, Rock(s)",4,"Tree(s), Root(s)",,,None,,No,Good,,Good,"Tents Only, Generator Free",,,,Easy,,,,Partial Shade - PM Sun,,,"Weeds Present, Rock Shoreline, Soft Bottom",,,Privy Box,,,https://reservations.ontarioparks.ca/images/dee2b2bb-21ef-4691-91ef-f634f92696de.jpg,https://reservations.ontarioparks.ca/images/55fb7d4a-a49d-4760-aae1-8f5dbc3d2333.jpg,https://reservations.ontarioparks.ca/images/b5bf4943-a51f-4dc5-abf6-d326495e43f4.jpg,,,
-2147459570,402 - Panache Lake,Panache Lake,,-2147483641,2,-32736,7020,,1,9,1,,Body of Water,No,,,,No,,"North, West",Regular Rate,Rocks,Yes,Front Centre,"Soil, Rock(s)",4,"Tree(s), Root(s)",,,Slight,,No,Good,,Good,"Tents Only, Generator Free",,,,Easy,,,,Partial Shade - PM Sun,,,Rock Shoreline,,,Privy Box,,,https://reservations.ontarioparks.ca/images/5d2025f0-87dd-41ee-bdf8-5c1c55c39424.jpg,https://reservations.ontarioparks.ca/images/a3b1503f-b4ed-4ad3-821b-740bdb20c3a1.jpg,https://reservations.ontarioparks.ca/images/a12fe103-1cfc-491b-99ca-e1e7e3ab92bf.jpg,https://reservations.ontarioparks.ca/images/a4114d11-325d-4d74-bd62-2e3bad0deb74.jpg,,
-2147459568,404 - Panache Lake,Panache Lake,,-2147483641,2,-32736,7040,,1,9,1,,Body of Water,No,,,,No,,North,Regular Rate,Rocks,Yes,Centre,"Soil, Rock(s)",3,"Tree(s), Root(s)",,,Slight,,No,Good,,Good,"Tents Only, Generator Free",,,,Easy,,,,Partial Shade - AM Sun,,,Rock Shoreline,,,Privy Box,,,https://reservations.ontarioparks.ca/images/2a8fa785-24c7-4818-93e3-6b04e6edbb99.jpg,https://reservations.ontarioparks.ca/images/21055907-e91b-4a58-bc0f-b47b7b4b3e40.jpg,https://reservations.ontarioparks.ca/images/75b61f15-c75e-4691-ae27-6cdbcc0340bf.jpg,https://reservations.ontarioparks.ca/images/3391590e-54bb-4173-8f62-704e18c5923e.jpg,https://reservations.ontarioparks.ca/images/98f716c2-5a2c-4bea-8a45-970078882675.jpg,
-2147459566,406 - Panache Lake,Panache Lake,,-2147483641,2,-32736,7060,,1,9,1,,Body of Water,No,,,,No,,West,Regular Rate,Rocks,Yes,Centre,"Soil, Rock(s)",4,"Tree(s), Root(s)",,,Slight,,No,Good,,Good,"Tents Only, Generator Free",,,,Easy,,,,Partial Shade - PM Sun,,,Rock Shoreline,,,Privy Box,,,https://reservations.ontarioparks.ca/images/85237e49-6355-4b67-ab8a-efbe97ce5535.jpg,https://reservations.ontarioparks.ca/images/45ec38ba-d5a1-4e62-90e2-b5c52ea7f709.jpg,,,,
-2147459565,407 - Panache Lake,Panache Lake,,-2147483641,2,-32736,7070,,1,9,1,,Body of Water,No,,,,No,,West,Regular Rate,Rocks,Yes,Centre,"Soil, Rock(s)",4,"Tree(s), Root(s)",,,Slight,,No,Good,,Good,"Tents Only, Generator Free",,,,Easy,,,,Partial Shade - PM Sun,,,Rock Shoreline,,,Privy Box,,,https://reservations.ontarioparks.ca/images/8b8422ba-88f9-47e8-8d19-414a17c0550f.jpg,https://reservations.ontarioparks.ca/images/f235042d-1e04-4cdd-94e7-ac1c2b4e81df.jpg,https://reservations.ontarioparks.ca/images/bd7a6c18-8f20-4ada-9b6b-8462f5bb3760.jpg,,,
-2147459564,408 - Panache Lake,Panache Lake,,-2147483641,2,-32736,7100,,1,9,1,,Body of Water,No,,,,No,,West,Regular Rate,Rocks,Yes,Centre,"Soil, Rock(s)",4,"Tree(s), Root(s)",,,Slight,,No,Good,,Good,"Tents Only, Generator Free",,,,Easy,,,,Partial Shade - PM Sun,,,Rock Shoreline,,,Privy Box,,,https://reservations.ontarioparks.ca/images/ee70ca07-29a6-4333-8251-3601dcf51c31.jpg,https://reservations.ontarioparks.ca/images/27c79e83-61d9-4f66-96ac-a1a63756a734.jpg,,,,
-2147459648,164 - Peter Lake,Peter Lake,,-2147483641,2,-32736,4640,,1,9,1,,Body of Water,No,,,,No,,East,Regular Rate,Rocks,Yes,Centre,"Soil, Rock(s)",3,"Rock(s), Tree(s)",,,Slight,,No,Good,,Good,"Tents Only, Generator Free",,,,Easy,,,,Partial Shade - PM Sun,,,Weeds Present,,,Privy Box,,,https://reservations.ontarioparks.ca/images/e08c5ae3-008e-4733-b0ee-2e5c7e71eb15.jpg,https://reservations.ontarioparks.ca/images/9a5f8f67-adbe-46fb-82b1-ee371d8e6fee.jpg,https://reservations.ontarioparks.ca/images/ce99d718-32a4-44a9-a6c5-ef3bc9df7e11.jpg,https://reservations.ontarioparks.ca/images/6eedd13c-410e-4969-a32e-2c59cefca8c6.jpg,,
-2147459647,165 - Peter Lake,Peter Lake,,-2147483641,2,-32736,4650,,1,9,1,,Body of Water,No,,,,No,,West,Regular Rate,Rocks,Yes,Front Centre,"Sand, Soil",4,"Rock(s), Root(s)",,,Slight,,No,Good,,Good,"Tents Only, Generator Free",,,,Easy,,,,Partial Shade - AM Sun,,,"Sandy Beach, Soft Bottom",,,Privy Box,,,https://reservations.ontarioparks.ca/images/4482c928-e379-47bd-adc8-4ffab4464a8d.jpg,https://reservations.ontarioparks.ca/images/84e2110c-aff8-48de-a76d-2a3516a6f265.jpg,https://reservations.ontarioparks.ca/images/9078ce78-d631-4aa8-a78d-9a7e62151c6d.jpg,https://reservations.ontarioparks.ca/images/711f2a34-7f02-49cf-8741-6ccec2cc81eb.jpg,,
-2147475212,H48 Proulx Lake,Proulx Lake,,-2147483640,2,-32736,9480,1,1,6,1,,"Body of Water, Sentier multi-usage",No,,,,No,,West,Regular Rate,,Yes,Back Centre,"Soil, Rock(s)",2,"Rock(s), Hill",,,Slight,,No,Good,,Good,"Tents Only, Generator Free",,,,Moderate,,,,Partial Shade - PM Sun,,,Rock Shoreline,,,Privy Box,,,,,,,,
-2147459599,236 - Rocky Lake,Rocky Lake,,-2147483641,2,-32736,5360,,1,9,1,,Body of Water,No,,,,No,,North,Regular Rate,Rocks,Yes,Centre,Rock(s),4,"Rock(s), Tree(s), Hill",,,Slight,,No,Good,,Good,"Tents Only, Generator Free",,,,Easy,,,,Partial Shade,,,Rock Shoreline,,,Privy Box,,,https://reservations.ontarioparks.ca/images/97f8ccc9-9b04-49dd-8974-35a03ce10b5d.jpg,https://reservations.ontarioparks.ca/images/daeb1c34-b325-433e-9e9c-3f2186ff30ae.jpg,https://reservations.ontarioparks.ca/images/85fc4cc9-8402-4d51-b3a3-d19124bb93a2.jpg,,,
-2147459679,118 - Ruth-Roy Lake,Ruth-Roy Lake,,-2147483641,2,-32736,4180,,1,9,1,,Body of Water,No,,,,No,,North,Regular Rate,Rocks,Yes,Centre,"Soil, Rock(s)",4,Tree(s),,,Slight,,No,Good,,Good,"Tents Only, Generator Free",,,,Easy,,,,Partial Shade,,,Rock Shoreline,,,Privy Box,,,https://reservations.ontarioparks.ca/images/1e1afca4-151c-475a-ba71-ea0aeabfe5ed.jpg,https://reservations.ontarioparks.ca/images/932e6963-6c65-4fbd-83a1-33b42a9faa1e.jpg,https://reservations.ontarioparks.ca/images/d377904d-21c9-4cde-9f32-0310cfe5ee95.jpg,,,
-2147459678,119 - Ruth-Roy Lake,Ruth-Roy Lake,,-2147483641,2,-32736,4190,,1,9,1,,Body of Water,No,,,,No,,West,Regular Rate,Rocks,Yes,Front Centre,"Soil, Rock(s)",4,"Tree(s), Root(s)",,,None,,No,Good,,Good,"Tents Only, Generator Free",,,,Easy,,,,Partial Shade - PM Sun,,,Rock Shoreline,,,Privy Box,,,https://reservations.ontarioparks.ca/images/c7c3fc1c-5b85-4bc5-ab08-2fd0f94425fd.jpg,https://reservations.ontarioparks.ca/images/88efba1c-239e-46d2-84f9-c6940be83122.jpg,https://reservations.ontarioparks.ca/images/bcac02e4-b9d4-490c-807a-969f1364f493.jpg,,,
-2147457579,SPOT Unit,SPOT,,-2147483603,2,-31532,12000,,,,,,,,,,,,,,,,,,,,,,,,,,,,,,,,,,,,,,,,,,,,,,,,,,,
-2147459707,41 - Sandy Lake,Sandy Lake,,-2147483641,2,-32736,3410,,1,9,1,,Body of Water,No,,,,No,,West,Regular Rate,Rocks,Yes,Front Centre,Soil,4,Tree(s),,,Slight,,No,Good,,Good,"Tents Only, Generator Free",,,,Easy,,,,Partial Shade - PM Sun,,,"Weeds Present, Soft Bottom",,,Privy Box,,,https://reservations.ontarioparks.ca/images/ac43730b-e098-43de-80cc-4cd9a1aa1873.jpg,https://reservations.ontarioparks.ca/images/24933643-8ea1-48ae-a4e0-54e3f8a52b9d.jpg,https://reservations.ontarioparks.ca/images/450ce942-8e6b-448b-ac76-150a4d14c761.jpg,,,
-2147475146,H50 Sealey's Lake,Sealey's Lake,,-2147483640,2,-32736,9500,1,1,6,1,,,No,,,,No,,,,,Yes,,,,,,,,,No,,,,,,,,,,,,,,,,,,Privy Box,,,,,,,,
-2147475345,H31 Shigaug Lake,Shigaug Lake,,-2147483640,2,-32736,9310,,1,6,1,,"Body of Water, Sentier multi-usage",No,,,,No,,"North, East",Regular Rate,Rocks,Yes,Centre,"Soil, Rock(s)",3,"Rock(s), Tree(s), Root(s)",,,Slight,,No,Good,,Good,"Tents Only, Generator Free",,,,Moderate,,,,Partial Shade - AM Sun,,,"Weeds Present, Rock Shoreline",,,Privy Box,,,https://reservations.ontarioparks.ca/images/dd96b387-a32f-4d00-b6dc-3bde7ad46d1f.jpg,https://reservations.ontarioparks.ca/images/b6a6dca7-bd8a-41df-b461-97fceb734a49.jpg,https://reservations.ontarioparks.ca/images/fea1c562-6226-4a84-9724-c575a1549223.jpg,,,
-2147475339,H32 Shigaug Lake,Shigaug Lake,,-2147483640,2,-32736,9320,,1,6,1,,"Body of Water, Sentier multi-usage",No,,,,No,,East,Regular Rate,Rocks,Yes,Front Centre,"Soil, Rock(s)",3,"Rock(s), Tree(s), Root(s)",,,Slight,,No,Good,,Good,"Tents Only, Generator Free",,,,Moderate,,,,Partial Shade - AM Sun,,,"Weeds Present, Rock Shoreline",,,Privy Box,,,,,,,,
-2147475314,H37 Silver Lake,Silver Lake,,-2147483640,2,-32736,9370,,1,6,1,,Body of Water,No,,,,No,,"East, South",Regular Rate,Rocks,Yes,Front Left,"Soil, Rock(s)",4,"Rock(s), Tree(s), Root(s)",,,Slight,,No,Average,,Good,"Tents Only, Generator Free",,,,Easy,,,,Partial Shade - AM Sun,,,Rock Shoreline,,,Privy Box,,,https://reservations.ontarioparks.ca/images/0f35cbf5-25fe-4490-b84e-c6ba04f323fa.jpg,https://reservations.ontarioparks.ca/images/bf9d8b7e-3232-4ae0-b28f-49db68067007.jpg,https://reservations.ontarioparks.ca/images/a874d697-4d30-4f68-b837-c2ee7fb0c87f.jpg,,,
-2147475178,H38 Silver Lake,Silver Lake,,-2147483640,2,-32736,9380,,1,6,1,,"Body of Water, Sentier multi-usage",No,,,,No,,East,Regular Rate,Rocks,Yes,Back Centre,Rock(s),5,"Rock(s), Tree(s), Root(s)",,,Slight,,No,Good,,Good,"Tents Only, Generator Free",,,,Easy,,,,Partial Shade - AM Sun,,,Rock Shoreline,,,Privy Box,,,https://reservations.ontarioparks.ca/images/91aaef2a-8626-4978-9a86-f129e5f40146.jpg,https://reservations.ontarioparks.ca/images/6040961d-850e-4330-b1f9-58f223f872b9.jpg,https://reservations.ontarioparks.ca/images/b2163968-d88e-4c56-8494-0f5910a628b5.jpg,,,
-2147475184,Out of Park - South,South,,-2147483641,2,-32364,8010,,1,9,999,,,No,,,,No,,,,,Yes,,,,,,,,,,,,,,,,,,,,,,,,,,,,,,,,,,,
-2147459128,DVP - The Crack,The Crack,"This permit is valid only from 8:00 am to the posted day-use closing time. This permit is not transferrable between other locations in the park including the Granite Ridge and Chikanishing Access Points.

The Crack 6 km (4 hour) difficult.

This trail is considered highly difficult. Know the limits of your physical abilities before setting out. The Crack (red markers) is a linear trail, rather than a loop, however it is also part of a 78 km backcountry trail (blue markers). Once you reach the top, it is critical to follow the red markers back the way you came. If you start seeing only blue markers, you’ve gone the wrong way.  Do not attempt this hike in sandals, Crocs, rubber boots, or flipflops. Pack 2L of water per person.

For more information visit: www.ontarioparks.ca/parksblog/hike-the-crack-killarney.",-2147483585,2,-31568,10080,1,,,30,,,,,,,,,,,,,,,,,,,,,,,,,,,,,,,,,,,,,,,,,,https://reservations.ontarioparks.ca/images/cd348def-0308-4270-af84-59d35ab34ddc.png,,,,,
-2147459106,DVP InPark - The Crack,The Crack,,-2147483586,2,-31568,11080,1,,,999,,,,,,,,,,,,,,,,,,,,,,,,,,,,,,,,,,,,,,,,,,,,,,,
-2147459661,145 - Three Mile Lake,Three Mile Lake,,-2147483641,2,-32736,4450,,1,9,1,,Body of Water,No,,,,No,,East,Regular Rate,Rocks,Yes,Centre,"Soil, Rock(s)",4,Hill,,,Slight,,No,Good,,Good,"Tents Only, Generator Free",,,,Moderate,,,,Partial Shade,,,Rock Shoreline,,,Privy Box,,,https://reservations.ontarioparks.ca/images/3244765e-655d-42e5-ba37-599ff8b7c713.jpg,https://reservations.ontarioparks.ca/images/03416979-35ad-4673-b8bc-d5342de59f33.jpg,https://reservations.ontarioparks.ca/images/0ed2d67b-dc19-4306-bf08-6fc8422e55eb.jpg,https://reservations.ontarioparks.ca/images/84a58aaf-9b47-42e0-b5fe-8759326f5b46.jpg,,
-2147459660,146 - Three Mile Lake,Three Mile Lake,,-2147483641,2,-32736,4460,,1,9,1,,Body of Water,No,,,,No,,West,Regular Rate,Rocks,Yes,Centre,"Soil, Rock(s)",4,"Tree(s), Hill",,,Slight,,No,Good,,Good,"Tents Only, Generator Free",,,,Moderate,,,,Partial Shade - PM Sun,,,"Weeds Present, Rock Shoreline",,,Privy Box,,,https://reservations.ontarioparks.ca/images/4d5e8320-d0e0-43a8-a5e0-dbb5d34d9823.jpg,https://reservations.ontarioparks.ca/images/ffeb3f6c-e3d0-4586-bb79-efca3853843f.jpg,https://reservations.ontarioparks.ca/images/5d295ca4-339c-4684-8f48-004eab037b50.jpg,https://reservations.ontarioparks.ca/images/6bdcdc17-7e22-4a1b-9f7c-b3f9836b8f2f.jpg,https://reservations.ontarioparks.ca/images/69855b9f-d776-4c82-880b-ef85967b7574.jpg,
-2147475357,H8 Three Narrows L.,Three Narrows L.,,-2147483640,2,-32736,9080,,1,6,1,,"Body of Water, Sentier multi-usage",No,,,,No,,,,Rocks,Yes,,"Soil, Rock(s)",,"Tree(s), Root(s)",,,,,No,,,Average,"Tents Only, Generator Free",,,,,,,,,,,"Weeds Present, Soft Bottom",,,,,,https://reservations.ontarioparks.ca/images/99f8a8a3-55d6-410d-b811-dab7277e67ed.jpg,https://reservations.ontarioparks.ca/images/10dcc770-42c8-43fb-867d-bf3b31ec8d30.jpg,https://reservations.ontarioparks.ca/images/40d15477-6580-49b2-ba13-979c7db854ed.jpg,,,
-2147475310,H16 Three Narrows L.,Three Narrows L.,,-2147483640,2,-32736,9160,,1,6,1,,"Body of Water, Sentier multi-usage",No,,,,No,,South,Regular Rate,Rocks,Yes,Centre,"Soil, Rock(s)",4,"Tree(s), Root(s)",,,Slight,,No,Poor,,Average,"Tents Only, Generator Free",,,,Easy,,,,Partial Shade,,,"Weeds Present, Rock Shoreline",,,Privy Box,,,https://reservations.ontarioparks.ca/images/cfc670e4-3998-475c-a68c-aca40d9bcfd4.jpg,https://reservations.ontarioparks.ca/images/567bde7e-341c-4900-9eee-3c8c9319dcc6.jpg,https://reservations.ontarioparks.ca/images/082a8fd2-3353-40b5-989b-97696cef13e0.jpg,,,
-2147475199,H17 Three Narrows L.,Three Narrows L.,,-2147483640,2,-32736,9170,,1,6,1,,"Body of Water, Sentier multi-usage",No,,,,No,,East,Regular Rate,Rocks,Yes,Front Centre,"Soil, Rock(s)",3,"Rock(s), Tree(s), Root(s)",,,Slight,,No,Average,,Average,"Tents Only, Generator Free",,,,Easy,,,,Partial Shade - AM Sun,,,"Weeds Present, Rock Shoreline",,,Privy Box,,,https://reservations.ontarioparks.ca/images/22dfb17d-eb45-4ffc-8d33-76617306a368.jpg,https://reservations.ontarioparks.ca/images/fdafb594-7db7-4c8e-a64f-80909b68ee37.jpg,,,,
-2147475172,H18 Three Narrows L.,Three Narrows L.,,-2147483640,2,-32736,9180,,1,6,1,,"Body of Water, Sentier multi-usage",No,,,,No,,"East, South",Regular Rate,Rocks,Yes,Front Left,"Soil, Rock(s)",2,"Tree(s), Root(s)",,,None,,No,Average,,Average,"Tents Only, Generator Free",,,,Moderate,,,,Partial Shade,,,"Weeds Present, Rock Shoreline",,,Privy Box,,,,,,,,
-2147475302,H19 Three Narrows L.,Three Narrows L.,,-2147483640,2,-32736,9190,,1,6,1,,"Body of Water, Sentier multi-usage",No,,,,No,,East,Regular Rate,Rocks,Yes,Centre,"Sand, Soil, Rock(s)",3,"Rock(s), Tree(s), Root(s)",,,Slight,,No,Average,,Average,"Tents Only, Generator Free",,,,Moderate,,,,Partial Shade,,,Rock Shoreline,,,Privy Box,,,,,,,,
-2147475291,H20 Three Narrows L.,Three Narrows L.,,-2147483640,2,-32736,9200,,1,6,1,,,No,,,,No,,,,,Yes,,,,,,,,,,,,,,,,,,,,,,,,,,,,,,,,,,,
-2147475331,H21 Three Narrows L.,Three Narrows L.,,-2147483640,2,-32736,9210,,1,6,1,,"Body of Water, Sentier multi-usage",No,,,,No,,"North, East, South",Regular Rate,Rocks,Yes,Centre,Rock(s),3,"Rock(s), Tree(s), Root(s)",,,Slight,,No,Average,,Good,"Tents Only, Generator Free",,,,Difficult,,,,Partial Shade,,,Rock Shoreline,,,Privy Box,,,https://reservations.ontarioparks.ca/images/935c5800-1ea2-4a00-918b-c4e9b972307d.jpg,https://reservations.ontarioparks.ca/images/48e80059-d815-4287-aac7-29899c345621.jpg,,,,
-2147459586,311 - Threenarrows Lake,Threenarrows Lake,,-2147483641,2,-32736,6110,,1,9,1,,Body of Water,No,,,,No,,North,Regular Rate,Rocks,Yes,Centre,"Soil, Rock(s)",4,"Rock(s), Tree(s)",,,,,No,Good,,Good,"Tents Only, Generator Free",,,,Easy,,,,Full Shade,,,Rock Shoreline,,,Privy Box,,,https://reservations.ontarioparks.ca/images/9e7eb214-38a3-445b-a140-acd8890818ca.jpg,https://reservations.ontarioparks.ca/images/6d55a720-64a4-412d-803b-b4fc75a29ff1.jpg,https://reservations.ontarioparks.ca/images/0ad66412-501d-494f-a90e-c6257898b766.jpg,,,
-2147459585,312 - Threenarrows Lake,Threenarrows Lake,,-2147483641,2,-32736,6120,,1,9,1,,Body of Water,No,,,,No,,North,Regular Rate,Rocks,Yes,Centre,"Soil, Rock(s)",4,"Rock(s), Tree(s)",,,Slight,Yes,No,Good,,Good,"Tents Only, Generator Free",,,,Easy,,,,Partial Shade,,,"Rock Shoreline, Soft Bottom",,,Privy Box,,,https://reservations.ontarioparks.ca/images/f1a6f01b-aaf2-4113-a24a-e767d6a07aec.jpg,https://reservations.ontarioparks.ca/images/5c0ee5e3-19de-4a99-94f0-4f802c02030d.jpg,https://reservations.ontarioparks.ca/images/c9689bf6-367c-4883-bf8f-88e8ee9e096b.jpg,,,
-2147459584,313 - Threenarrows Lake,Threenarrows Lake,,-2147483641,2,-32736,6130,,1,9,1,,Body of Water,No,,,,No,,"South, West",Regular Rate,Rocks,Yes,Back Centre,Rock(s),4,"Rock(s), Tree(s)",,,Slight,,No,Good,,Good,"Tents Only, Generator Free",,,,Easy,,,,Partial Shade - PM Sun,,,Rock Shoreline,,,Privy Box,,,https://reservations.ontarioparks.ca/images/233c731c-69f1-49a5-9eaa-151971047cf0.jpg,https://reservations.ontarioparks.ca/images/b2a682dd-2085-4089-b257-a37797e70b47.jpg,https://reservations.ontarioparks.ca/images/135767aa-9971-4363-bfbb-66e0c1722acc.jpg,,,
-2147459583,314 - Threenarrows Lake,Threenarrows Lake,,-2147483641,2,-32736,6140,,1,9,1,,Body of Water,No,"Split Level Site, Island Site",,,No,,East,Regular Rate,Rocks,Yes,Front Centre,Rock(s),3,"Rock(s), Tree(s), Hill",,,Slight,,No,Good,,Good,"Tents Only, Generator Free",,,,Easy,,,,Partial Shade - AM Sun,,,Rock Shoreline,,,Privy Box,,,https://reservations.ontarioparks.ca/images/1f8d79d3-8cab-4159-bff9-3ec167251dde.jpg,https://reservations.ontarioparks.ca/images/22f54752-8c40-46e5-b1d9-6d7c31d5e9e3.jpg,https://reservations.ontarioparks.ca/images/30851764-50e2-44b3-a9b3-f981bb5ad813.jpg,,,
-2147459582,315 - Threenarrows Lake,Threenarrows Lake,,-2147483641,2,-32736,6150,,1,9,1,,Body of Water,No,,,,No,,West,Regular Rate,Rocks,Yes,Centre,"Soil, Rock(s)",4,Rock(s),,,Slight,,No,Good,,Good,"Tents Only, Generator Free",,,,Easy,,,,Partial Shade - PM Sun,,,Rock Shoreline,,,Privy Box,,,https://reservations.ontarioparks.ca/images/ca25fa1d-5319-4776-a00b-dafea242ea3a.jpg,https://reservations.ontarioparks.ca/images/9c808413-9498-4f2a-9140-8ef30810d936.jpg,https://reservations.ontarioparks.ca/images/f1465622-fa6f-4848-b776-c202067b3d63.jpg,https://reservations.ontarioparks.ca/images/97744b0c-8315-4a1a-9fc2-41e904b5cf26.jpg,,
-2147459581,316 - Threenarrows Lake,Threenarrows Lake,,-2147483641,2,-32736,6160,,1,9,1,,Body of Water,No,,,,No,,"North, South",Regular Rate,Rocks,Yes,Centre,"Soil, Rock(s)",3,"Rock(s), Tree(s)",,,Slight,,No,Good,,Good,"Tents Only, Generator Free",,,,Moderate,,,,Partial Shade,,,"Rock Shoreline, Light Current",,,Privy Box,,,https://reservations.ontarioparks.ca/images/bc06feaf-3e73-4a40-b580-c29652b092db.jpg,https://reservations.ontarioparks.ca/images/eebeedfe-51a7-4bbd-8a78-338d5b1039d4.jpg,,,,
-2147459580,317 - Threenarrows Lake,Threenarrows Lake,,-2147483641,2,-32736,6170,,1,9,1,,Body of Water,No,,,,No,,North,Regular Rate,Rocks,Yes,Front Centre,Rock(s),2,"Rock(s), Hill",,,None,,No,Good,,Good,"Tents Only, Generator Free",,,,Difficult,,,,Partial Shade,,,Rock Shoreline,,,Privy Box,,,https://reservations.ontarioparks.ca/images/ce33fb31-c1bd-4063-b36c-6497b7950a78.jpg,https://reservations.ontarioparks.ca/images/2e8d138c-ec07-45b9-9d7b-a874d0f1a4e7.jpg,https://reservations.ontarioparks.ca/images/9421f12a-e653-4347-a308-80cf6f73d8db.jpg,https://reservations.ontarioparks.ca/images/e8b91479-affd-4a44-b2b6-1cd56ee0a71b.jpg,,
-2147459579,318 - Threenarrows Lake,Threenarrows Lake,,-2147483641,2,-32736,6180,,1,9,1,,Body of Water,No,,,,No,,"East, West",Regular Rate,Rocks,Yes,Centre,Soil,4,"Tree(s), Root(s)",,,None,,No,Good,,Good,"Tents Only, Generator Free",,,,Easy,,,,Full Shade,,,Soft Bottom,,,Privy Box,,,https://reservations.ontarioparks.ca/images/0a0ba969-9be2-4ca5-b29f-c8da83e03933.jpg,https://reservations.ontarioparks.ca/images/ffee6588-cc87-4a9a-a356-bb26a8c17e12.jpg,https://reservations.ontarioparks.ca/images/1d1a872a-cce8-4351-80ca-cbfb947ee248.jpg,,,
-2147459578,319 - Threenarrows Lake,Threenarrows Lake,,-2147483641,2,-32736,6190,,1,9,1,,Body of Water,No,,,,No,,West,Regular Rate,Rocks,Yes,Centre,"Soil, Rock(s)",4,"Rock(s), Tree(s)",,,None,,No,Good,,Good,"Tents Only, Generator Free",,,,Easy,,,,Partial Shade - PM Sun,,,Rock Shoreline,,,Privy Box,,,https://reservations.ontarioparks.ca/images/197858af-40bd-454d-9eb7-602bf8333edf.jpg,https://reservations.ontarioparks.ca/images/794dfb40-613d-42e9-bd04-89dede67d185.jpg,,,,
-2147459577,320 - Threenarrows Lake,Threenarrows Lake,,-2147483641,2,-32736,6200,,1,9,1,,Body of Water,No,Island Site,,,No,,West,Regular Rate,Rocks,Yes,Front Left,"Soil, Rock(s)",3,"Rock(s), Tree(s)",,,Slight,,No,Good,,Good,"Tents Only, Generator Free",,,,Easy,,,,Partial Shade,,,Weeds Present,,,Privy Box,,,https://reservations.ontarioparks.ca/images/d11393ec-0af4-4711-b727-e3d9c7848a36.jpg,https://reservations.ontarioparks.ca/images/633931af-738d-4676-9ff6-73bab34d56df.jpg,https://reservations.ontarioparks.ca/images/7c96aac4-dc2c-4602-8f3b-d76124bfa821.jpg,https://reservations.ontarioparks.ca/images/98af82d7-5113-4602-808c-63063aabf341.jpg,,
-2147459576,321 - Threenarrows Lake,Threenarrows Lake,,-2147483641,2,-32736,6210,,1,9,1,,Body of Water,No,,,,No,,South,Regular Rate,Rocks,Yes,Centre,"Soil, Rock(s)",3,Tree(s),,,None,,No,Good,,Good,"Tents Only, Generator Free",,,,Easy,,,,Partial Shade,,,Weeds Present,,,Privy Box,,,https://reservations.ontarioparks.ca/images/b7cbc136-6592-4249-be38-c129cb4cae06.jpg,https://reservations.ontarioparks.ca/images/c02a9039-04ca-484a-9440-0ae74fef63dc.jpg,https://reservations.ontarioparks.ca/images/3d67e224-0e72-42d1-b4a3-fa68400b6dba.jpg,https://reservations.ontarioparks.ca/images/722ddb53-7636-4d14-b881-fc660502aaad.jpg,https://reservations.ontarioparks.ca/images/eb1e201b-5d02-4fb3-b8e5-4b39738b58dd.jpg,
-2147459575,323 - Threenarrows Lake,Threenarrows Lake,,-2147483641,2,-32736,6230,,1,9,1,,Body of Water,No,,,,No,,North,Regular Rate,Rocks,Yes,Centre,"Soil, Rock(s)",3,"Rock(s), Tree(s)",,,Slight,Yes,No,Good,,Good,"Tents Only, Generator Free",,,,Moderate,,,,Partial Shade - AM Sun,,,Weeds Present,,,Privy Box,,,https://reservations.ontarioparks.ca/images/ae68eda8-6220-48ac-88fb-43ed319333fe.jpg,https://reservations.ontarioparks.ca/images/c6f92d4a-5618-4576-91bd-9aa5cf04f762.jpg,https://reservations.ontarioparks.ca/images/2504a9dd-6c4a-4723-90e8-293066b5b5dd.jpg,https://reservations.ontarioparks.ca/images/290cd61b-2b33-498f-8d5b-7e3d9711f885.jpg,https://reservations.ontarioparks.ca/images/8594acdf-ce20-4738-b933-9b45c215d39b.jpg,
-2147459574,324 - Threenarrows Lake,Threenarrows Lake,,-2147483641,2,-32736,6240,,1,9,1,,Body of Water,No,Split Level Site,,,No,,"East, West",Regular Rate,Rocks,Yes,Centre,Soil,3,"Tree(s), Stumps, Hill",,,None,,No,Good,,Good,"Tents Only, Generator Free",,,,Difficult,,,,Partial Shade,,,Weeds Present,,,Privy Box,,,https://reservations.ontarioparks.ca/images/324e3b50-07c2-45c9-81c3-47a294b08bdf.jpg,https://reservations.ontarioparks.ca/images/766cad7d-4ca8-4fb9-8bd6-a4a42d750fcd.jpg,,,,
-2147475348,H7 Topaz Lake,Topaz Lake,,-2147483640,2,-32736,9070,1,1,6,1,,"Body of Water, Sentier multi-usage",No,,,,No,,,Regular Rate,Rocks,Yes,,Rock(s),,"Rock(s), Tree(s), Hill",,,,,No,,,Good,"Tents Only, Generator Free",,,,,,,,,,,Rock Shoreline,,,,,,,,,,,
-2147459677,121 - Turbid Lake,Turbid Lake,,-2147483641,2,-32736,4210,,1,9,1,,Body of Water,No,,,,No,,East,Regular Rate,Rocks,Yes,Centre,"Soil, Rock(s)",4,"Tree(s), Root(s)",,,None,,No,Good,,Good,"Tents Only, Generator Free",,,,Easy,,,,Partial Shade - AM Sun,,,Rock Shoreline,,,Privy Box,,,https://reservations.ontarioparks.ca/images/e72ca013-4b96-4deb-b946-d48fbededa58.jpg,https://reservations.ontarioparks.ca/images/c08938f4-796a-4397-bb74-3eed5ff4f953.jpg,https://reservations.ontarioparks.ca/images/0de0a1ac-b1b5-4cd3-b945-72abf2a59263.jpg,,,
-2147459676,122 - Turbid Lake,Turbid Lake,,-2147483641,2,-32736,4220,,1,9,1,,Body of Water,No,,,,No,,West,Regular Rate,Rocks,Yes,Front Centre,"Soil, Rock(s)",3,"Tree(s), Root(s)",,,None,,No,Good,,Good,"Tents Only, Generator Free",,,,Easy,,,,Partial Shade - PM Sun,,,"Weeds Present, Rock Shoreline",,,Privy Box,,,https://reservations.ontarioparks.ca/images/58c37111-fad4-47e5-b050-b5e00b1e00f5.jpg,https://reservations.ontarioparks.ca/images/0cbf3571-3be0-4f9f-9db3-e5f03e43e7b5.jpg,,,,
-2147459601,234 - Van Lake,Van Lake,,-2147483641,2,-32736,5340,,1,9,1,,Body of Water,No,,,,No,,West,Regular Rate,Rocks,Yes,Centre,"Soil, Rock(s)",4,"Tree(s), Root(s)",,,Slight,,No,Good,,Good,"Tents Only, Generator Free",,,,Easy,,,,Partial Shade - PM Sun,,,Rock Shoreline,,,Privy Box,,,https://reservations.ontarioparks.ca/images/8dba4ab3-72f8-4c4b-a5a9-34312d3527a8.jpg,https://reservations.ontarioparks.ca/images/c0e280de-0c6a-4985-9929-ef988676f113.jpg,https://reservations.ontarioparks.ca/images/191c41e2-806d-4165-978c-ffda635c3eb0.jpg,,,
-2147459604,231 - Van Winkle Lake,Van Winkle Lake,,-2147483641,2,-32736,5310,,1,9,1,,Body of Water,No,Island Site,,,No,,East,Regular Rate,Rocks,Yes,Centre,"Soil, Rock(s)",4,"Tree(s), Root(s)",,,None,,No,Good,,Good,"Tents Only, Generator Free",,,,Easy,,,,Partial Shade - AM Sun,,,Rock Shoreline,,,Privy Box,,,https://reservations.ontarioparks.ca/images/2b5ae0eb-bc10-463c-8cf0-eef5cb30c6bf.jpg,https://reservations.ontarioparks.ca/images/13288a35-bbc9-4c48-89df-033b8fef2929.jpg,https://reservations.ontarioparks.ca/images/0c70245f-6374-45b1-a57b-0b4e71963463.jpg,,,
-2147459603,232 - Van Winkle Lake,Van Winkle Lake,,-2147483641,2,-32736,5320,,1,9,1,,Body of Water,No,Island Site,,,No,,East,Regular Rate,Rocks,Yes,Centre,Rock(s),4,"Rock(s), Hill",,,Slight,,No,Good,,Good,"Tents Only, Generator Free",,,,Easy,,,,Partial Shade - AM Sun,,,"Weeds Present, Rock Shoreline",,,Privy Box,,,https://reservations.ontarioparks.ca/images/0e381684-1262-4ef3-8c58-e7da9c3ed02c.jpg,https://reservations.ontarioparks.ca/images/26b95625-5bb8-4386-976d-d77e61466ca3.jpg,https://reservations.ontarioparks.ca/images/a2ad3a61-0f88-4b09-92f8-aab8caa31bda.jpg,,,
-2147459602,233 - Van Winkle Lake,Van Winkle Lake,,-2147483641,2,-32736,5330,,1,9,1,,Body of Water,No,,,,No,,West,Regular Rate,Rocks,Yes,Centre,"Soil, Rock(s)",4,"Tree(s), Root(s)",,,None,,No,Good,,Good,"Tents Only, Generator Free",,,,Easy,,,,Partial Shade - PM Sun,,,"Weeds Present, Rock Shoreline",,,Privy Box,,,https://reservations.ontarioparks.ca/images/cd28feab-f5b0-4bb0-8bf1-fcfc45cef8c3.jpg,https://reservations.ontarioparks.ca/images/b8b61667-2626-4c69-b953-79fb58564521.jpg,https://reservations.ontarioparks.ca/images/c2d2bdb6-d08e-4a8a-b64c-563e83878204.jpg,,,
-2147475164,H51 Wagon Road Lake,Wagon Road Lake,,-2147483640,2,-32736,9510,1,1,6,1,,"Body of Water, Sentier multi-usage",No,,,,No,,"North, East",Regular Rate,Rocks,Yes,Back Centre,"Soil, Rock(s)",,"Rock(s), Tree(s), Root(s)",,,None,,No,Average,,Average,"Tents Only, Generator Free",,,,Easy,,,,Partial Shade,,,"Weeds Present, Rock Shoreline",,,Privy Box,,,,,,,,
-2147475293,H52 Wagon Road Lake,Wagon Road Lake,,-2147483640,2,-32736,9520,1,1,6,1,,"Body of Water, Sentier multi-usage",No,,,,No,,,,Rocks,Yes,Centre,"Soil, Rock(s)",,"Rock(s), Tree(s), Root(s)",,,,,No,Poor,,Average,"Tents Only, Generator Free",,,,Easy,,,,Partial Shade,,,"Weeds Present, Rock Shoreline",,,Privy Box,,,,,,,,
-2147457405,Walker Lake Access Point,Walker Lake,Walker Access Point.,-2147483641,3,-32736,8,,1,9,,,,No,,,,No,,,,,,,,,,,,,,,,,,,,,,,,,,,,,,,,,,,,,,,,
-2147459563,411 - Walker Lake,Walker Lake,,-2147483641,2,-32736,7110,,1,9,1,,Body of Water,No,Island Site,,,No,,"North, West",Regular Rate,Rocks,Yes,Centre,"Soil, Rock(s)",3,"Tree(s), Root(s)",,,Slight,,No,Good,,Good,"Tents Only, Generator Free",,,,Easy,,,,Partial Shade - PM Sun,,,"Weeds Present, Rock Shoreline",,,Privy Box,,,https://reservations.ontarioparks.ca/images/7913609e-f0a8-4b59-bd51-9a58adbcda17.jpg,https://reservations.ontarioparks.ca/images/aca21bbe-2b3f-4f7a-bded-06317dee20d9.jpg,https://reservations.ontarioparks.ca/images/0fcd8090-1834-4494-879c-cccf2bd700ca.jpg,https://reservations.ontarioparks.ca/images/e28be50b-d54f-458d-9a66-f2c6fcffb9d8.jpg,https://reservations.ontarioparks.ca/images/685fd42a-ca1e-40f8-8bc4-6e9efabefbea.jpg,
-2147459562,412 - Walker Lake,Walker Lake,,-2147483641,2,-32736,7120,,1,9,1,,Body of Water,No,,,,No,,"North, West",Regular Rate,Rocks,Yes,Centre,"Soil, Rock(s)",4,"Tree(s), Root(s)",,,Slight,,No,Good,,Good,"Tents Only, Generator Free",,,,Easy,,,,Partial Shade - PM Sun,,,"Weeds Present, Rock Shoreline",,,Privy Box,,,https://reservations.ontarioparks.ca/images/cb97470b-8d5a-4d60-a3f5-6ced05a82525.jpg,https://reservations.ontarioparks.ca/images/cdf6121a-e441-4bc9-a510-fd9ddd56fff1.jpg,https://reservations.ontarioparks.ca/images/a2b27a06-90d4-4600-a93f-78188f0edd8d.jpg,https://reservations.ontarioparks.ca/images/ce279ec6-46fa-4bca-825a-0d9b481fb624.jpg,,
-2147459556,410 - Walker Lake,Walker Lake,,-2147483641,2,-32736,7180,,1,9,1,,Body of Water,No,,,,No,,"South, West",Regular Rate,Rocks,Yes,Centre,"Soil, Rock(s)",4,"Tree(s), Root(s)",,,Slight,,No,Good,,Good,"Tents Only, Generator Free",,,,Easy,,,,Partial Shade - PM Sun,,,"Weeds Present, Rock Shoreline",,,Privy Box,,,https://reservations.ontarioparks.ca/images/8e68cc5e-c1ba-41eb-b76a-db412e6db191.jpg,https://reservations.ontarioparks.ca/images/699b0379-eb58-433c-8514-679092011af2.jpg,https://reservations.ontarioparks.ca/images/49d094a8-ef58-40fb-8f1d-6df7ba591c77.jpg,https://reservations.ontarioparks.ca/images/1fe4e823-7cdc-40e1-a86c-d60c8d8b2b3c.jpg,https://reservations.ontarioparks.ca/images/0513fde8-6777-4d54-9e8e-800d3cfd599f.jpg,
-2147459127,DVP - Walker Lake,Walker Lake,This permit is valid only from 8:00 am to the posted day-use closing time.  This permit is not transferrable between other locations in the park including The Crack and Chikanishing Access Points.,-2147483585,2,-31568,10090,1,,,5,,,,,,,,,,,,,,,,,,,,,,,,,,,,,,,,,,,,,,,,,,https://reservations.ontarioparks.ca/images/0f45b513-bab2-4091-8c9e-05f259aef738.png,,,,,
-2147459105,DVP InPark - Walker Lake,Walker Lake,,-2147483586,2,-31568,11090,1,,,999,,,,,,,,,,,,,,,,,,,,,,,,,,,,,,,,,,,,,,,,,,,,,,,
-2147475215,Out of Park - West,West,,-2147483641,2,-32364,8030,,1,9,999,,,No,,,,No,,,,,Yes,,,,,,,,,,,,,,,,,,,,,,,,,,,,,,,,,,,
-2147459572,326 - York Lake,York Lake,,-2147483641,2,-32736,6260,,1,9,1,,Body of Water,No,,,,No,,South,Regular Rate,Rocks,Yes,Front Centre,Rock(s),4,"Rock(s), Tree(s)",,,None,,No,Good,,Good,"Tents Only, Generator Free",,,,Easy,,,,Partial Shade,,,"Weeds Present, Rock Shoreline, Soft Bottom",,,Privy Box,,,https://reservations.ontarioparks.ca/images/ed06cd94-7bbb-4abd-912a-8bf692928473.jpg,https://reservations.ontarioparks.ca/images/e1e94a3d-47a6-44e5-b883-3239e39e1b37.jpg,https://reservations.ontarioparks.ca/images/69c98287-59b1-4620-ab3f-d2b57e1af885.jpg,,,
